case,sim_time,cmd_vx,cmd_vy,cmd_wz,gt_x,gt_y,gt_yaw,gt_vx,gt_vy,gt_wz,imu_wz,steer_front_actual,steer_rear_actual,wheel_front_actual,wheel_rear_actual,encoder_wz,steer_front_command,steer_rear_command,wheel_front_command,wheel_rear_command,FL_swivel_position,FL_swivel_velocity,FL_roll_velocity,FL_desired_heading,FL_heading_error_signed,FL_heading_error,FL_contact_count,FL_normal_metric,FL_tangential_metric,FR_swivel_position,FR_swivel_velocity,FR_roll_velocity,FR_desired_heading,FR_heading_error_signed,FR_heading_error,FR_contact_count,FR_normal_metric,FR_tangential_metric,RL_swivel_position,RL_swivel_velocity,RL_roll_velocity,RL_desired_heading,RL_heading_error_signed,RL_heading_error,RL_contact_count,RL_normal_metric,RL_tangential_metric,RR_swivel_position,RR_swivel_velocity,RR_roll_velocity,RR_desired_heading,RR_heading_error_signed,RR_heading_error,RR_contact_count,RR_normal_metric,RR_tangential_metric,elapsed_sim_time
yaw-,3.8000000000000003,0.0,0.0,-0.2,0.0014488974717843418,-2.1631800095336592e-06,0.0002502752912529661,-0.0009140833266883782,0.00036881873085512466,-0.019624793042747942,-0.019613791149990484,1.3498670975664595e-05,1.5723717710081075e-05,0.0056740342339779495,-0.015764432844156025,3.649747432932675e-08,0.0,0.0,0.0,0.0,0.0006718559772584953,-0.00042763469720006816,0.0755622227493411,-1.2745159262194907,1.275187782196749,1.275187782196749,21,2579.0256326140197,105.48489046274449,0.00043754019307584713,-0.0006223941254048376,-0.10377161736236656,-2.0319311385380763,-1.109223974858641,1.109223974858641,20,2541.2564658525616,88.77532723052417,0.0005483386280928926,-0.0006206268342026297,0.07921861260651437,1.2946748246404185,-1.2941264860123256,1.2941264860123256,20,2194.8131603518746,90.31567119417156,-0.004598953763246705,0.00024024727602787663,-0.10418108411249159,2.00293199888584,1.1340617009407064,1.1340617009407064,20,2279.876843352149,76.95502948873643,0.0
yaw-,4.0,0.0,0.0,-0.2,0.0014276433054526971,-9.788245995226083e-06,0.00024587948130679933,-0.001523713852605149,0.0002812429013819322,-0.019634751352298415,-0.02137383445338696,0.2001890020719168,0.2002090440097266,-0.02670678842725749,0.011225805754530613,-0.0008485013223780584,0.4004000000000003,0.4004000000000003,-0.8890133333333332,0.8890133333333332,0.000922345843845207,-0.00043040309389377057,0.05359506262985577,-1.3359552371274312,1.3368775829712765,1.3368775829712765,20,2419.723931970693,98.87367600003229,0.0008207359769647482,-0.0004440944937911945,-0.12294093280674821,-2.0779025920904743,-1.062869325522354,1.062869325522354,20,2522.4223791849054,86.89519232401472,0.0006406698816050493,-0.0005311356998756976,0.05157080829296049,1.3484754497269182,-1.3478347798453132,1.3478347798453132,20,2216.319317054622,89.89145432011134,-0.004814389619079762,0.00014260915618602085,-0.10870598885971958,2.054179853407486,1.0825984105632274,1.0825984105632274,20,2324.7928615336828,77.47357772200112,0.19999999999999973
yaw-,4.1000000000000005,0.0,0.0,-0.2,0.0013233289060148798,-5.614810451135509e-05,0.00020588060827832,-0.0012179660673578934,0.00030859438318798577,-0.01821871995262156,-0.01928010529387934,0.6003892728886457,0.60041294402577,-0.05618282545870501,0.04576562301798739,-0.006478875571649609,0.6006000000000005,0.6006000000000005,-0.8890133333333332,0.8890133333333332,0.0008775494088428815,-0.000268016709253506,0.044256626084490255,-1.3140278908938003,1.3149054403026432,1.3149054403026432,18,2107.6144147482028,81.05707481334088,0.0008267945799209642,-0.0001755741694862735,-0.10514727661249015,-2.063227510386836,-1.0775383486230363,1.0775383486230363,18,2273.9834611391693,73.06518512654887,0.0007623889992762756,-0.00039831359538704605,0.03927406010806274,1.3300362903493468,-1.3292739013500705,1.3292739013500705,20,2222.056976472213,84.87976845781952,-0.004913312259461122,0.00010461246712221983,-0.09841143607479053,2.0357968857506576,1.1008824555796743,1.1008824555796743,20,2409.452181738652,74.48355402595801,0.30000000000000027
yaw-,4.300000000000001,0.0,0.0,-0.2,0.0010053395443842747,-0.00033901100005678114,0.0001651428771021914,-0.001654077239995045,0.0011277422484137665,-0.015482921595214626,-0.016712769487751966,0.8007880226647153,0.8008154748871288,-0.060184986531144916,0.03930107762021791,-0.008033882080288574,1.0009999999999994,1.0009999999999994,-0.8890133333333332,0.8890133333333332,0.000711734085864002,-0.00013429509380072716,0.04165651394734641,-1.3695430527953953,1.3702547868812593,1.3702547868812593,22,2465.7108329377984,77.88583561951575,0.00053867896552795,0.0004362382436824373,-0.08590717624474736,-2.180463685964338,-0.9605902886599273,0.9605902886599273,17,2202.8994964607214,55.18453112589442,0.0007571841471687435,-4.8837407000732955e-05,0.030365421747561884,1.4193821948477945,-1.4186250107006257,1.4186250107006257,21,2275.1038789475524,69.04230031023882,-0.004997085132377954,-7.505094738528319e-05,-0.07582539445713607,2.0521620009464723,1.0844335675109429,1.0844335675109429,21,2717.2307810070165,61.66526067409239,0.5000000000000004
yaw-,4.5,0.0,0.0,-0.2,0.0006698489708159804,-0.001015600769284872,2.0644413250256085e-05,-0.001296114506386918,0.0020846049613892823,-0.01016568043532922,-0.005941579379553861,1.2011882506917617,1.2012216486589748,-0.041693017723182624,0.03976059838444788,-0.008543567208694635,1.4014000000000006,1.4014000000000006,-0.8890133333333332,0.8890133333333332,0.0008747858411970455,0.00012584719276530036,0.049562257983858084,-1.3494338565370911,1.3503086423782884,1.3503086423782884,12,1260.1368627174998,30.801359449357896,0.0005137495963349892,0.000747283420627954,-0.09143320143939851,-2.39242659956542,-0.7486523044280382,0.7486523044280382,17,2349.684381572352,40.51467693026849,0.0010496704111586652,0.00011675475809235641,0.04913110628685854,1.4760178100678665,-1.4749681396567078,1.4749681396567078,17,1755.3953549442454,41.12665097246456,-0.004764870106640728,-0.00024080790595965712,-0.09114599588501411,1.9971239674777805,1.1397038160053716,1.1397038160053716,17,2357.549597611936,34.46904568034425,0.6999999999999997
yaw-,4.6000000000000005,0.0,0.0,-0.2,0.0005438173599145411,-0.0015289895403986543,-0.0007097924985201,-0.0005369280168351518,0.0018458860899776856,-0.0032110413032391226,-0.006366166168035609,1.4013889642358413,1.4014260414903026,-0.031044721063722386,0.03190752199965275,-0.006979790949310781,1.5707963267948966,1.5707963267948966,-0.8890133333333332,0.8890133333333332,0.0014732257850438302,0.0004416332069084967,0.05102711158637564,1.1922093895047263,-1.1907361637196825,1.1907361637196825,22,2283.5446027302046,53.93372636401479,0.0011577857359119648,0.0008204709874066653,-0.08876063676362093,2.9510731223625966,0.19167731696310852,0.19167731696310852,23,3269.2402675942762,45.345552304440346,0.0018613298875909123,0.00015332788817721058,0.06694407643117842,1.545069915579735,-1.543208585692144,1.543208585692144,21,2143.470210057987,51.679056481815294,-0.004021527979828576,-0.00024280039448896715,-0.09712893615222436,1.8944301807759834,1.2431409448339812,1.2431409448339812,21,3042.6848380247675,28.286225512597362,0.8000000000000003
yaw-,4.800000000000001,0.0,0.0,-0.2,0.00011526368870970125,-0.002923138613052958,-0.009134988135688003,-0.003089131205538603,0.0025007786445514876,-0.06981569444634059,-0.06834654961142474,1.5708109548786302,1.570845316019585,-0.3879136056421327,0.30098131680232043,-0.07748983015347888,1.5707963267948966,1.5707963267948966,-0.8890133333333332,0.8890133333333332,0.010268473754265983,0.00021757952793559354,0.22638444576596575,-1.2599040901744862,1.2701725639287522,1.2701725639287522,21,2118.7137386544573,109.41983443758693,0.010553016334214682,0.0005181045015370811,-0.40697672871962387,-2.042352696917951,-1.0886869403376274,1.0886869403376274,21,3058.75342686329,133.77496340699602,0.011520657140782653,0.00011511405882683179,0.24884574186425718,1.2989478828541356,-1.287427225713353,1.287427225713353,23,2325.782739335484,133.26401113142376,0.005749813361322076,-0.00021406072423162115,-0.38932723375576245,1.9872940537537882,1.1600484131973268,1.1600484131973268,23,3355.5569870977033,171.35818295953345,1.0000000000000004
yaw-,4.9,0.0,0.0,-0.2,-0.00023451435141325083,-0.003646353501914267,-0.016013906699694637,-0.003506005629497418,0.0024920325616528726,-0.07858263864385917,-0.07947714734379704,1.5708126306841166,1.5708475536100535,-0.4886804535117271,0.36032564130747946,-0.09549981563247752,1.5707963267948966,1.5707963267948966,-0.8890133333333332,0.8890133333333332,0.017046326074138918,0.00019790713908050817,0.24217733397580282,-1.2631409075140274,1.2801872335881663,1.2801872335881663,19,1908.9441336716475,138.8337276578263,0.016883152824100023,0.0005246163382303798,-0.4495834377990861,-2.0394543029923633,-1.0852551977733298,1.0852551977733298,19,2758.5451909259705,226.18979862539572,0.017661420874637734,0.0001004445394277853,0.27800174300426683,1.2976061430229548,-1.2799447221483171,1.2799447221483171,22,2217.5034356597253,179.28757649603568,0.012890310724406717,-0.00021718674472176458,-0.41842174151479566,1.9906946777425962,1.1637882865716036,1.1637882865716036,11,1599.5904753063191,153.4122031012268,1.1
yaw-,5.1000000000000005,0.0,0.0,-0.2,-0.0010210362590609458,-0.0050768453547282225,-0.031300540174553186,-0.003435592561540471,0.0034624299017782956,-0.07797025165471456,-0.08117398996571366,1.5708039194787373,1.5708435968948606,-0.5849410984526484,0.419834712815712,-0.11302145570922605,1.5707963267948966,1.5707963267948966,-0.8890133333333332,0.8890133333333332,0.03233147735981312,0.0001795820234755663,0.226032035087333,-1.2541226821622897,1.286454159522103,1.286454159522103,25,2471.5466587690526,313.2763231788544,0.03231057045988894,0.0005325337988638656,-0.4512593997482744,-2.049554019998266,-1.0597280631316384,1.0597280631316384,26,3706.38694755656,701.0239685308949,0.03353478853259073,8.609896562157549e-05,0.28756578516902126,1.3026836312666252,-1.2691488427340345,1.2691488427340345,26,2585.6504632905276,359.54485849538156,0.02813839508453242,-0.00022179349331756526,-0.38468776472404725,1.9812148253555608,1.1885162233187647,1.1885162233187647,19,2722.281480953186,509.5525351017116,1.3000000000000003
yaw-,5.2,0.0,0.0,-0.2,-0.00141262465862705,-0.005724459487231541,-0.038843004549719964,-0.0031730873199077346,0.004305038762598665,-0.07305663361801204,-0.07670869305641892,1.5707974201438324,1.5708399884928177,-0.6037280720932738,0.43593006228385023,-0.1169451677471557,1.5707963267948966,1.5707963267948966,-0.8890133333333332,0.8890133333333332,0.04006617348966657,0.0001765617312806389,0.20553383978961787,-1.2432546264714457,1.2833207999611123,1.2833207999611123,19,1858.8797130617595,280.739164215041,0.04056612884816069,0.0005323471580730155,-0.4232290836863935,-2.0616745227078455,-1.039352002033787,1.039352002033787,19,2671.688720576132,645.4100581217855,0.041255423748315145,8.68619195910636e-05,0.2768964326507328,1.3082313153503062,-1.266975891601991,1.266975891601991,20,1964.1109820840043,345.6012329162506,0.035832230579720736,-0.0002227834676918894,-0.3478333493710955,1.970809212959102,1.206615671210412,1.206615671210412,20,2835.3890978038585,652.1966929109025,1.4
yaw-,5.4,0.0,0.0,-0.2,-0.0020902110979355293,-0.006730206459123526,-0.05185388243356318,-0.002544134452664959,0.00618531568788118,-0.06076701693973747,-0.06255726493010846,1.5707894760414076,1.570832210219165,-0.6114371709864936,0.4578545034592154,-0.12027847435395675,1.5707963267948966,1.5707963267948966,-0.8890133333333332,0.8890133333333332,0.05293503301207192,0.00018057249411124882,0.1682244404298368,-1.2078396557117765,1.2607746887238482,1.2607746887238482,12,1148.7975822615665,219.69841436514253,0.053078950584602325,0.0005282660991560509,-0.3539666806305352,-2.1019363647527354,-0.9865773382524554,0.9865773382524554,11,1498.2610964097514,505.2816308526322,0.05374520154296469,9.599071180236424e-05,0.24651956824781124,1.3235913605385163,-1.2698461589955516,1.2698461589955516,12,1152.9137350325484,261.3273003403826,0.048033161746729114,-0.00022340770694029288,-0.27323361167583765,1.9429669886714571,1.2466588266650653,1.2466588266650653,12,1663.9167012587413,499.8060640620838,1.6
yaw-,5.5,0.0,0.0,-0.2,-0.0023748064529106987,-0.007097283901471227,-0.05734380965635951,-0.0022315404569453754,0.007060997235932736,-0.05463944969188197,-0.05347220354795365,1.570784701103582,1.5708292706433138,-0.6089234083592261,0.4643399183145183,-0.12072522268664374,1.5707963267948966,1.5707963267948966,-0.8890133333333332,0.8890133333333332,0.058232671870197095,0.0001827165187238758,0.1528671904448506,-1.1814880074409726,1.2397206793111697,1.2397206793111697,20,1897.7644932690112,388.18288024623763,0.05783943367122202,0.0005254322068145301,-0.32074132374933895,-2.1312769961029896,-0.9524762238155815,0.9524762238155815,20,2688.0171139264817,997.7642569334923,0.058547492113076416,0.00010128010885666894,0.22948759647932299,1.3323553701047488,-1.2738078779916724,1.2738078779916724,20,1897.3623606494853,476.542888745663,0.05339675496700558,-0.00022298703281811716,-0.23548700763539068,1.9268068892661063,1.2681825192906926,1.2681825192906926,20,2739.357731691796,912.6386843597018,1.6999999999999997
yaw-,5.7,0.0,0.0,-0.2,-0.0028590059188474647,-0.00762738473926888,-0.0667991685084204,-0.0016419532685709383,0.008536708014763816,-0.04301697291873342,-0.044817543129590555,1.570775935238344,1.5708237861307417,-0.5995690729974359,0.4749646939778391,-0.12086812721274012,1.5707963267948966,1.5707963267948966,-0.8890133333333332,0.8890133333333332,0.06773621663350582,0.04068565668730462,0.1238560803021578,-1.097914414311951,1.165650630945457,1.165650630945457,19,1758.475076484466,414.1408018131653,0.06774940127860773,0.0005362876256913701,-0.2437675965866689,-2.2210630725318876,-0.8527801797792978,0.8527801797792978,19,2458.516760405023,1122.20904355552,0.0685015584757167,9.061761707544747e-05,0.19235442756709642,1.351439399425941,-1.2829378409502243,1.2829378409502243,19,1750.020903195966,524.05921338306,0.062969068666062,-0.00023075526975046418,-0.1696414081824843,1.890865615793506,1.3136961064623494,1.3136961064623494,19,2532.7203673853223,1001.5902657913721,1.9
yaw-,5.800000000000001,0.0,0.0,-0.2,-0.0030426492378298163,-0.0077917195797684476,-0.0704498468931286,-0.0014147880699028588,0.009099974661261463,-0.03805031986101336,-0.03671000337385099,1.5707730691652104,1.5708219796938803,-0.5935985272002383,0.47798167776550726,-0.12053589799717238,1.5707963267948966,1.5707963267948966,-0.8890133333333332,0.8890133333333332,0.0712913239571753,0.0001362204983236734,0.1127418760223987,-1.0350593775300407,1.1063507014872158,1.1063507014872158,22,2019.8891632364766,492.7681744753522,0.07081186563829966,0.0005632855790012187,-0.2168391108186089,-2.288706956411945,-0.7820738315395483,0.7820738315395483,19,2420.924720896655,1180.769587669154,0.0718264322598765,6.573229803198688e-05,0.17695366620861921,1.3618162962142635,-1.289989863954387,1.289989863954387,19,1733.3863985876778,543.2838386023578,0.06626694355650997,-0.00023900191311953395,-0.1445332319767334,1.873232049473255,1.334627547673048,1.334627547673048,19,2511.563578575494,1036.9769532981575,2.0000000000000004
yaw-,6.0,0.0,0.0,-0.2,-0.0033530611146299315,-0.008009519628879644,-0.07675920180699229,-0.001017091172327831,0.00998372738475585,-0.029504473029915327,-0.03045734164771078,1.5707686837811883,1.5708192572593322,-0.5812514580803372,0.48149586940523464,-0.11954233837552952,1.5707963267948966,1.5707963267948966,-0.8890133333333332,0.8890133333333332,0.07752165953960244,5.3053239723262896e-05,0.09403609410871204,-0.8040185355543575,0.8815401950939599,0.8815401950939599,19,1708.3532836350082,448.92844340674696,0.07710693060248719,0.000632212874392489,-0.16174659716429546,-2.513564014520798,-0.5509217084665075,0.5509217084665075,20,2473.422063059775,1345.7985230251888,0.07822869558215739,-1.2612405259668225e-05,0.14795929005515318,1.382707864595969,-1.3044791690138116,1.3044791690138116,20,1776.9457907586775,618.93864604641,0.07267126432741833,-0.0002666929475627043,-0.09984768777928714,1.8364519695090857,1.3778119484081257,1.3778119484081257,19,2457.659168827338,1118.7430721733865,2.1999999999999997
yaw-,6.1000000000000005,0.0,0.0,-0.2,-0.003487645409727416,-0.008083123928026428,-0.07956176791487737,-0.0008372622366783436,0.010245941446455582,-0.025829537996981768,-0.024710641782133544,1.570767269656109,1.5708184324967736,-0.5795105861295702,0.4826302066229344,-0.11947411276808047,1.5707963267948966,1.5707963267948966,-0.8890133333333332,0.8890133333333332,0.0803213389441666,2.6697424841626294e-05,0.0862989244657516,-0.5877239679699667,0.6680453069141334,0.6680453069141334,23,2046.7110776619365,553.9417408449526,0.07979286741775926,0.0006562440803077919,-0.13668221621086582,-2.697059400600897,-0.3647403855711371,0.3647403855711371,20,2439.22738686538,1387.7142590603803,0.08063251671837524,-3.052478547026227e-05,0.1365228477431254,1.3923988356666768,-1.3117663189483015,1.3117663189483015,18,1583.8292857595768,569.6475079309942,0.07488657395224863,-0.0002736388201026452,-0.0844358658403144,1.817857419056189,1.3986218084858528,1.3986218084858528,17,2182.423732684025,1022.5553327526457,2.3000000000000003
yaw-,6.300000000000001,0.0,0.0,-0.2,-0.00367651014359403,-0.008167834712238642,-0.08358439219335971,-0.0005821866557283933,0.010632682896837935,-0.02038289943939292,-0.01949912491403891,1.5707656479790133,1.570817610827814,-0.5747206912201133,0.4834375269568813,-0.11902613584314818,1.5707963267948966,1.5707963267948966,-0.8890133333333332,0.8890133333333332,0.08435824670711156,-4.9695825721451925e-05,0.07504744178624752,0.0996893173960385,-0.015331070688926918,0.015331070688926918,20,1748.3323579807645,494.89579465674916,0.08386042081984346,0.0007078306946286597,-0.10220684728006522,3.0672664293429173,0.1581866450667193,0.1581866450667193,19,2268.799587100769,1372.7224743446443,0.08450971129759921,-7.430826454407971e-05,0.11723738007271386,1.4100770906735092,-1.32556737937591,1.32556737937591,23,1983.0013476073232,757.6484266502351,0.07917913707751012,-0.00029940362458442255,-0.057716334444061455,1.7852088598963374,1.435562930770966,1.435562930770966,21,2650.381302241726,1316.5010959076483,2.5000000000000004
yaw-,6.4,0.0,0.0,-0.2,-0.003765788274298413,-0.008212769024246306,-0.0855024255482243,-0.0005460785738185476,0.010435189944390485,-0.01963237394499001,-0.02126749479387683,1.570765964189965,1.5708181425692977,-0.5872093383130019,0.48606789577539755,-0.12072678704129625,1.5707963267948966,1.5707963267948966,-0.8890133333333332,0.8890133333333332,0.08631090310417111,-4.866842256763537e-05,0.07310754314853832,0.1573727477480155,-0.07106184464384446,0.07106184464384446,20,1731.1843031170351,500.74008203225117,0.085899017614671,0.000716309951663708,-0.097476413163551,3.0230846144115615,0.2044070567929026,0.2044070567929026,20,2355.621321490153,1476.240801229404,0.0866341450423258,-7.793369884789153e-05,0.11501237249589487,1.4108807767790126,-1.3242466317366868,1.3242466317366868,20,1708.3156815064376,669.771933323863,0.08093535260238038,-0.00030359982246363354,-0.05456077537319765,1.7825368200768148,1.4399911861153587,1.4399911861153587,22,2756.876114980896,1400.0321338536953,2.6
yaw-,6.6000000000000005,0.0,0.0,-0.2,-0.0039273378987947395,-0.008367090154764447,-0.08883395832655111,-0.0004921735355402966,0.010028939427505277,-0.01855075772467769,-0.019990587903133968,1.570766783757235,1.5708194469008836,-0.6121876774721919,0.4895991385077764,-0.12393366603972465,1.5707963267948966,1.5707963267948966,-0.8890133333333332,0.8890133333333332,0.0896223062752135,-5.329989944888314e-05,0.07005524906577011,0.20837384130723724,-0.11875153503202363,0.11875153503202363,18,1533.075557502558,457.74933314530665,0.08928423869081659,0.0008001418224090305,-0.09092309646665817,2.9821603722362537,0.24871652004435596,0.24871652004435596,18,2075.164528823504,1371.4152959964931,0.08999385814390326,-7.951509725709696e-05,0.11126745173186257,1.4110508217615159,-1.3210569636176126,1.3210569636176126,21,1758.1432924864323,725.392213134817,0.08443994047799741,-0.00031174230962010413,-0.04869817281211006,1.7795746004988224,1.446457993568968,1.446457993568968,14,1730.618872954285,916.3685893544828,2.8000000000000003
yaw-,6.7,0.0,0.0,-0.2,-0.004015710650386854,-0.008492008740512176,-0.09057973145230318,-0.0004521443990279936,0.009808478943555542,-0.018015640518768895,-0.020547294029963862,1.5707672566754622,1.570820275376028,-0.6266797015660447,0.49114666573598065,-0.12573786297502693,1.5707963267948966,1.5707963267948966,-0.8890133333333332,0.8890133333333332,0.09144772590759231,-2.082489490968023e-05,0.0686243420816746,0.22810669939933023,-0.13665897349173783,0.13665897349173783,17,1435.9149944440446,435.4808377627079,0.09110179565071608,0.000790938732779068,-0.08761858353271562,2.9642704008456287,0.26842404839488054,0.26842404839488054,16,1823.5887882974548,1238.636869567609,0.09172717215393433,-5.570227288212437e-05,0.10952775159286358,1.4102909486021336,-1.3185637764481992,1.3185637764481992,16,1329.322567622547,558.8468546823956,0.08598988331768798,-0.00031031084031591175,-0.04616696026976077,1.777527872700253,1.450054664207228,1.450054664207228,27,3315.1529546793663,1791.129101332712,2.9
yaw-,6.9,0.0,0.0,-0.2,-0.004180374632619669,-0.008772234835344655,-0.0936732722930885,-0.000774805672992536,0.009696238378600702,-0.017016842066210108,-0.01992837709207014,1.5707673142991627,1.5708209731035891,-0.6585230937745926,0.5001829531418639,-0.13033618316418877,1.5707963267948966,1.5707963267948966,-0.8890133333333332,0.8890133333333332,0.09442744664404845,-9.420636144584493e-06,0.06360892484750207,0.4090928817618444,-0.314665435117796,0.314665435117796,22,1895.0807765637826,588.3151685581472,0.09396163237437971,0.0007042436089633661,-0.0861957531775421,2.878427670697919,0.357126615266254,0.357126615266254,20,2269.128983441826,1618.629080656215,0.09487562699876495,0.0001483354578152435,0.10338833975775673,1.432616706646878,-1.337741079648113,1.337741079648113,20,1645.701796550073,723.3461172900793,0.08919778642338816,-0.00023994920911267134,-0.04904316072698027,1.7909602414608494,1.4398301985523316,1.4398301985523316,20,2422.5281284493535,1357.8552278229306,3.1
yaw-,7.0,0.0,0.0,-0.2,-0.004266101642893549,-0.008913693615834767,-0.09526025777884382,-0.000861114373443358,0.009517973310037592,-0.01691668844463958,-0.018089565440019776,1.5707681951859254,1.5708217375176527,-0.6611867193953249,0.5043314346055096,-0.131102437936032,1.5707963267948966,1.5707963267948966,-0.8890133333333332,0.8890133333333332,0.09604569233469551,0.001011383904996544,0.06055370943658353,0.38050273317470973,-0.2844570408400142,0.2844570408400142,20,1715.859350358969,540.7832591976799,0.09579011276422822,-3.786472955683712e-05,-0.0871922082429982,2.91135564817981,0.32602711817421115,0.32602711817421115,15,1681.4201881804865,1233.4440990965352,0.09649046593542732,0.00103177147659805,0.10008647021804142,1.4366392333647673,-1.34014876742934,1.34014876742934,15,1226.2757814602094,549.2238926886272,0.0907205533656974,-1.9370473934157e-05,-0.04914394445978776,1.7971729226594382,1.4351402842960521,1.4351402842960521,15,1808.0988061697992,1031.2792447662212,3.1999999999999997
yaw-,7.2,0.0,0.0,-0.2,-0.004428533924200336,-0.00926215570302306,-0.09808378303734457,-0.00096025287610289,0.009012159226898098,-0.015842640765335432,-0.016413585970471628,1.5707694118739166,1.5708228013093484,-0.6842175379928529,0.5026928994387316,-0.13350873294074195,1.5707963267948966,1.5707963267948966,-0.8890133333333332,0.8890133333333332,0.09888320583501908,0.001979818797747269,0.05434183657814762,0.4435714041695051,-0.34468819833448605,0.34468819833448605,20,1697.1543533744189,545.6651171599593,0.09837902678287058,-0.0007593025051995522,-0.0845583276831115,2.8967921009830815,0.3431795793895822,0.3431795793895822,20,2205.315574184538,1678.0176269150527,0.09897539974126168,0.0017414315363374414,0.09301395962576213,1.4462980660616616,-1.3473226663203999,1.3473226663203999,22,1779.3608616249112,823.1079633339372,0.09340300045362415,0.00022212761673833133,-0.04782081188768657,1.8044798020328858,1.4305158520105312,1.4305158520105312,22,2627.413626245277,1545.5488660484823,3.4
yaw-,7.300000000000001,0.0,0.0,-0.2,-0.004513234444919804,-0.009477413554741673,-0.09947428221807107,-0.0010155695383324223,0.008850762498542239,-0.01543571384373531,-0.018131885380491475,1.5707699875174885,1.5708233096376985,-0.6982986398153987,0.5030122578926705,-0.1351285579461946,1.5707963267948966,1.5707963267948966,-0.8890133333333332,0.8890133333333332,0.10026005814625272,0.0022588010353033153,0.051726151358653855,0.4868487131902224,-0.38658865504396966,0.38658865504396966,13,1097.7562869135738,356.5520772245484,0.09978034464637897,-0.001012184889352041,-0.08372583789734883,2.8851110662048516,0.3562619320313205,0.3562619320313205,19,2070.37708884264,1616.9591850192166,0.1005533635218292,2.418444392151154e-05,-0.34120559142896234,1.4515510593198326,-1.3509976957980034,1.3509976957980034,21,1638.1516315866695,758.9021058449789,0.09502247734548863,-0.0004220888483933132,-0.250923656267982,1.8080754840948763,1.4285396468404055,1.4285396468404055,21,2434.584755713785,1466.8318170926714,3.5000000000000004
yaw-,7.500000000000001,0.0,0.0,-0.2,-0.004911868685474979,-0.009668045724280924,-0.10364362524586118,-0.009176559808172863,0.010936989744809642,-0.020613123143031823,-0.021369426871963595,1.5707942467237697,1.5708089042133162,-1.00719787419769,0.5572263830110809,-0.17597309269780556,1.5707963267948966,1.5707963267948966,-0.8890133333333332,0.8890133333333332,0.10479880842041656,-0.0004966750255450958,-0.021824436290271518,3.0396854123839168,0.2067060496262929,0.2067060496262929,10,842.3623532358258,267.09340870455685,0.10421320248229193,-8.944283522672666e-05,-0.29655273470668647,3.101650448836272,0.1441554072358131,0.1441554072358131,23,2387.5907963645386,2012.24379512523,0.10527050453684517,-0.0005436230869150377,-0.028162139101720787,1.8078384852292684,1.4390246728973697,1.4390246728973697,23,1992.706451107268,947.892422080783,0.09949851479335603,2.688387183480412e-06,-0.2542811411999283,2.1244786100165087,1.1166125583666404,1.1166125583666404,20,2417.6379201505206,1539.9385267095067,3.7000000000000006
yaw-,7.6000000000000005,0.0,0.0,-0.2,-0.005007309274752982,-0.009614152368494437,-0.10564568503932024,-0.009211614631260748,0.011369492796840297,-0.02131040585511968,-0.01790580985247815,1.5707943590916686,1.570808275930907,-1.0248840424559347,0.5775367229446005,-0.18024710150848738,1.5707963267948966,1.5707963267948966,-0.8890133333333332,0.8890133333333332,0.106725777440829,-0.00048373987670720375,-0.038547744312039264,3.021967280214428,0.22635115081619395,0.22635115081619395,20,1684.1220636245782,542.1040370113876,0.10608429742134096,-9.231105703974563e-05,-0.2994322383750817,3.09615889277915,0.15151805823198394,0.15151805823198394,20,2056.9693563816923,1772.618611269392,0.10692239245620083,-0.0005678366211105436,-0.025281660817308538,1.7954007646874062,1.4531142813585878,1.4531142813585878,20,1724.098714522874,840.9659005469771,0.10126025050603715,6.9804717493099355e-06,-0.25425706116605545,2.114147514305885,1.1287053897899453,1.1287053897899453,20,2405.6091887372845,1555.7526147726026,3.8000000000000003
yaw-,7.800000000000001,0.0,0.0,-0.2,-0.005242722516266021,-0.009397202251502673,-0.11076132557631219,-0.009194803060661349,0.011532061790221657,-0.02112135618569877,-0.021304027229560426,1.5707939137161118,1.5708063186264853,-1.0700241037837936,0.6048995233803719,-0.18840253169778348,1.5707963267948966,1.5707963267948966,-0.8890133333333332,0.8890133333333332,0.11247071949019816,-0.0005595863309592469,-0.03273921075832628,2.9726600535055163,0.28140331957447495,0.28140331957447495,23,1933.4543069673466,648.898404794148,0.11158388518528195,-9.632707106374191e-05,-0.29637417477253436,3.0766539313185874,0.17652260745648762,0.17652260745648762,23,2285.137079683541,2129.9274997677453,0.11259938820810689,-0.0005916382005343272,-0.02395799011887582,1.7956029972887988,1.4585890445091012,1.4585890445091012,22,1869.3551207946864,975.3614123388365,0.10666519052636758,1.0097714540722308e-05,-0.24898965125763448,2.1110322849247387,1.137225559191422,1.137225559191422,22,2598.743174922347,1773.4795268814908,4.0
yaw-,7.9,0.0,0.0,-0.2,-0.005337532782603937,-0.009308987661584158,-0.11282272838157166,-0.009162778556389759,0.01143256446686142,-0.02065259325838485,-0.020297972022868534,1.5707935308995085,1.5708053966735989,-1.090096929882052,0.6123416516529453,-0.19149753076506731,1.5707963267948966,1.5707963267948966,-0.8890133333333332,0.8890133333333332,0.11425678392178096,-0.0005134788581697865,-0.03573509667024878,2.948713394273552,0.3071360432380219,0.3071360432380219,22,1848.0685131498587,630.7508225503876,0.11364230328815061,-5.154888435248209e-05,-0.2926475929018178,3.0656960905244564,0.18953886635348738,0.18953886635348738,22,2152.5859338541586,2073.4328808700147,0.11468348147586571,-0.000598511270283382,-0.025213526652826182,1.8015182838958737,1.4547578511697852,1.4547578511697852,22,1860.5874844346836,991.2306445409672,0.10855680763836784,7.803475258378462e-06,-0.24556000453500137,2.113659382485809,1.136490078742352,1.136490078742352,19,2227.9737102193358,1552.9707853327445,4.1
yaw-,8.1,0.0,0.0,-0.2,-0.005534613945598406,-0.009114660136386073,-0.1171261790660658,-0.008958927640721434,0.011591961188920145,-0.017184702956774222,-0.014019890354798059,1.5707914827521945,1.570802490267429,-1.1163197308016186,0.6236930603542594,-0.19572403763696097,1.5707963267948966,1.5707963267948966,-0.8890133333333332,0.8890133333333332,0.11886451045735669,-0.0005142987905665287,-0.025014425147060024,2.66241412927695,0.5980430347701997,0.5980430347701997,14,1175.5068728600954,414.6142032377323,0.11819701370091629,3.2618099315383925e-05,-0.25949809635682414,2.909176251998696,0.3506134152920133,0.3506134152920133,16,1513.6021956371158,1565.6920182477093,0.11959357227119316,-0.0005705808147048949,-0.03375853994761707,1.840702742798049,1.4204834830629371,1.4204834830629371,18,1500.0400714054217,850.7356019121255,0.11351727539538459,-7.74517735904201e-05,-0.22179950694998674,2.1165600748219537,1.138549854163224,1.138549854163224,18,2078.414716921131,1514.58097432858,4.299999999999999
yaw-,8.200000000000001,0.0,0.0,-0.2,-0.005619206067763881,-0.00898483138385873,-0.11907308889905563,-0.008794908775712434,0.011842133150141666,-0.014461591613204504,-0.018796785968042073,1.570789956930704,1.5708006844842926,-1.1198336406806444,0.6275354522492638,-0.19655150574058486,1.5707963267948966,1.5707963267948966,-0.8890133333333332,0.8890133333333332,0.12083448564778898,-0.0004943208263682632,-0.04177079852449217,2.491923105526682,0.7705040337109001,0.7705040337109001,20,1680.5577789797749,600.1523291094036,0.11985763188830223,0.00019197301291264818,-0.24342275140754507,2.769048434612054,0.49240185086604127,0.49240185086604127,20,1872.8395597551703,1978.8592624044957,0.12105809287722913,-0.0005378899833532302,-0.044005948417328834,1.8733010326399824,1.3893497138270399,1.3893497138270399,20,1661.570016471598,955.3049552470569,0.11475544147625882,-0.0001669700218927591,-0.21208935839248894,2.1161087982632605,1.1402392968027915,1.1402392968027915,19,2183.585881282892,1612.552845569634,4.4
yaw-,8.4,0.0,0.0,-0.2,-0.00572881842576079,-0.00866891945066993,-0.12192280644603924,-0.008467674786318276,0.012327141111694044,-0.009397853918635804,-0.010196062175629109,1.5707866527241645,1.5707969708531992,-1.1168010547687066,0.633225399347233,-0.19685041702376596,1.5707963267948966,1.5707963267948966,-0.8890133333333332,0.8890133333333332,0.12393694652107268,-0.00036560134763495913,-0.05232905159750341,2.2897399820173665,0.9757896180934993,0.9757896180934993,12,1010.998326164615,368.8736253070028,0.12261632983297055,0.0016973678243704252,-0.2043533568040672,2.507097041796542,0.7571119416262215,0.7571119416262215,12,1101.1202712950278,1213.7275158931973,0.1240231316887872,-0.00021788023027556613,-0.028308977329858626,1.9414622585033323,1.3241535267752482,1.3241535267752482,12,989.4801788726694,589.6660116613675,0.1176295938153542,-0.0023478160354967435,-0.1899573554072186,2.11364223540404,1.1455800120011075,1.1455800120011075,23,2621.8657733398427,1981.9581657004753,4.6
yaw-,8.5,0.0,0.0,-0.2,-0.00576142089974388,-0.00847564238578764,-0.12299385006362479,-0.00831915697551471,0.012566454840838282,-0.007322945911491036,-0.006748312853360519,1.5707850992706547,1.5707963036205728,-1.1126303555515844,0.6358319965309461,-0.19667448017417097,1.5707963267948966,1.5707963267948966,-0.8890133333333332,0.8890133333333332,0.12501260187024776,-0.00027892784866798137,-0.035536760164511336,2.2313871273564763,1.0352181281035646,1.0352181281035646,18,1518.8274613010528,559.0440086842125,0.12371932908084204,0.004392163423233224,-0.18831436512171584,2.4033655283783975,0.8619464542922377,0.8619464542922377,18,1639.3139580046086,1835.9072303774954,0.12510274838190938,-1.9791616735577444e-05,-0.04636684134044218,1.9715599187742199,1.2951354831974826,1.2951354831974826,20,1644.2439845658864,996.1702547257114,0.11874562833839786,-0.0020477642866184734,-0.1784875896740559,2.110691511955889,1.149646769972302,1.149646769972302,16,1817.667410490877,1388.4355926447813,4.699999999999999
yaw-,8.700000000000001,0.0,0.0,-0.2,-0.005791870671142915,-0.008022260839509066,-0.12462236147875475,-0.008056277341648342,0.012867296572349161,-0.004095518145256107,-0.00819241758694128,1.5707823583261815,1.570796294795147,-1.1038314024200875,0.641895842183889,-0.1963668236505213,1.5707963267948966,1.5707963267948966,-0.8890133333333332,0.8890133333333332,0.12663428240423258,0.001501677811252869,-0.031522760004992684,2.1625257270042155,1.1057012089898102,1.1057012089898102,20,1692.6814413936045,631.7372475210079,0.12519778922330715,0.0027190777616888802,-0.1629669116738402,2.2575959397901295,1.0091945030229708,1.0091945030229708,20,1801.4057555299087,2066.050920980121,0.12678287461659288,0.001002736617663029,-0.048445719811582105,2.023126208938716,1.24524931926767,1.24524931926767,20,1639.2185992671655,1013.9834561354955,0.12016810599626826,-0.0020652408139327796,-0.16106690025149553,2.105960340896048,1.1558004186900135,1.1558004186900135,10,1132.013910100515,875.0433278149171,4.9
yaw-,8.8,0.0,0.0,-0.2,-0.005793872895586525,-0.007792515291156982,-0.12519149672137908,-0.007945330997764927,0.012886229720784658,-0.0028745388968292587,-0.0021462012566733414,1.5707811397883402,1.5707956516467432,-1.1000444694035774,0.644617928086525,-0.1962470451170319,1.5707963267948966,1.5707963267948966,-0.8890133333333332,0.8890133333333332,0.12727613959894235,0.0003129269630927586,-0.04685004352142974,2.14423426729168,1.1246345258970556,1.1246345258970556,19,1610.3865507361766,604.5472888896276,0.12574597735789084,0.001588909950866693,-0.1524386700411398,2.2103637716206967,1.0569748593269872,1.0569748593269872,20,1795.4937491262738,2074.627202647274,0.1273761568542655,-3.9176947626424086e-05,-0.053293073281475326,2.0464154520817504,1.2225533583623083,1.2225533583623083,20,1637.6867373538748,1021.3596507965748,0.12065723132021677,-0.001932346468523485,-0.15419456060824588,2.106233867097859,1.156016017812151,1.156016017812151,19,2148.483797202382,1667.916573342875,5.0
yaw-,9.0,0.0,0.0,-0.2,-0.0057850476497275285,-0.007312699456582288,-0.126135664057049,-0.007787895669511229,0.012760488160498358,-0.0007542725251246593,-0.003035949045728943,1.5707798414783563,1.5707942472102507,-1.0948701587550562,0.6480060462848681,-0.19604612659237386,1.5707963267948966,1.5707963267948966,-0.8890133333333332,0.8890133333333332,0.12835194271084926,-0.001570447822268531,-0.04259819536373613,2.1237749021015158,1.1461696941991266,1.1461696941991266,21,1786.303314787701,677.2134700340251,0.1265886027486145,-0.000222510148367451,-0.13724640417363423,2.1407995906524193,1.1273816656859883,1.1273816656859883,21,1875.520076534501,2189.24877896215,0.1282980888119356,-0.0017060324689502162,-0.05981171854616886,2.0974501079692236,1.1724406344325051,1.1724406344325051,21,1719.2327120857965,1085.3862090877246,0.12139007684394976,-0.001979983721425799,-0.14573207209303018,2.1140166390681423,1.1489660913656006,1.1489660913656006,21,2370.152061150006,1849.1095489535583,5.199999999999999
yaw-,9.100000000000001,0.0,0.0,-0.2,-0.005780899190022115,-0.0071267970114596395,-0.12648790538838514,-0.007739730347407894,0.012675745585232719,-9.879691959944602e-06,-0.0042468655251117395,1.5707795426477462,1.5707938863070678,-1.0939834702868214,0.6494528478848907,-0.19610913049849496,1.5707963267948966,1.5707963267948966,-0.8890133333333332,0.8890133333333332,0.12873629677884324,-0.002197405106103681,-0.036727916376744635,2.1190332946819486,1.1512956556866878,1.1512956556866878,18,1533.407542710983,583.2583784538072,0.12691718374827055,-0.0008792225650229197,-0.13215735887383745,2.119254755810119,1.1492550815279445,1.1492550815279445,18,1604.1966838455378,1879.6240468416975,0.12869212093556026,-0.002276020914272013,-0.04741061338024405,2.1186832051416826,1.1516015693836708,1.1516015693836708,24,1965.2641796123798,1247.8794078843634,0.12173811666210632,-0.0017916472946575368,-0.1421362528241716,2.1189045866384193,1.1444261836134801,1.1444261836134801,24,2706.553115804916,2115.410319917199,5.300000000000001
yaw-,9.3,0.0,0.0,-0.2,-0.0057716104383010725,-0.006748890967865462,-0.12718066798142025,-0.0076252466068540085,0.01249779027290093,0.001308350237409911,0.0008251941713381928,1.5707785856135974,1.5707928731578553,-1.0936241508405529,0.6527206122283493,-0.19643628474558697,1.5707963267948966,1.5707963267948966,-0.8890133333333332,0.8890133333333332,0.12956223558720836,-0.0008138083699013203,-0.03710069830994196,2.1103923463353143,1.1607625428416872,1.1607625428416872,21,1794.5288004771403,687.9547657585032,0.1275959932522408,-0.002061500344563259,-0.12167183676602118,2.081362996990409,1.187825649851625,1.187825649851625,20,1774.3310417835182,2097.4242262262255,0.12951933417832695,-0.00240390880789351,-0.048755015835603294,2.158154872936533,1.112957114831587,1.112957114831587,20,1637.783960557567,1049.9967293799411,0.12226721997417034,-0.0012905827793042858,-0.13595998658220887,2.127689635860434,1.1361702377035297,1.1361702377035297,20,2252.379500548981,1767.1502916954923,5.5
yaw-,9.4,0.0,0.0,-0.2,-0.005766862794526593,-0.006576668358780645,-0.12748527120556144,-0.007577192235618452,0.012414580469628516,0.0018931710559632565,0.0056939016048930015,1.570778211076762,1.570792476917136,-1.0938746885375168,0.654091627409377,-0.19661868390754023,1.5707963267948966,1.5707963267948966,-0.8890133333333332,0.8890133333333332,0.12996388760004773,-7.22463562513227e-05,-0.049693790739352345,2.107024835958753,1.164531705231088,1.164531705231088,20,1712.1298222169498,659.2915201894394,0.12801937370934535,-0.0028031169876224764,-0.11532791461685343,2.0652276645488112,1.2043843627503272,1.2043843627503272,29,2566.251679748735,3048.72103724013,0.13003067881586095,-0.00031580230599306466,-0.05174115524803209,2.1771389193395554,1.0944844130660987,1.0944844130660987,29,2374.9868775972727,1532.0512098376457,0.12258683984760577,-0.0011522656153603685,-0.13223656266480852,2.13230496287949,1.131874530557909,1.131874530557909,16,1800.3009983502195,1415.9878160471906,5.6
yaw-,9.600000000000001,0.0,0.0,-0.2,-0.005754761638195733,-0.006257158239826012,-0.12797830438665916,-0.00745839002150477,0.012290738092594415,0.002925233367315757,0.001516731221915185,1.570776878293966,1.5707912203365142,-1.09396335835084,0.656827994509459,-0.1969364560686952,1.5707963267948966,1.5707963267948966,-0.8890133333333332,0.8890133333333332,0.13062668291491786,0.0002333733029934123,-0.036763452597354584,2.098734651060588,1.173484685444123,1.173484685444123,12,1029.142789025879,398.3382060967914,0.1284269989475888,-0.0035578980963855257,-0.10748823688848655,2.034675114693692,1.23534453784369,1.23534453784369,13,1148.0245579644618,1370.7277744901155,0.13057387584147762,7.782052138306577e-05,-0.05208358683336392,2.209467630238718,1.0626988991925526,1.0626988991925526,13,1064.42992064846,691.2630920689671,0.12290568801345003,-0.00160224322251297,-0.12685235635561895,2.137963424853094,1.126534916750149,1.126534916750149,14,1574.7430463839867,1241.2818151451318,5.800000000000001
yaw-,9.700000000000001,0.0,0.0,-0.2,-0.005746720452103938,-0.0061170814241308675,-0.1281397390645142,-0.0074071971992198185,0.012236176697793023,0.003311293643158069,0.002995624957363333,1.570776333132999,1.5707907195793362,-1.0939391132047769,0.6578092146409289,-0.19704410068278497,1.5707963267948966,1.5707963267948966,-0.8890133333333332,0.8890133333333332,0.13085048168395907,0.0002879563587352557,-0.03639469514563465,2.0956286867820753,1.176814448491677,1.176814448491677,20,1716.4229822127188,665.6140456141544,0.12859264809309856,-0.003885648736789271,-0.10389104251952105,2.0232989501889747,1.246886351493917,1.246886351493917,20,1765.1724635132268,2111.3899457342086,0.1308570855066007,0.00024672829869447875,-0.04651237166370377,2.222122026437135,1.050327712659259,1.050327712659259,22,1801.3203774409935,1173.9395182601795,0.12303384795586414,-0.0010703474972637646,-0.12388626458754481,2.1401465836028284,1.1244799179428289,1.1244799179428289,21,2362.310322957507,1863.7366268853696,5.9
yaw-,9.9,0.0,0.0,-0.2,-0.005725353537551768,-0.005828300793136492,-0.12837695568023363,-0.00731274779682249,0.012123993902463765,0.003986797815926327,0.005494152715661648,1.5707752203365866,1.5707897102816224,-1.0939619708203856,0.6597271277695083,-0.19726240682537,1.5707963267948966,1.5707963267948966,-0.8890133333333332,0.8890133333333332,0.13127486725012005,0.0003250085105998054,-0.04316640279505439,2.0905661476530324,1.1823013731868808,1.1823013731868808,20,1719.2095165803048,669.5789675313017,0.12887822206090327,-0.00451428180500588,-0.09725578478248491,2.0038105139830824,1.266660361667614,1.266660361667614,20,1764.7446470105474,2115.248789435057,0.13127258893546223,0.0003243304514159934,-0.05768387896381874,2.2456364420540944,1.027228800471161,1.027228800471161,20,1638.0148495052647,1072.19507464417,0.12312489665143644,-0.001051635070047545,-0.12012403754450027,2.144622043997643,1.1200955062435867,1.1200955062435867,20,2250.5549851417895,1776.0237804994686,6.1
yaw-,10.0,0.0,0.0,-0.2,-0.005714214626471313,-0.0057030413519871745,-0.1284424201125516,-0.007275973153497201,0.012076338701288434,0.004234598916923668,0.005241155635039595,1.570774804295592,1.5707893356100886,-1.093971301333709,0.6603757583023024,-0.19733641708033997,1.5707963267948966,1.5707963267948966,-0.8890133333333332,0.8890133333333332,0.13141663240221124,0.0003987684272290697,-0.03274363416913566,2.0888264957937333,1.184182790198271,1.184182790198271,21,1806.2340749681564,704.3838075464166,0.12894865855326376,-0.004693623445852729,-0.09542355551340202,1.99677929879379,1.273762013349267,1.273762013349267,20,1764.920319784417,2115.808068489312,0.1313905821348591,0.00035149717367508656,-0.058361716955502685,2.2547595369435163,1.018223698781136,1.018223698781136,23,1883.9531814076695,1234.746886529957,0.12313357115567491,-0.001479188496741851,-0.11861396706724144,2.146507261876874,1.118218962868594,1.118218962868594,23,2589.2405389075216,2042.8670051958372,6.199999999999999
yaw-,10.200000000000001,0.0,0.0,-0.2,-0.005687503121916607,-0.0054391624853617,-0.12851471077207396,-0.007205567510708619,0.011983066665892836,0.004664577658118207,0.0058351409146017545,1.570774011916531,1.5707885924803362,-1.094025824489375,0.661708101017286,-0.19749241764815853,1.5707963267948966,1.5707963267948966,-0.8890133333333332,0.8890133333333332,0.13168771691234937,0.0003914980596492609,-0.02755771305658848,2.085812473429668,1.1874678970724744,1.1874678970724744,19,1636.5191085133742,640.0714834487129,0.1290774010329958,-0.005091176178896031,-0.09111991063648667,1.9845408137837761,1.2861292408390126,1.2861292408390126,21,1854.784488820175,2222.6621141531455,0.13167148155079555,0.000418459498333237,-0.04875381800178383,2.2711648383420653,1.0020992967985234,1.0020992967985234,22,1802.8895682892803,1184.6967813778185,0.12307234972695102,-0.0015251895871821143,-0.11584614670981615,2.149950665547479,1.1147143377692652,1.1147143377692652,22,2478.589360063122,1953.7850542583026,6.4
yaw-,10.3,0.0,0.0,-0.2,-0.005673411945483745,-0.005313765917558239,-0.128519700741286,-0.0071792034204727,0.011940032291058564,0.004804818114277099,0.007955733021425982,1.57077368234589,1.5707882767756436,-1.094097186666119,0.6623008168975998,-0.19756711597071086,1.5707963267948966,1.5707963267948966,-0.8890133333333332,0.8890133333333332,0.1317937803338909,0.00034404613076915395,-0.03259526179743276,2.085034851179196,1.1883515827444882,1.1883515827444882,19,1637.2456106823722,640.9732214924561,0.12912690953983397,-0.006538802425876907,1.6635334582668082e-05,1.980687993056404,1.2900315700732232,1.2900315700732232,8,708.5042241115342,845.5659034144434,0.13179151931926025,0.0003826891739919652,-0.042362919678574806,2.2770929179006445,0.9962912550084089,0.9962912550084089,4,327.8990827454297,215.66219068744022,0.12302168197654773,-0.001235357760878241,-0.116483564752066,2.151476593428094,1.113137742138247,1.113137742138247,5,563.5626611681763,443.9270815697678,6.5
yaw-,10.5,0.0,0.0,-0.2,-0.005651511238126359,-0.005081914785346234,-0.12861017149551196,-0.007176022966428344,0.01186091552927881,0.004133774708940943,0.004744748930654962,1.5707735059391608,1.570788059680206,-1.1001757118387967,0.6667908750259399,-0.19875591515936802,1.5707963267948966,1.5707963267948966,-0.8890133333333332,0.8890133333333332,0.13207494755938232,0.00032586369820607284,-0.04106918364193604,2.090566641201096,1.1831009599480793,1.1831009599480793,17,1465.6138274393527,575.1926104512113,0.1293939450905217,-0.005628373699570623,0.0011201411604722655,1.9991884015448718,1.271798197135443,1.271798197135443,22,1948.8331067830443,2325.8455011684136,0.13206355207810194,0.00031152803454826284,-0.06371908911038664,2.255650243330701,1.018005962337194,1.018005962337194,22,1803.178096435648,1188.6647994400355,0.1230240357081982,-0.0013786878318037018,-0.11766838153295746,2.1484115623961126,1.1162051269018787,1.1162051269018787,22,2480.7468199593322,1953.3489828232348,6.699999999999999
yaw-,10.600000000000001,0.0,0.0,-0.2,-0.0056418488162499735,-0.004966598173308469,-0.12867972762695126,-0.007158986407901825,0.011837617399024086,0.004127758707177152,0.005542119202678306,1.570773346445855,1.5707878737579195,-1.101931934337679,0.668142414598842,-0.19910548945141665,1.5707963267948966,1.5707963267948966,-0.8890133333333332,0.8890133333333332,0.1322357483436214,0.0003023614066693615,-0.04055103194489776,2.0903967992022805,1.183431602731134,1.183431602731134,23,1983.2509147174078,779.4114164355852,0.12955033907641056,-0.005764533457157136,-0.0005283326434843,1.9989603737975739,1.27218261886863,1.27218261886863,20,1772.1868784035094,2114.5394102250316,0.13223416278936195,0.00029225046929837965,-0.04278915790464778,2.2555479594405683,1.0182788569385868,1.0182788569385868,20,1638.9266313299233,1082.0374884940227,0.12304055076447451,-0.0013850673395031593,-0.11768547826955705,2.148220217119444,1.1164129872348236,1.1164129872348236,18,2029.9392648332355,1598.3300851874799,6.800000000000001
yaw-,10.8,0.0,0.0,-0.2,-0.005623038461714084,-0.004754214745597894,-0.12878820667309848,-0.007124726280059999,0.011802422319368268,0.004357919079780408,0.006266407274102064,1.5707729327894508,1.5707874973744769,-1.1038284893157306,0.6700446970501004,-0.19953279883739972,1.5707963267948966,1.5707963267948966,-0.8890133333333332,0.8890133333333332,0.13252357308630458,0.00031089957566403283,-0.03654552945526145,2.088471984131976,1.1856442425441216,1.1856442425441216,19,1638.9453686287093,645.719687779173,0.12981806185414957,-0.0058689787326272665,0.0015773325791500897,1.9920756855651802,1.2793350298787622,1.2793350298787622,19,1684.0115951820876,2009.3765717173621,0.1325136440273269,0.00034727383127380364,-0.04609927901763641,2.2638805365138803,1.0102257611032397,1.0102257611032397,23,1884.0890276377766,1247.1467772172496,0.12303957266507481,-0.0013144555605724534,-0.11606296806638544,2.1496454862110257,1.1149867400438422,1.1149867400438422,22,2481.5484056374553,1953.436444368279,7.0
yaw-,10.9,0.0,0.0,-0.2,-0.005612067956444672,-0.004639094003541193,-0.12883095635266562,-0.007114505457684795,0.011770961005357655,0.0044339529820699025,0.0036388442694671435,1.570772760787012,1.5707874022787092,-1.1052496289939535,0.6710217171259307,-0.19980255404338798,1.5707963267948966,1.5707963267948966,-0.8890133333333332,0.8890133333333332,0.1326709392787535,0.00033862166158053937,-0.03578926041382993,2.088507339643103,1.1857562532254438,1.1857562532254438,21,1811.71760533994,714.6930390644965,0.1299559700174857,-0.005995635615776052,-0.014902019382791953,1.9904008387991263,1.2811477848081525,1.2811477848081525,21,1862.0255021368782,2220.8752210603766,0.13266404741514837,0.00038115709248305596,-0.062172835166608736,2.2677561640628223,1.0065005369421192,1.0065005369421192,20,1638.0985956282009,1085.6198088428655,0.12302570422093684,-0.0014420588085029,-0.11509450935333652,2.1511588797245302,1.1134594780861997,1.1134594780861997,21,2369.039997638317,1864.370729108057,7.1
yaw-,11.100000000000001,0.0,0.0,-0.2,-0.005589622308466883,-0.004448408824463231,-0.1288150725738286,-0.007044419188940946,0.011520302208963358,0.0054914237272356645,0.007512825691339488,1.570772134979138,1.5707884417552958,-1.1057848951139577,0.6697510495947963,-0.1997198329643751,1.5707963267948966,1.5707963267948966,-0.8890133333333332,0.8890133333333332,0.13284662930928626,0.0003824497737661423,-0.037590918937837586,2.0871717711263855,1.1872675117726939,1.1872675117726939,21,1812.554820134287,716.2425006366889,0.13010929370595825,-0.00720339893571908,-5.48680584603195e-05,1.9666587167785994,1.305043230517152,1.305043230517152,21,1864.9523578096105,2219.587165296445,0.13283811362710818,0.00045920332399709395,-0.038147749337479164,2.318738870899857,0.9556918963170444,0.9556918963170444,21,1719.398742379652,1140.6506430805084,0.12287192183442208,-0.0009286547128512339,-0.11055764657860698,2.1699669410278837,1.0944976343963315,1.0944976343963315,20,2256.8533663437256,1773.4659576188315,7.300000000000001
yaw-,11.200000000000001,0.0,0.0,-0.2,-0.005576066706031939,-0.0043646987134330194,-0.12872702233601555,-0.00701726546215631,0.011447329304717811,0.005624564774120423,0.005162797159349575,1.570771886470835,1.570788594202578,-1.1074233875842419,0.6665615051157355,-0.19954536403833104,1.5707963267948966,1.5707963267948966,-0.8890133333333332,0.8890133333333332,0.1328737785607288,0.00039368114629364636,-0.03542872718818903,2.087281105570642,1.18718532657988,1.18718532657988,24,2072.649070830512,819.2326395830166,0.13012501102103613,-0.006823394253600477,1.4549877196110006e-05,1.9636329179805918,1.3080847466302377,1.3080847466302377,24,2134.806131276575,2534.5632214236202,0.13286540503948707,0.0004484209245507187,-0.06146268879675748,2.3267269683516933,0.9477310902775868,0.9477310902775868,24,1966.896592036993,1304.3514208361964,0.1227143017478971,-0.0012997386420965035,-0.11025089975865923,2.1733372781227187,1.0909696772149715,1.0909696772149715,13,1468.3889278230247,1152.194801552815,7.4
yaw-,11.4,0.0,0.0,-0.2,-0.005551847477239927,-0.004216433533915634,-0.12857117409133656,-0.006994633723226342,0.011473734190227375,0.005621044721874639,0.0018626760069556667,1.5707715538897045,1.5707883640897355,-1.1089558429478235,0.6675191870047802,-0.19982546526386866,1.5707963267948966,1.5707963267948966,-0.8890133333333332,0.8890133333333332,0.13292370863472236,0.00038279923433397894,-0.043290787436476366,2.085308091791251,1.1892082704332645,1.1892082704332645,21,1814.8467272087987,717.6031608522698,0.13015100714357875,-0.006799412036771065,-0.00015054867471966937,1.9617142547477828,1.3100294059855893,1.3100294059855893,20,1783.866779066097,2109.3504864879164,0.13291829873200633,0.0004600040501509259,-0.055687892341212256,2.323659386496073,0.9508515658257264,0.9508515658257264,20,1640.3996329761999,1086.928432139501,0.1224467167975094,-0.001296693155977525,-0.10963004695968943,2.1700809435738546,1.093958426813448,1.093958426813448,23,2600.232315199603,2036.4787720360073,7.6
yaw-,11.5,0.0,0.0,-0.2,-0.005538071964654322,-0.004131756941409572,-0.1284848921032889,-0.006982477356524636,0.01148984139523391,0.005626235321479605,0.0037860879751161324,1.5707713759562258,1.5707882463512073,-1.109815147089251,0.6682677901843236,-0.2000063295158269,1.5707963267948966,1.5707963267948966,-0.8890133333333332,0.8890133333333332,0.1329507022111347,0.000406479171079545,-0.028647645867782706,2.084158192135553,1.1903851636653746,1.1903851636653746,21,1815.3020610429771,717.9113273328926,0.13016301557212628,-0.007166385044878728,0.002453621052165067,1.960467758856019,1.3112879103059,1.3112879103059,21,1875.0048753033134,2213.658978799287,0.13294212663513338,0.00045390774903657574,-0.055522763800485736,2.3221931924807313,0.9523415877441952,0.9523415877441952,18,1476.85408448872,978.1356247284323,0.1223261215927991,-0.0009235149597725091,-0.10946659690159291,2.168314353376945,1.095604421805647,1.095604421805647,18,2036.0707059873532,1592.6688288172145,7.699999999999999
yaw-,11.700000000000001,0.0,0.0,-0.2,-0.005511461471838931,-0.003969124809131627,-0.12831831177261122,-0.006968889736097005,0.011523481591549908,0.005646969187837909,0.007869081015015246,1.5707710935097072,1.5707880385437125,-1.1108751962019707,0.6693761518236756,-0.20025024157669152,1.5707963267948966,1.5707963267948966,-0.8890133333333332,0.8890133333333332,0.1329997812242878,0.00037813726411928174,-0.028798097957228097,2.082339782129949,1.192252652684132,1.192252652684132,21,1816.4036497911118,718.7510789962176,0.13018180420298808,-0.006775472300245514,-0.0017949051994766568,1.958338125931247,1.313436331861534,1.313436331861534,21,1880.897255646431,2209.781056428046,0.13299517713426479,0.0004518306999087649,-0.03685103645567095,2.320269192535488,0.9543186381885698,0.9543186381885698,21,1724.120306596544,1140.8587323560523,0.12201361603424399,-0.001233570723831642,-0.10863500229919186,2.1656773062425487,1.0979289633814884,1.0979289633814884,17,1925.435705864061,1501.7027480987715,7.9
yaw-,11.8,0.0,0.0,-0.2,-0.005497391659274865,-0.0038832757595635287,-0.1282310145071647,-0.006958932367153677,0.011536940556039986,0.00565449656992378,0.00803333084725351,1.5707710008437923,1.5707879608818782,-1.1113307274200062,0.6698824063822288,-0.20035842733019235,1.5707963267948966,1.5707963267948966,-0.8890133333333332,0.8890133333333332,0.13301595904923147,0.000375917657637336,-0.04273143157138162,2.081378839387008,1.1932297732520167,1.1932297732520167,23,1989.732525947401,787.4871042605885,0.1301874929166793,-0.0068625881796923124,-0.0018705403077859117,1.9572375672510678,1.3145425792554049,1.3145425792554049,23,2062.872097159727,2418.2524146956794,0.13301701984057157,0.0004554366149942743,-0.052028491113615405,2.3191892701692987,0.955420403261066,0.955420403261066,18,1478.321406855735,977.6713273127069,0.12186227672212002,-0.0010786075009261544,-0.10859904717306747,2.1642568770134214,1.0991980532984917,1.0991980532984917,18,2039.8673335139392,1588.7877395795317,8.0
