case,sim_time,cmd_vx,cmd_vy,cmd_wz,gt_x,gt_y,gt_yaw,gt_vx,gt_vy,gt_wz,odom_x,odom_y,odom_yaw,odom_vx,odom_vy,odom_wz,imu_wz,steer_front_actual,steer_rear_actual,wheel_front_actual,wheel_rear_actual,encoder_wz,steer_front_command,steer_rear_command,wheel_front_command,wheel_rear_command,wheel_front_drive_link_contact_count,wheel_front_drive_link_normal_metric,wheel_front_drive_link_tangential_metric,wheel_rear_drive_link_contact_count,wheel_rear_drive_link_normal_metric,wheel_rear_drive_link_tangential_metric,FL_swivel_position,FL_swivel_velocity,FL_roll_velocity,FL_desired_heading,FL_heading_error_signed,FL_heading_error,FL_contact_count,FL_normal_metric,FL_tangential_metric,FR_swivel_position,FR_swivel_velocity,FR_roll_velocity,FR_desired_heading,FR_heading_error_signed,FR_heading_error,FR_contact_count,FR_normal_metric,FR_tangential_metric,RL_swivel_position,RL_swivel_velocity,RL_roll_velocity,RL_desired_heading,RL_heading_error_signed,RL_heading_error,RL_contact_count,RL_normal_metric,RL_tangential_metric,RR_swivel_position,RR_swivel_velocity,RR_roll_velocity,RR_desired_heading,RR_heading_error_signed,RR_heading_error,RR_contact_count,RR_normal_metric,RR_tangential_metric,elapsed_sim_time,FL_pivot_x,FL_pivot_y,FL_axle_x,FL_axle_y,FL_offset_x,FL_offset_y,FL_swivel_angle,FR_pivot_x,FR_pivot_y,FR_axle_x,FR_axle_y,FR_offset_x,FR_offset_y,FR_swivel_angle,RL_pivot_x,RL_pivot_y,RL_axle_x,RL_axle_y,RL_offset_x,RL_offset_y,RL_swivel_angle,RR_pivot_x,RR_pivot_y,RR_axle_x,RR_axle_y,RR_offset_x,RR_offset_y,RR_swivel_angle
yaw+,3.4000000000000004,0.0,0.0,0.2,0.0037454833330232487,1.439080841971526e-05,0.0002666782210530781,-0.0027142801864416203,-0.003326083592608279,-0.021373566381832753,0.0004473008076144252,1.9709261935054383e-08,4.830317711302463e-08,0.0004913559574095065,2.4741601323152757e-08,4.54904678481579e-08,-0.022143720753476866,2.01049035766232e-05,-1.39578839029042e-05,0.030096981252905965,-0.014539492376820213,4.5236257356483485e-08,0.0,0.0,0.0,0.0,20,3897.608119705638,235.8746850103222,20,3363.7529577541886,97.41757148172063,0.013486958120513037,0.004614629928682935,-0.024003935076289146,-1.4654495202718836,1.4789364783923966,1.4789364783923966,21,2815.4856357483022,264.103471352149,0.012290267544251776,-0.016472537595103625,-0.02709200996302491,-2.0368500635695326,-1.092452322476009,1.092452322476009,21,2530.0565880750364,231.4516159135975,-0.010489380961169914,0.01997983374401914,0.23868840659658436,1.3881742740030802,-1.3986636549642502,1.3986636549642502,21,2087.8487984740937,209.4597649094419,-0.0023633907001316956,0.040541964373221925,-0.5749886721418924,2.2876830626795366,0.851546200210125,0.851546200210125,20,2426.54361901968,217.62599137108933,0.10000000000000009,0.505,0.195,0.4850018189528212,0.1947302690150195,-0.02,0.0,0.013486958120513037,0.505,-0.195,0.4850015104877496,-0.19524579916275436,-0.02,0.0,0.012290267544251776,-0.505,0.195,-0.5249988997389587,0.19520978377219023,-0.02,0.0,-0.010489380961169914,-0.505,-0.195,-0.52499994414387,-0.19495273223000067,-0.02,0.0,-0.0023633907001316956
yaw+,3.5,0.0,0.0,0.2,0.0037874664389556632,1.5111960562801119e-05,0.0002663195104599794,-0.002557005406539059,-0.0033724033095268104,-0.0222292232492821,0.0004973789616965344,2.234184811221702e-08,5.2642688362990355e-08,0.000500781540822363,2.6301672432165134e-08,4.339511249965731e-08,-0.017294416405736392,2.0109818179570027e-05,1.1819894462306024e-05,0.030814996886252877,-0.014948657499991937,8.957970692720147e-08,0.20020000000000016,-0.20020000000000016,0.8890133333333332,0.8890133333333332,22,4287.03709039732,262.6350545764088,22,3700.0220655013104,106.37923796224625,0.013570324700884484,-0.001374314751168025,-0.029055451696381907,-1.4462703441614388,1.4598406688623233,1.4598406688623233,20,2674.061586441841,254.61732299730613,0.011738405954032416,-0.0032466926817766896,-0.01904731783656627,-2.0242249769950598,-1.1056292706407012,1.1056292706407012,20,2401.3708421904416,222.40519356264264,-0.010188394191368744,0.017937477241223954,0.34300529041463956,1.3592308834484845,-1.3694192776398533,1.3694192776398533,20,1984.2690443552842,201.51435674969497,-0.0023844327209729954,0.03759949308884692,-0.45880679382250766,2.2638035560127046,0.8754046648561157,0.8754046648561157,20,2429.8425588964114,220.7147801966089,0.19999999999999973,0.505,0.195,0.48500184150886455,0.1947286018359912,-0.02,0.0,0.013570324700884484,0.505,-0.195,0.48500137788592174,-0.19523476272766113,-0.02,0.0,0.011738405954032416,-0.505,0.195,-0.5249989619752172,0.19520376435854664,-0.02,0.0,-0.010188394191368744,-0.505,-0.195,-0.5249999431448329,-0.19495231139076966,-0.02,0.0,-0.0023844327209729954
yaw+,3.6,0.0,0.0,0.2,0.00510587169656327,1.3253693594942294e-05,0.0011173150238286348,0.020697885025245843,-0.002737500873910492,0.0013286055312057253,0.002407777452952765,1.3939328558767957e-05,0.0012920748626241776,0.01910398491988855,0.00013916886142143294,0.012920222199358143,-0.0020444030396476573,0.20019951341127573,-0.20020928716648,0.37496362948887796,0.350225817547821,0.01622226005721377,0.4004000000000003,-0.4004000000000003,0.8890133333333332,0.8890133333333332,21,3947.0762526787653,125.05558383259304,21,3442.033158790044,129.76885417340452,0.021229212364716865,0.0008172242239809432,0.5823780728629593,-0.10205059663233028,0.12327980899704714,0.12327980899704714,21,2826.304528138522,333.5163953921837,0.023020790950035952,0.00010409889399910256,0.7358137062742482,-0.09954405573095843,0.12256484668099438,0.12256484668099438,21,2675.85152170946,336.3813516226744,-0.017566516796986065,-0.016767020661454777,0.6800112371152776,-0.16651105154523127,0.1489445347482452,0.1489445347482452,21,2216.503297032703,269.5889114155602,-0.01151001217264458,-0.010977272176194045,0.18011262095186792,-0.1624658484348243,0.15095583626217973,0.15095583626217973,20,2426.345382394719,291.1441469388108,0.2999999999999998,0.505,0.195,0.48500450662531885,0.19457544764388673,-0.02,0.0,0.021229212364716865,0.505,-0.195,0.4850052993341186,-0.19546037515332804,-0.02,0.0,0.023020790950035952,-0.505,0.195,-0.524996914254228,0.19535131226715222,-0.02,0.0,-0.017566516796986065,-0.505,-0.195,-0.5249986752108237,-0.19476980483934941,-0.02,0.0,-0.01151001217264458
yaw+,3.8000000000000003,0.0,0.0,0.2,0.01008082548742623,2.271559899177846e-05,0.009554572024515508,0.02806048473511132,-0.0015424163936976257,0.037733568719688,0.00817651554353759,9.796662685249198e-05,0.011991628699046382,0.029747712709282777,0.0004330712907260146,0.06791771044870856,0.03411504196162293,0.6005870454394548,-0.600633655938954,0.5699926105871079,0.547256103380842,0.07102349382600098,0.8008000000000002,-0.8008000000000002,0.8890133333333332,0.8890133333333332,17,3131.1768197222036,409.2395232368809,17,2740.6362163019085,247.76763560640308,0.04453663551762865,0.005531938848139233,0.42170465848461697,0.6797281757022041,-0.6351915401845755,0.6351915401845755,17,2214.230067971878,409.4427594619301,0.05706180978855535,-0.0065961299388861555,0.974079009060807,0.44149881152406345,-0.3844370017355081,0.3844370017355081,17,2164.8731710621605,580.0729883300322,-0.048479131636900874,-0.056944319309727105,0.5548023544144504,-0.8017181430976805,0.7532390114607797,0.7532390114607797,18,1819.1067919205964,354.868445001897,-0.03813611189276678,-0.05203109663672189,0.48629948966718284,-0.5428704184728638,0.504734306580097,0.504734306580097,18,2181.3653812606462,624.1454824623282,0.5,0.505,0.195,0.4850198318406495,0.19410956172360086,-0.02,0.0,0.04453663551762865,0.505,-0.195,0.48503255166743686,-0.19614061697621174,-0.02,0.0,0.05706180978855535,-0.505,0.195,-0.524976502340566,0.19596920288761335,-0.02,0.0,-0.048479131636900874,-0.505,-0.195,-0.5249854581322547,-0.19423746262787192,-0.02,0.0,-0.03813611189276678
yaw+,3.9000000000000004,0.0,0.0,0.2,0.012303944245267665,4.111302851877909e-05,0.01603854461700877,0.024924520337437472,-0.0012706995589815513,0.05119977069884117,0.010826724551535149,0.00020593742764340146,0.021104811808600844,0.026513131760909615,0.0007618347708845553,0.09113183109554465,0.05007344702591716,0.8007870391394354,-0.8008408323173937,0.6196648726508599,0.585409217671591,0.09731571449909922,1.0009999999999994,-1.001,0.8890133333333332,0.8890133333333332,21,3863.4616760740187,663.3838972730949,21,3385.064935828192,437.3294182631944,0.05092403201313633,0.003719361083856801,0.27173644161306254,1.0041166604370082,-0.9531926284238719,0.9531926284238719,19,2410.543582733179,498.86320290924897,0.06764395154596325,-0.0048895801406652895,0.911651369227521,0.5928375836763587,-0.5251936321303955,0.5251936321303955,19,2383.8873960409037,863.3433385896682,-0.06415907566641188,-0.06820022013291861,0.4215657917442438,-1.0846527389018241,1.0204936632354122,1.0204936632354122,19,1849.119052084463,408.0965162957112,-0.052385714155890994,-0.06354273005245956,0.4079865111377914,-0.6793647387169606,0.6269790245610696,0.6269790245610696,19,2280.636866739891,896.4471327459623,0.6000000000000001,0.505,0.195,0.48502592696669744,0.19398195949967809,-0.02,0.0,0.05092403201313633,0.505,-0.195,0.48504573959691116,-0.19635184753789825,-0.02,0.0,0.06764395154596325,-0.505,0.195,-0.5249588502486938,0.19628230134922128,-0.02,0.0,-0.06415907566641188,-0.505,-0.195,-0.5249725636447661,-0.19395276485173246,-0.02,0.0,-0.052385714155890994
yaw+,4.1000000000000005,0.0,0.0,0.2,0.015408443133711758,6.645772039375573e-05,0.03107628074591064,0.014756813152995438,-0.00036307730401161895,0.06344400592906876,0.014430158752420782,0.0006951148453678308,0.0448694818012954,0.014566462730270558,0.002406492407882689,0.12532479102840505,0.06456563278522211,1.2011957193859795,-1.2012442900588525,0.6786437620769188,0.5964724421847006,0.1337460521902397,1.4014000000000006,-1.4013999999999998,0.8890133333333332,0.8890133333333332,18,3274.51175272825,876.6080350731947,18,2841.2414128042697,614.4331604733283,0.05433413533410825,-0.013445818878213146,-0.01546301332910377,1.4902667755458938,-1.4359326402117856,1.4359326402117856,23,2778.281753645106,568.827907337469,0.07429898859199913,0.0008506339535561819,0.6401558292112264,0.8406601956275979,-0.7663612070355987,0.7663612070355987,23,2799.8339056421114,1471.855389624196,-0.09280860773613675,-0.061867492297249006,0.20885033125639288,-1.50354043957014,1.4107318318340032,1.4107318318340032,24,2120.7183870254376,480.09929932311496,-0.08333000761057541,-0.07944147312454469,1.2215715335284894,-0.8944390550358539,0.8111090474252785,0.8111090474252785,24,2838.329427420517,1677.3152116388796,0.8000000000000003,0.505,0.195,0.48502951472044425,0.1939138518981985,-0.02,0.0,0.05433413533410825,0.505,-0.195,0.4850551780066051,-0.19648461296363406,-0.02,0.0,0.07429898859199913,-0.505,0.195,-0.5249139274316428,0.19685350863155954,-0.02,0.0,-0.09280860773613675,-0.505,-0.195,-0.5249306012703591,-0.19333532795963881,-0.02,0.0,-0.08333000761057541
yaw+,4.2,0.0,0.0,0.2,0.016085353227528514,-2.30727415424627e-05,0.037616550249195295,0.009628803971404629,0.000560932836696096,0.059646735257414325,0.015064750948259393,0.0010861175566694004,0.05756611063319715,0.006514917029629733,0.003621449105466655,0.12696628831901743,0.0582304684696469,1.4013994172372435,-1.4014403747040047,0.6658183325393656,0.5441956683344606,0.1341597840040199,1.5707963267948966,-1.5707963267948966,0.8890133333333332,0.8890133333333332,20,3494.016448682687,1057.3558443420945,21,3072.0346147124587,757.7549119646214,0.05464739864878876,-0.020743707188307148,-0.007370084718758302,1.6363874335793374,1.5598526186592447,1.5598526186592447,23,2937.363603003169,546.6399839973501,0.07274781960929477,0.006122115044386749,0.4758931989621931,0.9442802998513384,-0.8715324802420437,0.8715324802420437,24,2855.0749547871496,1671.0953387147933,-0.10730838585708291,-0.0607182488044735,0.1624807461667609,-1.6399639105558497,1.5326555246987668,1.5326555246987668,22,1843.1212536166643,401.9754291122777,-0.10019897764816399,-0.06533707716758205,1.0783934823671681,-0.9684736939856807,0.8682747163375167,0.8682747163375167,22,2803.6960092629206,1923.760905644635,0.8999999999999999,0.505,0.195,0.48502985595068415,0.19390759593118037,-0.02,0.0,0.05464739864878876,0.505,-0.195,0.4850528991168128,-0.19645367340071707,-0.02,0.0,0.07274781960929477,-0.505,0.195,-0.524884959558585,0.19714205120233827,-0.02,0.0,-0.10730838585708291,-0.505,-0.195,-0.524899685619251,-0.19299937203484133,-0.02,0.0,-0.10019897764816399
yaw+,4.4,0.0,0.0,0.2,0.016724353166172556,-0.0008976715683460534,0.04901405095822047,0.005364787368062089,-0.0018862824828325703,0.046068129445554884,0.015028986500277482,0.001657186998148877,0.08258560734580069,-8.836955748394124e-07,0.0021300784422164654,0.12418882854613389,0.0467026352268648,1.5708073015108566,-1.5708343287274538,0.6183978483395265,0.551519404674888,0.13159726729770863,1.5707963267948966,-1.5707963267948966,0.8890133333333332,0.8890133333333332,20,3473.964270497963,1249.5649861203553,20,2783.896367466112,943.1820658319242,0.054706636281879106,-0.013099660896272194,-0.018535485359625403,1.7434701506639896,1.4528291392076829,1.4528291392076829,20,2536.600513777714,368.8067423120192,0.06303851871142996,0.007790740308852351,0.40501162491976583,0.9572840493283733,-0.8942455306169433,0.8942455306169433,17,1942.279510717889,1311.4637306146087,-0.13637683969079006,-0.04702809274369555,0.2478443389172058,-1.7134605250682655,-1.5645089682123179,1.5645089682123179,17,1370.6423363896236,266.7781866567258,-0.1386834308195013,-0.050688911400164155,1.0077720938478947,-1.0713191842760472,0.9326357534565459,0.9326357534565459,16,1986.7573103000323,1644.0956705288463,1.1,0.505,0.195,0.4850299206971541,0.19390641294903177,-0.02,0.0,0.054706636281879106,0.505,-0.195,0.4850397253905544,-0.1962599355203827,-0.02,0.0,0.06303851871142996,-0.505,0.195,-0.524814301655228,0.19771908990576378,-0.02,0.0,-0.13637683969079006,-0.505,-0.195,-0.5248079771225229,-0.19223521387561215,-0.02,0.0,-0.1386834308195013
yaw+,4.6000000000000005,0.0,0.0,0.2,0.01721749609517772,-0.0021856568256851602,0.05719336472004912,0.004887928281319964,-0.002400036330104424,0.03505118780720509,0.015017953455282111,0.0017893060909067507,0.09483371496020962,-9.670485473757826e-07,0.001325789327201142,0.12248107614408903,0.03527642205512552,1.5708147915865904,-1.5708354900977408,0.582444336359518,0.5568433049638801,0.12815191832110578,1.5707963267948966,-1.5707963267948966,0.8890133333333332,0.8890133333333332,20,3487.6431436616313,1523.8552824842818,20,2684.489830877314,1303.1047436313331,0.05307772228381946,-0.022263731178897937,-0.02699138140404994,1.7008633711057914,1.4938070047678214,1.4938070047678214,21,2659.1264484215203,309.6383358253045,0.05613848095990903,0.0025970697068127616,0.35535223269680616,0.8926598951911942,-0.8365214142312851,0.8365214142312851,22,2411.4665218332916,1804.4541944932994,-0.16462049991311467,-0.036152654719530455,0.2889662420142877,-1.6696407560909379,1.5050202561778232,1.5050202561778232,22,1785.344963309131,325.2463346874529,-0.17881737381565976,-0.03966111576704999,0.9404707380848706,-1.061942125030098,0.8831247512144382,0.8831247512144382,22,2579.659071024271,2489.341669553756,1.3000000000000003,0.505,0.195,0.4850281658325935,0.19393894392720532,-0.02,0.0,0.05307772228381946,0.505,-0.195,0.48503150701453485,-0.19612217997194284,-0.02,0.0,0.05613848095990903,-0.505,0.195,-0.5247296123617319,0.19827755946640144,-0.02,0.0,-0.16462049991311467,-0.505,-0.195,-0.524681094595919,-0.19144268141622267,-0.02,0.0,-0.17881737381565976
yaw+,4.7,0.0,0.0,0.2,0.01743858513816216,-0.002863145498493868,0.06064817645189966,0.0047315516906250585,-0.0022575413472287267,0.031158239575311386,0.015003666868853304,0.0019296514647308895,0.11897117814239695,-1.0918469441293389e-06,0.0005953396145587098,0.12043719186551127,0.03302317972593458,1.570816956748648,-1.570836782376162,0.5762915580329063,0.5580286601960983,0.12759316144299165,1.5707963267948966,-1.5707963267948966,0.8890133333333332,0.8890133333333332,21,3672.956843716776,1798.7925136500025,21,2762.27447109385,1606.2501278284851,0.05162845429687746,-0.021011500358107532,-0.03190917495517373,1.672516589806531,1.5207045180801397,1.5207045180801397,21,2656.9214977450747,281.8950481516306,0.054042561015675616,0.007304535351021171,0.33249032211677104,0.8701888722146951,-0.8161463111990195,0.8161463111990195,21,2264.4678693237433,1755.635387731833,-0.1769224057052181,-0.03278955182730461,0.3023421991408803,-1.6487841922716533,1.4718617865664352,1.4718617865664352,20,1626.5528640919956,290.98111087860707,-0.1998041315733925,-0.035883851610139725,0.9172543307812078,-1.0494925063676006,0.8496883747942081,0.8496883747942081,20,2272.2548226667195,2359.7277265798666,1.4,0.505,0.195,0.485026649052727,0.1939678895712813,-0.02,0.0,0.05162845429687746,0.505,-0.195,0.48502919887645746,-0.1960803251750801,-0.02,0.0,0.054042561015675616,-0.505,0.195,-0.5246878002607082,0.19852001717246687,-0.02,0.0,-0.1769224057052181,-0.505,-0.195,-0.5246021094418075,-0.19103045274226405,-0.02,0.0,-0.1998041315733925
yaw+,4.9,0.0,0.0,0.2,0.01785748821836004,-0.004259809881578653,0.06686445357604398,0.004487299498277691,-0.001709308974509469,0.02467622029667295,0.014994317568607404,0.0020028413208587306,0.14301956955459935,-1.2035195708974882e-06,0.00030003308201375853,0.12019361343297083,0.02590265564913293,1.5708200433629251,-1.5708398022100418,0.5710168267820621,0.5615892933315085,0.12740035238566866,1.5707963267948966,-1.5707963267948966,0.8890133333333332,0.8890133333333332,21,3693.3373176663686,2218.6918312231696,21,2655.2019103607786,2084.5709193048424,0.046430673437488856,-0.017114498741219,-0.03991969658726731,1.6001914485658988,-1.55376077512841,1.55376077512841,21,2648.3885781032955,216.21109873324315,0.049185711530598475,0.001414108105119053,0.3028634909384076,0.8331503709631329,-0.7839646594325345,0.7839646594325345,21,2182.406335238903,1833.3890499673914,-0.20749284248403477,-0.02531896249011142,0.3218025379922358,-1.5998751092217198,1.392382266737685,1.392382266737685,22,1791.4416134060448,317.29792078462964,-0.24678012879385136,-0.029536761365019405,0.8789704604112084,-1.0110813017349118,0.7643011729410605,0.7643011729410605,22,2336.4518913484526,2782.9838936866486,1.6,0.505,0.195,0.48502155420171544,0.19407172014725776,-0.02,0.0,0.046430673437488856,0.505,-0.195,0.4850241874653358,-0.19598331763939933,-0.02,0.0,0.049185711530598475,-0.505,0.195,-0.524571009642211,0.1991201433936795,-0.02,0.0,-0.20749284248403477,-0.505,-0.195,-0.5243940801317847,-0.19011434182101156,-0.02,0.0,-0.24678012879385136
yaw+,5.0,0.0,0.0,0.2,0.018037011114710386,-0.004905028840756207,0.0694330852765711,0.004779377889653783,-0.0018678215851442132,0.021396773494134855,0.015008090805116312,0.001906292717409094,0.15522699637988902,-1.2870037212083932e-06,-0.0009752598786077343,0.12207426825289701,0.021165881387678734,1.5708220975759302,-1.5708404558215863,0.5599954497622995,0.5893290805960746,0.12928091025240687,1.5707963267948966,-1.5707963267948966,0.8890133333333332,0.8890133333333332,21,3711.3363609997577,2368.36283762743,21,2684.994731569516,2273.4560905324147,0.04456129387215402,-0.0013781057313629018,0.1840940931040322,1.4973601991069443,-1.4527989052347903,1.4527989052347903,20,2548.767888407023,185.32550017350837,0.047486770853123694,-0.00205743456522536,0.3091358475310174,0.7589792909482387,-0.711492520095115,0.711492520095115,20,2002.4390505585245,1735.783389547931,-0.2169732253222314,0.001914199756220477,0.3016285213505321,-1.5314857785273166,1.3145125532050852,1.3145125532050852,20,1540.607921248738,269.5112062754217,-0.2706688953946461,-0.02599821738076721,0.869287639968482,-0.9768060153258499,0.7061371199312038,0.7061371199312038,20,2062.303617730038,2628.5785184620227,1.6999999999999997,0.505,0.195,0.4850198538034665,0.19410906904580166,-0.02,0.0,0.04456129387215402,0.505,-0.195,0.485022545696883,-0.1959493785161215,-0.02,0.0,0.047486770853123694,-0.505,0.195,-0.5245310701989239,0.1993054961252692,-0.02,0.0,-0.2169732253222314,-0.505,-0.195,-0.5242718453068781,-0.18965247922231593,-0.02,0.0,-0.2706688953946461
yaw+,5.2,0.0,0.0,0.2,0.018331206165584608,-0.00588938019820571,0.07352906273262048,0.00465194386247823,-0.0008502484419609811,0.018130621823857298,0.015020735477439857,0.0018270845964520536,0.1796298292501285,-1.3636604131839593e-06,-0.00042336341801362323,0.12258419901270223,0.016589913583216855,1.570823735665579,-1.5708430804131561,0.5711580877264308,0.5866724605206413,0.130237703303062,1.5707963267948966,-1.5707963267948966,0.8890133333333332,0.8890133333333332,23,4082.1198715698797,2927.5551915095966,23,2868.199674209797,2837.8992207241813,0.04104074328718266,-0.0017335596063341938,0.20511165167774786,1.4293215194418458,-1.3882807761546632,1.3882807761546632,23,2922.3902247565607,169.12093793319278,0.044992071797818944,-0.0047541170695733544,0.29065213579696636,0.7692819475493679,-0.7242898757515489,0.7242898757515489,20,1954.7467426320627,1780.3471478458723,-0.23181525289047045,0.0009089376228422277,0.3146622644586862,-1.4713903450819104,1.23957509219144,1.23957509219144,21,1634.5414162785235,266.7713555042417,-0.32413885906508355,-0.023269535511285237,0.8490469032589842,-0.9084318499245903,0.5842929908595067,0.5842929908595067,21,1999.5630693110697,2897.9512944557373,1.9,0.505,0.195,0.48501684106205334,0.19417941553709378,-0.02,0.0,0.04104074328718266,0.505,-0.195,0.48502023945069705,-0.19589953787720032,-0.02,0.0,0.044992071797818944,-0.505,0.195,-0.5244650190837901,0.1995948919538647,-0.02,0.0,-0.23181525289047045,-0.505,-0.195,-0.5239585068975108,-0.1886301478653711,-0.02,0.0,-0.32413885906508355
yaw+,5.300000000000001,0.0,0.0,0.2,0.018509584728668267,-0.006489180581230581,0.07595822509836611,0.004739825275968079,-0.001341549214359003,0.019535997184443793,0.015043122458756913,0.0017029788968985049,0.1922648042357431,-1.4661837589921803e-06,-0.001261086043742369,0.1263497498561462,0.01772519666736484,1.570823192361801,-1.5708457990946512,0.5750975345214719,0.6116983708361117,0.13349584982619023,1.5707963267948966,-1.5707963267948966,0.8890133333333332,0.8890133333333332,19,3374.3873668585265,2576.265129594419,19,2330.9836672044385,2513.9668152109753,0.03887729337339163,-0.0005370638902382416,0.20016811536134285,1.455071981848939,-1.4161946884755474,1.4161946884755474,19,2406.900820494264,114.75943869129422,0.04346202013369549,0.0007645604111334373,0.29581594280435164,0.7595033598512687,-0.7160413397175732,0.7160413397175732,19,1835.2740460575835,1714.2715147058516,-0.23957755249779566,0.00029712466255411504,0.31437114437589664,-1.4986333964010625,1.2590558439032669,1.2590558439032669,19,1482.9509635675831,234.53478656560964,-0.35311355571389846,-0.015505610134482383,0.8531432038031628,-0.942175981174486,0.5890624254605875,0.5890624254605875,19,1720.6801008499901,2683.4100405204476,2.0000000000000004,0.505,0.195,0.48501511253577734,0.19422264998722866,-0.02,0.0,0.03887729337339163,0.505,-0.195,0.4850188864986936,-0.1958689667703158,-0.02,0.0,0.04346202013369549,-0.505,0.195,-0.5244287661011288,0.19974584531855274,-0.02,0.0,-0.23957755249779566,-0.505,-0.195,-0.5237660105980233,-0.188083581401124,-0.02,0.0,-0.35311355571389846
yaw+,5.5,0.0,0.0,0.2,0.01883420092710375,-0.007604805519098079,0.08028066235830805,0.0048859949552873,-0.0020197512533739774,0.021550434001544636,0.015133962402210278,0.001252790237373757,0.21848642891322195,-1.6614303628561802e-06,-0.002677559717355782,0.13281646618122048,0.025231830571753273,1.570821943450155,-1.5708523288459686,0.5839868948385345,0.6704166652204601,0.14110064627633195,1.5707963267948966,-1.5707963267948966,0.8890133333333332,0.8890133333333332,22,3909.24332985318,3252.501072006796,22,2624.6853354040027,3208.6059592586676,0.03502967448587224,0.0006157861826305705,0.19045114045837452,1.4881204045509702,-1.453090730065098,1.453090730065098,19,2392.6606484706504,68.72154974085132,0.040398693604068114,-0.0021977293031676948,0.3134753604054897,0.7470337886503252,-0.7066350950462571,0.7066350950462571,19,1787.1721647767706,1767.457897991812,-0.25572486682006,-0.001892625640073465,0.3159404968564015,-1.5276811359343272,1.2719562691142672,1.2719562691142672,17,1334.215467266936,197.98791873428542,-0.41180505150330937,-0.010059916232279253,0.8480244639115373,-0.9801597896747657,0.5683547381714563,0.5683547381714563,18,1429.8513086042892,2664.661252006918,2.1999999999999997,0.505,0.195,0.48501226952623,0.1942995497819794,-0.02,0.0,0.03502967448587224,0.505,-0.195,0.48501631832490183,-0.19580775411379012,-0.02,0.0,0.040398693604068114,-0.505,0.195,-0.5243496039431357,0.20005893538640196,-0.02,0.0,-0.25572486682006,-0.505,-0.195,-0.5233279963750895,-0.18699471743942123,-0.02,0.0,-0.41180505150330937
yaw+,5.6000000000000005,0.0,0.0,0.2,0.019035250316995357,-0.008299417717199314,0.08291531541022014,0.004974320929633927,-0.0023907384855677847,0.02312696656508953,0.015209946252823337,0.0009097476089778887,0.23214651122140548,-1.7781406484717762e-06,-0.0035135702473821674,0.13660082308183513,0.024510013945737468,1.5708212439291964,-1.570855261679947,0.58826395484098,0.6985801331834026,0.1447496947884438,1.5707963267948966,-1.5707963267948966,0.8890133333333332,0.8890133333333332,22,3909.4272952397305,3376.9343241860124,22,2583.532890391956,3348.069875939663,0.03281938127974282,0.0004480167292361184,0.18108348306926558,1.5164950003612785,-1.4836756190815357,1.4836756190815357,22,2763.3081318141667,58.24951083995997,0.038776383001149384,0.0011048810309675743,0.3163670649273187,0.7485414870551732,-0.7097651040540238,0.7097651040540238,23,2138.7036591844426,2165.990084209467,-0.26428380991373146,-0.004946526522140584,0.3168562669590035,-1.5471213024266486,1.2828374925129171,1.2828374925129171,23,1808.358567210754,262.3648760794827,-0.44215021102908736,-0.012771650565511859,0.8558006276784822,-1.0008027732854823,0.5586525622563949,0.5586525622563949,23,1716.0506878732708,3462.4944274328777,2.3000000000000003,0.505,0.195,0.4850107701511024,0.19434373020186743,-0.02,0.0,0.03281938127974282,0.505,-0.195,0.4850150341948504,-0.1957753333263837,-0.02,0.0,0.038776383001149384,-0.505,0.195,-0.5243055966035012,0.20022436022713647,-0.02,0.0,-0.26428380991373146,-0.505,-0.195,-0.5230766742534638,-0.186442322281474,-0.02,0.0,-0.44215021102908736
yaw+,5.800000000000001,0.0,0.0,0.2,0.019424651141239587,-0.009631479203553683,0.08793263352583819,0.005038635540247481,-0.002545749560732776,0.023789705272941535,0.015427821634653838,1.607660894640617e-05,0.26055068853080415,-2.013626822211222e-06,-0.0048462713275443416,0.14333449870148673,0.024956752724897138,1.570820464961022,-1.5708609978427175,0.5987487321414813,0.7496254353028887,0.15167085972115268,1.5707963267948966,-1.5707963267948966,0.8890133333333332,0.8890133333333332,20,3552.007446769155,3303.494530126264,20,2263.7361140449,3308.2362396221197,0.02835216479154301,0.0011937943495440861,0.18538181634299764,1.5248866176965086,-1.4965344529049656,1.4965344529049656,20,2495.0563989334796,21.89169469915184,0.03520573754399248,0.001531167486976067,0.31459959920674374,0.747858912461095,-0.7126531749171026,0.7126531749171026,22,1978.1176908670932,2140.917015551753,-0.2823246944598683,0.0011216546508113247,0.31861499026951445,-1.5530116452307914,1.270686950770923,1.270686950770923,22,1734.392348788155,237.7366557419038,-0.5046922436225607,0.1146865697016455,0.8052973302914144,-1.0080042631079225,0.5033120194853618,0.5033120194853618,22,1334.0641459256044,3452.009219693166,2.5000000000000004,0.505,0.195,0.48500803791402547,0.19443303267029233,-0.02,0.0,0.02835216479154301,0.505,-0.195,0.4850123931594286,-0.19570396930809816,-0.02,0.0,0.03520573754399248,-0.505,0.195,-0.5242082079915087,0.20057178120128025,-0.02,0.0,-0.2823246944598683,-0.505,-0.195,-0.5225064665560686,-0.18532923846218663,-0.02,0.0,-0.5046922436225607
yaw+,5.9,0.0,0.0,0.2,0.01965795117845571,-0.010433468114496969,0.09084898491179763,0.004946339997870861,-0.0021967174981075725,0.022050864344154802,0.015558330855401791,-0.00047424716133771295,0.27502493018630964,-2.0931928743550655e-06,-0.005073953218066831,0.1447424165550546,0.021636165592910688,1.5708211635692457,-1.5708631992236803,0.602256510897236,0.7622894285607451,0.15348992938626074,1.5707963267948966,-1.5707963267948966,0.8890133333333332,0.8890133333333332,19,3373.9345744868483,3207.5677996920913,19,2120.6192678866723,3220.33777906109,0.026322772062582267,0.0013915997703521435,0.19598212269349533,1.4935180952689457,-1.4671953232063635,1.4671953232063635,19,2364.954392988242,33.7560874874681,0.033505361645033815,-0.003732421327112722,0.31038571185777386,0.7424703848840719,-0.7089650232390381,0.7089650232390381,16,1419.496949042051,1575.5087168296102,-0.29091287637866436,0.0016033380102649097,0.325795177167893,-1.533014970109379,1.2421020937307146,1.2421020937307146,16,1262.314569360255,169.93322645827814,-0.5307366695934466,0.16724053506072983,0.7555537595278335,-0.9888158018512605,0.45807913225781394,0.45807913225781394,14,771.9918783129377,2227.369665809237,2.6,0.505,0.195,0.4850069284832213,0.19447360535244734,-0.02,0.0,0.026322772062582267,0.505,-0.195,0.48501122504241934,-0.19566998186184067,-0.02,0.0,0.033505361645033815,-0.505,0.195,-0.5241596487448842,0.20073653728068241,-0.02,0.0,-0.29091287637866436,-0.505,-0.195,-0.5222486885078509,-0.18487662384581444,-0.02,0.0,-0.5307366695934466
yaw+,6.1000000000000005,0.0,0.0,0.2,0.020002769744185033,-0.011642330685396197,0.09498789335146365,0.005021950869993206,-0.0008023193811539337,0.018131266780043356,0.01583969008357787,-0.0014461760335094153,0.3041416521218722,-2.203626689451714e-06,-0.005005863178350237,0.1458747713703454,0.019498877551785317,1.570822830758254,-1.5708654072021488,0.6078844048960875,0.7648206634049856,0.15440770287614708,1.5707963267948966,-1.5707963267948966,0.8890133333333332,0.8890133333333332,20,3545.9776899376884,3501.187229978428,20,2179.729832085746,3548.720769792633,0.022671955732254112,-0.0005067396445446806,0.22341221575708986,1.385910205289224,-1.36323824955697,1.36323824955697,22,2698.3172781213334,86.04363222063489,0.03131319368950081,-0.002927746575154655,0.27714873756938113,0.750547337527384,-0.7192341438378832,0.7192341438378832,22,1906.424857287609,2240.2898838783453,-0.3115223411544843,-0.006014983822059972,0.3495881477957167,-1.43811426804896,1.1265919268944757,1.1265919268944757,22,1751.502543037825,232.09581256680312,-0.5841327681417479,0.28339895943194704,0.5980738189653361,-0.8872823151579776,0.30314954701622976,0.30314954701622976,22,929.6836939964855,3578.373810598574,2.8000000000000003,0.505,0.195,0.48500513995559263,0.1945465997303024,-0.02,0.0,0.022671955732254112,0.505,-0.195,0.48500980435984004,-0.19562616153517232,-0.02,0.0,0.03131319368950081,-0.505,0.195,-0.5240373612644247,0.20113016117959248,-0.02,0.0,-0.3115223411544843,-0.505,-0.195,-0.5216838131441955,-0.1839704769382548,-0.02,0.0,-0.5841327681417479
yaw+,6.2,0.0,0.0,0.2,0.0201873991179376,-0.01230807655405833,0.09708530639277355,0.004691806310105478,-0.00026932467810246544,0.015494534433996123,0.015983275444693155,-0.0019043766320528703,0.31873165386033847,-2.2389958768906924e-06,-0.0048017131765773075,0.14590001738466232,0.016705231767770248,1.570824341206471,-1.5708662161744362,0.6120720340099354,0.7651625024187207,0.1549171967034333,1.5707963267948966,-1.5707963267948966,0.8890133333333332,0.8890133333333332,23,4075.9304893173216,4055.1777578362207,23,2486.6433752179805,4117.433442567841,0.021338084122718648,-0.003442116809319537,0.2358626275541017,1.3433523942698897,-1.322014310147171,1.322014310147171,24,2930.961200189903,111.25325369543285,0.030635176868136327,-0.010690032898995266,0.2668913696032528,0.7535376336105675,-0.7229024567424311,0.7229024567424311,25,2149.4151600684554,2577.0263072772136,-0.322699185859058,-0.004162538760459106,0.3685695620507706,-1.3855226864797354,1.0628235006206774,1.0628235006206774,15,1197.3219230437235,159.92263057163825,-0.6120885978950721,0.04872274323090856,0.6427754623418087,-0.8365099778075861,0.22442137991251399,0.22442137991251399,14,509.86464843976415,2283.9985972713794,2.9,0.505,0.195,0.485004552965584,0.19457327070189134,-0.02,0.0,0.021338084122718648,0.505,-0.195,0.48500938440663316,-0.19561260770337902,-0.02,0.0,0.030635176868136327,-0.505,0.195,-0.5239676577525314,0.2013425514883865,-0.02,0.0,-0.322699185859058,-0.505,-0.195,-0.5213689948238708,-0.18350843751023865,-0.02,0.0,-0.6120885978950721
yaw+,6.4,0.0,0.0,0.2,0.020477432622705627,-0.013402325282582065,0.10015586422643714,0.004754780453294578,0.0012500945598680033,0.011608083014735471,0.016278351282853487,-0.002778737722268318,0.34789779415035593,-2.2843855970989523e-06,-0.0045802307595362406,0.14586030280881584,0.010671130186758247,1.570826124144288,-1.5708670484579859,0.6163455256870273,0.7604785227965422,0.15487102326641086,1.5707963267948966,-1.5707963267948966,0.8890133333333332,0.8890133333333332,20,3537.374415354401,3527.0140216877635,20,2137.6473596216983,3609.333056666916,0.01961662102634687,-0.008833965885986042,0.2608188519009079,1.2228062578276282,-1.2031896368012813,1.2031896368012813,20,2417.0561379557153,119.20421227114629,0.029754699065845713,-0.0013930806802776637,0.24569125006836284,0.7749604296626775,-0.7452057305968318,0.7452057305968318,22,1859.7589292015098,2326.0550094718874,-0.3487078945900013,-0.007226747547555598,0.37350365184254175,-1.107680481473259,0.7589725868832577,0.7589725868832577,22,1765.1220470115156,249.07930215808744,-0.6613547530343205,0.0037743995517372647,-0.38819105936887244,-0.6089828776968005,-0.05237187533751997,0.05237187533751997,22,546.4646651823325,3603.401531495887,3.1,0.505,0.195,0.4850038479948064,0.19460769274134776,-0.02,0.0,0.01961662102634687,0.505,-0.195,0.48500885276799205,-0.1955950061749098,-0.02,0.0,0.029754699065845713,-0.505,0.195,-0.5237962997735566,0.20183367505977542,-0.02,0.0,-0.3487078945900013,-0.505,-0.195,-0.520783217697551,-0.1827162693324986,-0.02,0.0,-0.6613547530343205
yaw+,6.5,0.0,0.0,0.2,0.020630772164863694,-0.014004014265325274,0.10167304690864751,0.004643540703604946,0.0017740538825024128,0.010141133496711465,0.016434003713222473,-0.003208627991270278,0.3625404846150956,-2.3165433073045027e-06,-0.004572015625505025,0.1464269046473972,0.012430544781651655,1.5708267335054833,-1.5708676661258227,0.6203100237228547,0.7631772502159767,0.15562053119301397,1.5707963267948966,-1.5707963267948966,0.8890133333333332,0.8890133333333332,16,2826.2674902332096,2802.397533710889,16,1699.709943404376,2879.3510877195845,0.018733419728614642,-0.005652924745593304,0.2826446063782316,1.191217300200038,-1.1724838804714233,1.1724838804714233,16,1921.278079371582,105.32712685400818,0.029563839073165177,0.002219895374134022,0.2352545142497089,0.7903183116882315,-0.7607544726150663,0.7607544726150663,16,1345.014388253701,1710.1810772495287,-0.3626361678662331,-0.005371919185570346,0.39035996054022903,-0.9379776522292571,0.575341484363024,0.575341484363024,16,1283.1724570447159,187.8448598503151,-0.6821909682309748,-0.016240838133339385,-0.396743571562154,-0.49493402820997484,-0.187256940021,0.187256940021,16,324.84717208540565,2633.066811848052,3.1999999999999997,0.505,0.195,0.4850035093075155,0.19462535351946095,-0.02,0.0,0.018733419728614642,0.505,-0.195,0.4850087395692327,-0.19559119065388128,-0.02,0.0,0.029563839073165177,-0.505,0.195,-0.5236992983757948,0.20209480375013983,-0.02,0.0,-0.3626361678662331,-0.505,-0.195,-0.5205238637601399,-0.18239009698861186,-0.02,0.0,-0.6821909682309748
yaw+,6.7,0.0,0.0,0.2,0.020861909251944387,-0.014934206483719197,0.10383692524984323,0.004485736820309792,0.002475831026957133,0.008520239068374996,0.01675622306519309,-0.004040901003199514,0.39199553851128804,-2.3770326145031327e-06,-0.004484539343786641,0.14781828774828848,0.007023965120532187,1.5708276267788372,-1.570868122337071,0.6258580120614448,0.7666598769579942,0.15663633317126333,1.5707963267948966,-1.5707963267948966,0.8890133333333332,0.8890133333333332,22,3875.901003544381,3781.2776670644935,22,2328.1245026013853,3921.8498102705385,0.017548978451682906,-0.002381826898493618,0.2933719241469136,1.1665175633325204,-1.1489685848808375,1.1489685848808375,10,1186.332993466543,74.55797116991606,0.029395809398518047,0.005153305384229943,0.2172740240533442,0.8211207307138578,-0.7917249213153398,0.7917249213153398,10,831.870630944368,1091.3013191907182,-0.3921463659485127,-0.004800524441664232,0.39942577685416764,-0.6234880813950059,0.23134171544649318,0.23134171544649318,10,805.7178429988593,129.39973761328875,-0.7187423067983172,-0.008520088824224822,-0.4469678817289231,-0.3132983644218002,-0.405443942376517,0.405443942376517,10,115.4870157831196,1637.3084495546107,3.4,0.505,0.195,0.48500307958741157,0.19464903844568898,-0.02,0.0,0.017548978451682906,0.505,-0.195,0.48500864051387627,-0.19558783152056528,-0.02,0.0,0.029395809398518047,-0.505,0.195,-0.5234818181308156,0.2026434546233659,-0.02,0.0,-0.3921463659485127,-0.505,-0.195,-0.5200526887588272,-0.18183122780476946,-0.02,0.0,-0.7187423067983172
yaw+,6.800000000000001,0.0,0.0,0.2,0.020988482623638508,-0.015453381913652855,0.10497563811215437,0.004562034061441836,0.0028371544008126224,0.008405969652833334,0.016932418926212896,-0.004467755952981918,0.406907420287218,-2.4167842234341704e-06,-0.00461790072636678,0.14911881775929886,0.0070670290793611555,1.570827682648802,-1.570868271791209,0.6262553735016855,0.7709600859004324,0.15716473586061452,1.5707963267948966,-1.5707963267948966,0.8890133333333332,0.8890133333333332,22,3869.5403880307585,3737.95257196507,22,2326.652223441162,3903.0643283859413,0.017076402092450316,-0.0022644134211399474,0.29336851234498623,1.1704875287241943,-1.153411126631744,1.153411126631744,22,2596.876170334944,170.4638025534187,0.029267037614189917,0.005797460955669079,0.21781252529994016,0.8393086008468885,-0.8100415632326986,0.8100415632326986,21,1740.4125781733753,2316.795828645673,-0.4073432903590728,-0.003986642817625427,0.4104793226872914,-0.5004955635091682,0.09315227315009543,0.09315227315009543,21,1692.7907234035706,285.6749792696216,-0.7354689558121699,0.0022828688617388977,-0.45676914423928977,-0.24658929827257134,-0.4888796575395985,0.4888796575395985,21,157.26227744205872,3432.8523947159047,3.5000000000000004,0.505,0.195,0.4850029159642244,0.19465848855637152,-0.02,0.0,0.017076402092450316,0.505,-0.195,0.48500856498351275,-0.19558525719266645,-0.02,0.0,0.029267037614189917,-0.505,0.195,-0.5233635314849868,0.20292342800812235,-0.02,0.0,-0.4073432903590728,-0.505,-0.195,-0.5198303239219622,-0.1815813006453801,-0.02,0.0,-0.7354689558121699
yaw+,7.0,0.0,0.0,0.2,0.02124323981118665,-0.016513072006302046,0.10720614413251099,0.004791477834840761,0.003077212538188501,0.008408821570805232,0.017340745810508734,-0.005396637186861738,0.43702714143495786,-2.4746825413705747e-06,-0.005228945176511016,0.1509759822368102,0.011047276851769807,1.5708276698739798,-1.570869428888261,0.6289355949644665,0.7938661699068863,0.16004279228372048,1.5707963267948966,-1.5707963267948966,0.8890133333333332,0.8890133333333332,19,3333.9679069198423,3151.248470068282,19,1994.1762300811358,3316.4041220586123,0.016041913901786664,-0.0022282878891816188,0.2951979842190419,1.1555836710303158,-1.1395417571285291,1.1395417571285291,22,2580.947213338219,188.7341960570876,0.028926060313109403,0.003386441715083125,0.20183256965193125,0.8382857637869817,-0.8093597034738723,0.8093597034738723,12,981.4117633876974,1347.2312024270395,-0.4402865903867017,-0.003228843167618729,0.4147883876780241,-0.40526064234113196,-0.035025948045569744,0.035025948045569744,9,723.2855877314813,135.87010421789597,-0.7694317771238666,-0.0022354207182780084,-0.4764094008538256,-0.20153507557076725,-0.5678967015530993,0.5678967015530993,9,10.94716832026807,1468.773127792571,3.6999999999999997,0.505,0.195,0.48500257337482894,0.19467917548270147,-0.02,0.0,0.016041913901786664,0.505,-0.195,0.4850083665862559,-0.1955784405332193,-0.02,0.0,0.028926060313109403,-0.505,0.195,-0.5230925911182034,0.20352397481398832,-0.02,0.0,-0.4402865903867017,-0.505,-0.195,-0.5193661222731725,-0.18108545613998586,-0.02,0.0,-0.7694317771238666
yaw+,7.1000000000000005,0.0,0.0,0.2,0.021369628725862486,-0.017037847546958265,0.10829513163244084,0.004753996200533511,0.0031426600697243073,0.008144095478795169,0.0175717337935551,-0.0058916843237449635,0.4521894138466905,-2.4932694719997985e-06,-0.0054628477361553796,0.1516227241173266,0.008958919950697313,1.5708276870736793,-1.570869529086436,0.6282916501987656,0.8004905244076694,0.16071549419799538,1.5707963267948966,-1.5707963267948966,0.8890133333333332,0.8890133333333332,22,3855.5744368530613,3596.507393623161,22,2294.940000024838,3801.960893307613,0.015487709340722411,-0.001931964645309564,0.2964283288466932,1.1506699758479073,-1.135182266507185,1.135182266507185,18,2110.2985850407053,161.94924260869806,0.028754083814492404,0.00306699854189001,0.20031395829943674,0.840837559377587,-0.8120834755630946,0.8120834755630946,20,1621.5815284798407,2260.191605276645,-0.45670293980018783,-0.002828204864566664,0.4211694174909994,-0.3462512470744164,-0.11045169272577143,0.11045169272577143,20,1602.8252640190415,317.39061302936574,-0.7851116818746195,-0.003744125073622908,-0.48408556395669206,-0.17255986325232062,-0.6125518186222989,0.6125518186222989,20,109.55824774569858,3261.734119921471,3.8000000000000003,0.505,0.195,0.48500239864345895,0.1946902581964488,-0.02,0.0,0.015487709340722411,0.505,-0.195,0.4850082674037143,-0.19557500243356615,-0.02,0.0,0.028754083814492404,-0.505,0.195,-0.5229502269639091,0.20381982720602554,-0.02,0.0,-0.45670293980018783,-0.505,-0.195,-0.5191461865038908,-0.18086191641709748,-0.02,0.0,-0.7851116818746195
yaw+,7.300000000000001,0.0,0.0,0.2,0.021623510545380604,-0.01808592398544219,0.11045139345722924,0.004647347551754822,0.0034677638074356756,0.00721824156917052,0.01807900820071326,-0.006917061367351826,0.4826639011251115,-2.515522031493323e-06,-0.005760492660411509,0.15253171920057376,0.008260544059987603,1.5708279052516634,-1.5708694422017295,0.6280038216756811,0.8090760730742746,0.16164885704086504,1.5707963267948966,-1.5707963267948966,0.8890133333333332,0.8890133333333332,21,3671.5172796362403,3332.332515987949,20,2062.1298532614264,3387.1670894792283,0.014491072317320608,-0.001474770337893349,0.29944371661219105,1.1353650805998556,-1.120874008282535,1.120874008282535,20,2341.874049577026,195.66739664185758,0.027740682711330678,0.002124772044391982,-0.04080225767070429,0.8551182000095829,-0.8273775172982523,0.8273775172982523,20,1599.1028870297093,2284.2467388825517,-0.48954491344950934,-0.0017999200598044938,0.4315127722184709,-0.09581725899655763,-0.3937276544529517,0.3937276544529517,22,1754.001919142199,385.1269901116996,-0.8153410986156207,-0.0022844763258695593,-0.49223848717155594,-0.04642649928869176,-0.7689145993269288,0.7689145993269288,22,300.57544164338776,3578.230972249126,4.0,0.505,0.195,0.4850020998750224,0.19471018869687154,-0.02,0.0,0.014491072317320608,0.505,-0.195,0.4850076949612854,-0.1955547424979082,-0.02,0.0,0.027740682711330678,-0.505,0.195,-0.5226509388549504,0.20440448603267625,-0.02,0.0,-0.48954491344950934,-0.505,-0.195,-0.5187124025473504,-0.1804408098996057,-0.02,0.0,-0.8153410986156207
yaw+,7.4,0.0,0.0,0.2,0.021745381100129985,-0.01858511299898263,0.1114681232386472,0.004603581985119138,0.0036945880312168147,0.006505451187487294,0.018347671242867413,-0.007430318210109893,0.4979347415262531,-2.5181921754865992e-06,-0.005793205964270427,0.15270840401141692,0.0061546659692725495,1.5708280440440667,-1.5708693074839193,0.6286368202268048,0.8095713958321618,0.16177577541995683,1.5707963267948966,-1.5707963267948966,0.8890133333333332,0.8890133333333332,20,3492.753361299631,3119.936922938862,20,2050.5446548673717,3347.684427629267,0.014052042777026763,-0.0025503187591133973,0.3025332496302461,1.1174821573168112,-1.1034301145397845,1.1034301145397845,20,2340.422974540154,201.89486371525584,0.027311175542273247,0.0017040443486688057,-0.04008085682704485,0.8617950255564507,-0.8344838500141775,0.8344838500141775,20,1589.1368409725505,2294.741429130521,-0.5041902850583213,-0.0011760130733252392,0.4396352100270443,0.09003750314506587,-0.5942277882033872,0.5942277882033872,18,1430.9470526821012,328.301317005461,-0.8271125385435969,-0.0022455855131868355,-0.5007498118872163,0.055557267493439914,-0.8826698060370368,0.8826698060370368,18,305.3318246105913,2923.365064310793,4.1,0.505,0.195,0.4850019745665703,0.19471896839341832,-0.02,0.0,0.014052042777026763,0.505,-0.195,0.48500745853946714,-0.19554615560866365,-0.02,0.0,0.027311175542273247,-0.505,0.195,-0.5225113186719558,0.2046619727990309,-0.02,0.0,-0.5041902850583213,-0.505,-0.195,-0.5185400738427601,-0.18028040760304131,-0.02,0.0,-0.8271125385435969
yaw+,7.6000000000000005,0.0,0.0,0.2,0.021978433153047493,-0.019531965650328168,0.11336809846369394,0.004460432033470375,0.004154614675212983,0.004766277521193669,0.018899594549924886,-0.008428472154309424,0.5284533157597574,-2.511278328342436e-06,-0.005683649129722326,0.15253175071209246,0.0018487199215329883,1.5708283119903195,-1.5708690198625117,0.6291723280390966,0.8074403675220118,0.16159630449178478,1.5707963267948966,-1.5707963267948966,0.8890133333333332,0.8890133333333332,21,3658.908170980837,3159.6714964713537,21,2130.2400317892043,3424.014611059913,0.012719314327322984,-0.0029646386427275863,0.3078390581860798,1.070834130058387,-1.058114815731064,1.058114815731064,25,2918.5534018901294,273.0448955676587,0.02539134871754989,0.00041839380939341295,-0.035483625300856636,0.8757203331540353,-0.8503289844364854,0.8503289844364854,25,1954.0507927838441,2906.0800340941646,-0.5476262872314148,0.000797974223982768,0.45550385231032203,0.4463985250723849,-0.9940248123037998,0.9940248123037998,26,2050.94310019539,528.9079082569377,-0.8538219041992683,-0.0020004585201270327,-0.5264603186281402,0.3068424459953905,-1.1606643501946587,1.1606643501946587,22,552.6060967303717,3553.8381961535288,4.300000000000001,0.505,0.195,0.4850016177877588,0.19474562057254088,-0.02,0.0,0.012719314327322984,0.505,-0.195,0.4850064468595172,-0.19550777240835895,-0.02,0.0,0.02539134871754989,-0.505,0.195,-0.5220752565692967,0.20541324219888743,-0.02,0.0,-0.5476262872314148,-0.505,-0.195,-0.518142140219497,-0.17992405391190724,-0.02,0.0,-0.8538219041992683
yaw+,7.7,0.0,0.0,0.2,0.022094185538969212,-0.020002027705312543,0.11428652140483682,0.004384106281709764,0.00432777416307396,0.0038072737605103447,0.019183766881729618,-0.008915697304464301,0.5436757787249096,-2.502683428753763e-06,-0.005640409546057271,0.15222462965152192,0.004143972416935917,1.5708283988593186,-1.5708688338260774,0.6282076274828919,0.8055676510529186,0.1612771397611406,1.5707963267948966,-1.5707963267948966,0.8890133333333332,0.8890133333333332,21,3656.252338277394,3109.549891954297,21,2123.1108326332514,3383.5683822195024,0.011977928820239292,-0.006349082362718904,0.30912276231231717,1.0377912219077774,-1.025813293087538,1.025813293087538,21,2449.188630618388,234.58053414966363,0.02420589506872073,-0.010758222245305475,-0.03369176487161815,0.8776758331569681,-0.8534699380882473,0.8534699380882473,24,1864.9910963596249,2804.0519397330304,-0.5677003572960526,0.0005421494854976313,0.46495894626880807,0.5764563283978918,-1.1441566856939445,1.1441566856939445,24,1884.374106071526,513.5349849913435,-0.8652327984918351,-0.0017828512820720682,-0.5390616021029307,0.43507002845868714,-1.3003028269505221,1.3003028269505221,24,684.7572613448125,3865.734694152917,4.4,0.505,0.195,0.4850014346906351,0.19476044715183005,-0.02,0.0,0.011977928820239292,0.505,-0.195,0.48500585896747594,-0.19548407062660045,-0.02,0.0,0.02420589506872073,-0.505,0.195,-0.5218627941767378,0.2057538910424543,-0.02,0.0,-0.5677003572960526,-0.505,-0.195,-0.5179692583256419,-0.17977507509106308,-0.02,0.0,-0.8652327984918351
yaw+,7.9,0.0,0.0,0.2,0.022318000359476772,-0.020915262409073022,0.11609573158143259,0.004933680571230431,0.002824830157701014,0.007560562016214559,0.019993072924525658,-0.010229496844345584,0.5752995940266632,-2.6984682008969252e-06,-0.008782652962094996,0.16216069125816598,0.0036934089881973968,1.5708296270811903,-1.5708671718542835,0.6259397988460761,0.9016902862279137,0.17183432747136895,1.5707963267948966,-1.5707963267948966,0.8890133333333332,0.8890133333333332,19,3311.158550666476,2727.5592175448,20,2065.0186632573923,3219.408420702819,0.009207913285311342,-0.003171316215265004,0.29632204366334153,1.0810167022886312,-1.0718087890033199,1.0718087890033199,20,2382.145088793393,245.79904302639204,0.02111802972881982,0.0029327182019975133,0.21637797664228475,0.7916411066479018,-0.770523076919082,0.770523076919082,21,1560.0876519626847,2417.728366110878,-0.6155732342386937,0.006745575317922499,-0.022656317477715522,-0.31979818930169107,-0.29577504493700263,0.29577504493700263,21,1532.6156345487545,463.4668701302365,-0.8885661445408743,-0.0031653237927191406,-0.4701851866323027,-0.1713535419530152,-0.7172126025878591,0.7172126025878591,21,746.7584625760985,3345.2385176287694,4.6,0.505,0.195,0.4850008478506802,0.19481584433661298,-0.02,0.0,0.009207913285311342,0.505,-0.195,0.4850044595460568,-0.19542232920183433,-0.02,0.0,0.02111802972881982,-0.505,0.195,-0.5213288516068961,0.20654853259942432,-0.02,0.0,-0.6155732342386937,-0.505,-0.195,-0.5176105117548438,-0.17947663073682313,-0.02,0.0,-0.8885661445408743
yaw+,8.0,0.0,0.0,0.2,0.02245306565538879,-0.02140782250311784,0.11730510522882981,0.00499556264262119,0.0031990307009273737,0.009169345113171717,0.020473690333376468,-0.010971154943928852,0.5918120313002649,-2.7381970805754177e-06,-0.00883770193766853,0.1651243727360174,0.014006985373274553,1.5708297835788647,-1.5708668020726124,0.6390352453622318,0.9165141150253274,0.17497480627442977,1.5707963267948966,-1.5707963267948966,0.8890133333333332,0.8890133333333332,18,3127.120031698497,2561.8997139221187,18,1847.4604782264066,2893.6673387407573,0.008821716417748426,-0.006536235487764829,0.2890661618369838,1.1734166535941042,-1.1645949371763558,1.1645949371763558,21,2498.483867612677,267.70331301259864,0.020953055009449884,0.005182306173274583,0.22306531176789932,0.8448263813228547,-0.8238733263134048,0.8238733263134048,16,1174.8750277893575,1851.0650262470717,-0.6416371107122263,0.006976611726259473,-0.022361344351475958,-0.47123998782123827,-0.17039712289098802,0.17039712289098802,17,1227.9419257904538,396.7661120666403,-0.9001589363988973,-0.0031264503438040193,-0.4619852697369875,-0.2286816017710997,-0.6714773346277976,0.6714773346277976,17,673.992721546885,2690.3367144397657,4.699999999999999,0.505,0.195,0.4850007782217586,0.1948235679600682,-0.02,0.0,0.008821716417748426,0.505,-0.195,0.48500439014452146,-0.19541903043742706,-0.02,0.0,0.020953055009449884,-0.505,0.195,-0.5210223401681171,0.20697015520104653,-0.02,0.0,-0.6416371107122263,-0.505,-0.195,-0.5174297092252368,-0.17933148607633562,-0.02,0.0,-0.9001589363988973
yaw+,8.200000000000001,0.0,0.0,0.2,0.02268628131963023,-0.022176890977688005,0.11954310765272955,0.005002382802389917,0.0038539015031337546,0.008554098286336784,0.021467466279685727,-0.012424300556386452,0.6252760985992218,-2.784128001119238e-06,-0.008785262096936051,0.1677553097890389,0.005344485371757631,1.5708303286914829,-1.5708666159445341,0.6526994168518522,0.9281200877047081,0.17781729954030004,1.5707963267948966,-1.5707963267948966,0.8890133333333332,0.8890133333333332,22,3812.278711423954,3112.1509087958816,22,2241.351426279844,3538.595682622067,0.008263465024190175,-0.007312184443706428,0.2909602785943124,1.1758655294151898,-1.1676020643909997,1.1676020643909997,20,2379.4549895894907,275.2912674216597,0.020630572238562905,0.00437295555057482,0.2170414456067014,0.8756846500416492,-0.8550540778030863,0.8550540778030863,21,1503.9544650946882,2444.3374793382504,-0.689986957816064,0.007708408336282708,-0.021527971777353494,-0.1832795740247824,-0.5067073837912817,0.5067073837912817,21,1482.2399699343732,535.2651898521324,-0.9208819031647231,-0.003055084307105582,-0.4761594316862801,-0.086928087516198,-0.8339538156485251,0.8339538156485251,21,990.6966403451329,3285.4978655015548,4.9,0.505,0.195,0.48500068284465636,0.19483473258040812,-0.02,0.0,0.008263465024190175,0.505,-0.195,0.4850042560541504,-0.1954125821760785,-0.02,0.0,0.020630572238562905,-0.505,0.195,-0.5204250863353305,0.20773054246870887,-0.02,0.0,-0.689986957816064,-0.505,-0.195,-0.5171023655511716,-0.17907728829420647,-0.02,0.0,-0.9208819031647231
yaw+,8.3,0.0,0.0,0.2,0.022803433037260172,-0.02254469622438761,0.12066588146193472,0.004945778978864887,0.004202235306840234,0.007450110556799564,0.02196995280056234,-0.013120833276886885,0.6420703213885719,-2.7849045018696135e-06,-0.008588657967537692,0.16794222789350188,0.006980914360025256,1.5708310830639114,-1.5708661512197892,0.6564034771937669,0.9262780740826385,0.17802675047490032,1.5707963267948966,-1.5707963267948966,0.8890133333333332,0.8890133333333332,22,3804.8640277638638,3098.476202072797,22,2231.4134214204582,3530.256578685505,0.00799249684753267,-0.005209710867732269,0.296097325094073,1.1503706568886103,-1.1423781600410776,1.1423781600410776,20,2378.955410403169,286.75091058352933,0.02079802103831252,0.007962435863203306,0.20264460809075494,0.8845235771690341,-0.8637255561307216,0.8637255561307216,20,1417.15760851319,2337.584360271823,-0.70989363964941,0.007428623122819838,-0.021398285078438703,0.09597387398860889,-0.8058675136380189,0.8058675136380189,20,1398.0244421313973,529.8146190940431,-0.9293433366441768,-0.0030683443776413667,-0.48767846528612346,0.055804908019252364,-0.9851482446634292,0.9851482446634292,21,1064.4571342460135,3265.685243326857,5.0,0.505,0.195,0.48500063879665806,0.19484015176491307,-0.02,0.0,0.00799249684753267,0.505,-0.195,0.4850043254208716,-0.19541593043360245,-0.02,0.0,0.02079802103831252,-0.505,0.195,-0.5201686240193859,0.20803506215399484,-0.02,0.0,-0.70989363964941,-0.505,-0.195,-0.5169672049558984,-0.17897545615178015,-0.02,0.0,-0.9293433366441768
yaw+,8.5,0.0,0.0,0.2,0.02299939732624159,-0.02316147912729209,0.1224536265021226,0.004861327129736791,0.004654108678752068,0.005061434747775175,0.02299641007364143,-0.014470813920990578,0.6756768234609015,-2.781595894959702e-06,-0.008424147668807364,0.1679609240878952,0.005034494976002772,1.570832737765869,-1.5708649117319968,0.6588466243642017,0.9236827999853375,0.178009638596386,1.5707963267948966,-1.5707963267948966,0.8890133333333332,0.8890133333333332,20,3450.539739856625,2792.379272082024,22,2228.6934290135673,3513.879045646076,0.007764322555652292,0.0007737372989054629,0.30700338564552015,1.0717155422079354,-1.0639512196522831,1.0639512196522831,12,1429.8659784955967,181.33226948940492,0.0210402317975813,0.009501063688698859,0.16740649182040143,0.8822051168464249,-0.8611648850488436,0.8611648850488436,12,832.3880167178585,1406.547702114607,-0.7434836339610982,0.00783898547076475,-0.020996089308036148,0.4886865404160412,-1.2321701743771394,1.2321701743771394,12,820.9135103132119,335.95018775996954,-0.943882651335179,-0.0029132706347902455,-0.514885491251305,0.33983595545594836,-1.2837186067911275,1.2837186067911275,12,677.8187364752675,1846.6114473178318,5.199999999999999,0.505,0.195,0.48500060284401897,0.19484471510911525,-0.02,0.0,0.007764322555652292,0.505,-0.195,0.48500442675023037,-0.1954207735888765,-0.02,0.0,0.0210402317975813,-0.505,0.195,-0.5197223022059636,0.20853712738199204,-0.02,0.0,-0.7434836339610982,-0.505,-0.195,-0.5167329624171201,-0.17880316102079027,-0.02,0.0,-0.943882651335179
yaw+,8.600000000000001,0.0,0.0,0.2,0.02307890309347929,-0.02341554402425225,0.12312789997739844,0.004835286608961332,0.004797383523453388,0.0041104563364150505,0.023517214193146417,-0.015121015073910461,0.692456039697926,-2.7739792031274366e-06,-0.008330656595983907,0.16779216237024516,0.005368677772915725,1.5708334810814977,-1.5708642921784035,0.6597034431001233,0.9208770239417959,0.1777904115940906,1.5707963267948966,-1.5707963267948966,0.8890133333333332,0.8890133333333332,23,3962.1594364369207,3189.513646878411,23,2331.3545710834383,3657.4599053017023,0.007689597744788834,0.002179297750432764,0.31100718527189725,1.0347402817070774,-1.0270506839622886,1.0270506839622886,22,2623.483791225114,338.8575253512389,0.021056228410776257,0.010203240472922651,-0.03886028934136282,0.8778498812553993,-0.856793652844623,0.856793652844623,19,1305.414310642989,2229.8864932105057,-0.7582305024349942,0.007693083757071082,-0.020473317527607976,0.589817062539941,-1.3480475649749353,1.3480475649749353,19,1285.6550633064057,545.7802436807424,-0.9501964679475314,-0.002834598585742445,-0.5258511256929428,0.4475524355037627,-1.3977489034512942,1.3977489034512942,19,1127.0933651804512,2906.7829038502127,5.300000000000001,0.505,0.195,0.48500059129622114,0.19484620956071724,-0.02,0.0,0.007689597744788834,0.505,-0.195,0.48500443348374106,-0.19542109345027353,-0.02,0.0,0.021056228410776257,-0.505,0.195,-0.5195210784029957,0.20875275543351413,-0.02,0.0,-0.7582305024349942,-0.505,-0.195,-0.5166304653632763,-0.1787294045765488,-0.02,0.0,-0.9501964679475314
yaw+,8.8,0.0,0.0,0.2,0.023238307577044297,-0.023938756469063148,0.12436896746044475,0.004771439454195682,0.00500497610798996,0.002491266473554235,0.02457125341254731,-0.016371244332523217,0.7259534694215797,-2.757218375217915e-06,-0.008141612629604604,0.16740433881945221,0.0011917774972322456,1.5708346339809083,-1.5708631789589456,0.6606094165084238,0.9162362478451783,0.17737030511219998,1.5707963267948966,-1.5707963267948966,0.8890133333333332,0.8890133333333332,21,3608.2560341003186,2872.4319660657457,21,2134.4156373468,3304.627504345909,0.00763291443899039,0.0032090018137975324,0.31712898819597324,0.9669348281658083,-0.959301913726818,0.959301913726818,21,2507.1052036550745,332.4914945323377,0.021563204659316604,0.009606797256964103,-0.03913735359373488,0.8684508887933685,-0.8468876841340519,0.8468876841340519,6,406.6404850159229,706.6177633927606,-0.7821023701006737,0.008137960460318767,-0.02042210968404426,0.7178067686470226,-1.4999091387476964,1.4999091387476964,4,266.06116644546574,119.14276291343218,-0.9609002703162179,-0.0026668644222788006,-0.5446355043799951,0.619277935356257,1.5614144479173184,1.5614144479173184,4,253.9612903332062,606.1935526040518,5.5,0.505,0.195,0.48500058261099965,0.19484734319356306,-0.02,0.0,0.00763291443899039,0.505,-0.195,0.48500464953778893,-0.1954312306730234,-0.02,0.0,0.021563204659316604,-0.505,0.195,-0.5191886682874797,0.2090954493446597,-0.02,0.0,-0.7821023701006737,-0.505,-0.195,-0.5164556451980943,-0.17860584881442837,-0.02,0.0,-0.9609002703162179
yaw+,8.9,0.0,0.0,0.2,0.02330371582474902,-0.02415944554095816,0.1248370328950805,0.004757419529139446,0.005035734551740202,0.0019192929466569364,0.025104556021781452,-0.016972456622376994,0.7426613702950129,-2.7474752854238184e-06,-0.008036590166239418,0.16707900873433243,0.0070481821589605705,1.5708349130968857,-1.5708628436830283,0.660774318774285,0.913085605969363,0.1770344564271734,1.5707963267948966,-1.5707963267948966,0.8890133333333332,0.8890133333333332,19,3261.415444483854,2585.5223898161253,19,1933.6480661691535,2977.156067897702,0.0076200688803949035,0.0034669334477031057,0.3192324769639532,0.9371817418910267,-0.9295616730106318,0.9295616730106318,22,2627.535364122891,352.1511995392119,0.021822744860782173,0.008907727715369795,-0.038217715989689344,0.8604056139854142,-0.838582869124632,0.838582869124632,19,1280.6189725274219,2239.126417807582,-0.7923514892981647,0.007893389669321115,-0.019803382009210835,0.7477418099679043,-1.540093299266069,1.540093299266069,21,1391.1878796013668,637.4615596637265,-0.9655894708431347,-0.002615163645679367,-0.5514485634913294,0.6704896467765125,1.5055135359701461,1.5055135359701461,21,1371.1634722974516,3168.2583918986224,5.6,0.505,0.195,0.4850005806516878,0.1948476000972636,-0.02,0.0,0.0076200688803949035,0.505,-0.195,0.485004762132938,-0.19543642025572838,-0.02,0.0,0.021822744860782173,-0.505,0.195,-0.5190434596623503,0.20924012783341284,-0.02,0.0,-0.7923514892981647,-0.505,-0.195,-0.5163786440708685,-0.17855231143569142,-0.02,0.0,-0.9655894708431347
yaw+,9.100000000000001,0.0,0.0,0.2,0.023441523913172058,-0.024621413564485408,0.12579689363485097,0.004744566699149539,0.004996080536409558,0.0009522050422013798,0.026186886863086758,-0.018132798194669213,0.7760062619453455,-2.7319197810252815e-06,-0.007904750151580028,0.1666141895213638,0.00040593031456784745,1.570835078143861,-1.5708625206986362,0.6608961378509997,0.9078419520306917,0.1764583306658191,1.5707963267948966,-1.5707963267948966,0.8890133333333332,0.8890133333333332,20,3424.1336367921435,2683.0848867663735,20,2043.3933797372563,3095.4933197759365,0.00758727372319612,0.0019874629685357366,0.32395148273463903,0.8748934559959902,-0.8673061822727941,0.8673061822727941,20,2389.249491450687,326.9471778361628,0.022108801653875076,0.008110508295377699,-0.03638497664773796,0.8361062832960368,-0.8139974816421617,0.8139974816421617,20,1333.4254094853168,2364.755242292377,-0.8112229223811163,0.00834137289231247,-0.019958335196187865,0.7806481799453647,1.5497215512633125,1.5497215512633125,20,1312.3268886345775,624.8861128041357,-0.9743910735881176,-0.002508742776557923,-0.5627799311396604,0.7418998270022289,1.4253017529994467,1.4253017529994467,21,1442.4728792164108,3139.6793259528795,5.800000000000001,0.505,0.195,0.4850005756644639,0.19484825598144684,-0.02,0.0,0.00758727372319612,0.505,-0.195,0.4850048877920051,-0.19544214001141594,-0.02,0.0,0.022108801653875076,-0.505,0.195,-0.5187722434118149,0.2095025967125105,-0.02,0.0,-0.8112229223811163,-0.505,-0.195,-0.5162334391804186,-0.17845279950626586,-0.02,0.0,-0.9743910735881176
yaw+,9.200000000000001,0.0,0.0,0.2,0.023508112551632154,-0.024844232966113294,0.12625253358120414,0.004729451581572215,0.004948499657554838,0.0005831188411826605,0.026734081126824575,-0.018690757714397925,0.7926444180173932,-2.725460867340278e-06,-0.00781498761126399,0.1663815607204767,0.0010334053856109835,1.5708351594042504,-1.57086240958699,0.6607953055041558,0.906972226511482,0.17634915819077293,1.5707963267948966,-1.5707963267948966,0.8890133333333332,0.8890133333333332,21,3591.5851436306557,2800.10452834649,21,2149.7251977313404,3232.6008779057074,0.007524552034338328,0.0016100671443627396,0.3258256303883137,0.8478205116821705,-0.8402959596478322,0.8402959596478322,19,2269.7167654867617,313.5452576078062,0.021961953203181395,0.007372989618516752,-0.03581242771773224,0.8238813486434996,-0.8019193954403182,0.8019193954403182,22,1457.9125959102648,2605.1114063151795,-0.8208097323770005,0.00845178264661159,-0.019292973969190635,0.7895982857984042,1.5311846354143885,1.5311846354143885,21,1368.6497934671108,666.3251546579128,-0.9786165143454824,-0.0023784929110289166,-0.5668732569726218,0.7657858516991132,1.3971902875451978,1.3971902875451978,21,1473.1143571661942,3127.7151343852265,5.9,0.505,0.195,0.4850005661861618,0.194849510379415,-0.02,0.0,0.007524552034338328,0.505,-0.195,0.4850048230800217,-0.19543920375541005,-0.02,0.0,0.021961953203181395,-0.505,0.195,-0.5186325790249376,0.20963396013144875,-0.02,0.0,-0.8208097323770005,-0.505,-0.195,-0.5161634198903663,-0.17840548113528526,-0.02,0.0,-0.9786165143454824
yaw+,9.4,0.0,0.0,0.2,0.023636472632230426,-0.025276811108061178,0.12711586571420763,0.004713286650748627,0.004807684443416723,-6.621535768840461e-05,0.027848458497632282,-0.019771789389189106,0.8258837052941259,-2.7202417064108695e-06,-0.007743053843133955,0.1661236857782178,-0.0010557601633358876,1.570835217247601,-1.570862396765773,0.6610820780505703,0.9031491179034515,0.1759513760741711,1.5707963267948966,-1.5707963267948966,0.8890133333333332,0.8890133333333332,20,3415.1482458307705,2641.4427166539776,20,2053.4583543492004,3051.492363167209,0.0073161328219164545,0.0009463544297028319,0.3282172602026843,0.7905951546682475,-0.783279021846331,0.783279021846331,21,2508.0946075860334,351.84082864492774,0.021402815564987243,0.005760497968416659,-0.035387633914073124,0.7933363719298908,-0.7719335563649036,0.7719335563649036,12,785.8181433074467,1425.5118334453018,-0.8389121168285225,0.008177347245097763,-0.019071697066863347,0.7973969681951892,1.5052835685660815,1.5052835685660815,12,771.1929723009691,392.3572934959049,-0.9869619361403359,-0.0022595144027574136,-0.5742250154724698,0.8001061774077497,1.3545245400417076,1.3545245400417076,12,885.5275986689885,1769.8871105873184,6.1,0.505,0.195,0.48500053525560716,0.19485367864889772,-0.02,0.0,0.0073161328219164545,0.505,-0.195,0.48500458063027896,-0.19542802363133907,-0.02,0.0,0.021402815564987243,-0.505,0.195,-0.5183654503086562,0.20987833115799087,-0.02,0.0,-0.8389121168285225,-0.505,-0.195,-0.5160245444966021,-0.17831289663714994,-0.02,0.0,-0.9869619361403359
yaw+,9.5,0.0,0.0,0.2,0.023710903500766572,-0.025530261310378076,0.12760930434715287,0.004707293075677661,0.004705806253314893,-0.0004087237542147997,0.028412818727585436,-0.02029257743362338,0.8424749861966772,-2.717652366989541e-06,-0.007679339701576613,0.16591280902551403,0.004181494671014898,1.570835206814273,-1.5708624061297343,0.6606667285144664,0.9026288336801314,0.17584613201053523,1.5707963267948966,-1.5707963267948966,0.8890133333333332,0.8890133333333332,15,2558.5451571635476,1967.305329584522,15,1543.2629824646747,2273.579616675088,0.007135684870291037,-0.0030862424763209244,0.3284985269300313,0.7553506679021398,-0.7482149830318487,0.7482149830318487,15,1790.9652471244626,253.89703768553647,0.020912614970026944,0.004776981995053795,-0.033975863414972884,0.7722793064065296,-0.7513666914365027,0.7513666914365027,15,977.9202982166518,1783.0645614542295,-0.847919365202646,0.00861602424296276,-0.018814563678899887,0.7982178218053223,1.4954554665818252,1.4954554665818252,15,959.1264609367992,495.29470481689765,-0.9911360207363451,-0.0021004811459377605,-0.5783184553431898,0.814941922644431,1.3355147102090172,1.3355147102090172,15,1125.6128957419567,2204.626226286539,6.199999999999999,0.505,0.195,0.48500050917782517,0.19485728751370707,-0.02,0.0,0.007135684870291037,0.505,-0.195,0.48500437321526446,-0.19541822181383378,-0.02,0.0,0.020912614970026944,-0.505,0.195,-0.5182308971272817,0.20999811192141496,-0.02,0.0,-0.847919365202646,-0.505,-0.195,-0.5159547952776826,-0.1782670247587567,-0.02,0.0,-0.9911360207363451
yaw+,9.700000000000001,0.0,0.0,0.2,0.023844697201364274,-0.026003313931005467,0.12844727788742122,0.004667415721818987,0.004540196860248712,-0.001110642273452791,0.02956613993538408,-0.021304877002644947,0.8756095517314573,-2.7121306143022994e-06,-0.0076875009849630555,0.1655895124692971,-0.001158085219083761,1.5708356980195477,-1.5708620508528126,0.6592555285302292,0.89963027746608,0.17535010388396619,1.5707963267948966,-1.5707963267948966,0.8890133333333332,0.8890133333333332,21,3576.5985807775805,2726.9456032575767,21,2167.1630894808904,3155.0158641209387,-0.007870241458315164,-0.0028952074914087226,0.33132998681972387,0.6863913065923857,-0.6942615480507008,0.6942615480507008,10,1194.2930511894765,174.35337159792834,0.018376945764756236,-0.01563048397655574,-0.033279282561508666,0.7323360219415948,-0.7139590761768385,0.7139590761768385,10,645.9545162761713,1190.8330991004577,-0.8654100042396777,0.008698634218167928,-0.018590607001756104,0.8068167539335984,1.4693658954165172,1.4693658954165172,10,630.3053502121898,340.0695348447152,-0.9995299554445243,-0.001790940928784105,-0.587336298661815,0.8524561519803532,1.2896065461649158,1.2896065461649158,10,786.9824184460786,1453.9183762877528,6.4,0.505,0.195,0.4850006194038089,0.19515740320421043,-0.02,0.0,-0.007870241458315164,0.505,-0.195,0.48500337702631624,-0.19536751822858578,-0.02,0.0,0.018376945764756236,-0.505,0.195,-0.5179665601778222,0.21022722289699985,-0.02,0.0,-0.8654100042396777,-0.505,-0.195,-0.5158139555004174,-0.17817566148596053,-0.02,0.0,-0.9995299554445243
yaw+,9.8,0.0,0.0,0.2,0.02390965627855278,-0.026247159609817848,0.1288122139570734,0.0046613137014256505,0.004462070330555982,-0.0014288908499883847,0.030153409819227095,-0.02179506751475787,0.8921388131390254,-2.706782046470425e-06,-0.007649657386888817,0.16529261407568016,-0.0005264828429227562,1.570835999187775,-1.5708617819718569,0.6582059441817439,0.8989930519036545,0.1751603643336744,1.5707963267948966,-1.5707963267948966,0.8890133333333332,0.8890133333333332,22,3745.2121120202614,2844.375538371617,22,2273.466933974353,3293.2034140573887,-0.009969419819952918,-0.0027275622154444273,0.3327178410747511,0.6517257727488422,-0.6616951925687952,0.6616951925687952,18,2149.5074990107328,319.0726793981429,0.016981173597882204,-0.016015178347761963,-0.03235999059173891,0.7103191063121822,-0.6933379327143,0.6933379327143,18,1160.7131589842772,2143.6153108953895,-0.8737106523940863,0.008366869932874017,-0.01848929428051585,0.8090214197807167,1.4588605814149902,1.4588605814149902,18,1125.956983961822,618.5847166573961,-1.0037147724814943,-0.0017194317349167665,-0.5908819845838285,0.8676857656355969,1.270192115472702,1.270192115472702,18,1443.5166476401903,2605.0423713486975,6.5,0.505,0.195,0.4850009938850836,0.1951993850935689,-0.02,0.0,-0.009969419819952918,0.505,-0.195,0.48500288353327525,-0.1953396071498744,-0.02,0.0,0.016981173597882204,-0.505,0.195,-0.5178397191092826,0.2103343279342371,-0.02,0.0,-0.8737106523940863,-0.505,-0.195,-0.5157434542368634,-0.17813055451236104,-0.02,0.0,-1.0037147724814943
yaw+,10.0,0.0,0.0,0.2,0.024033039148090362,-0.026730162076756797,0.12944628286123663,0.004619881522665125,0.004387212333813405,-0.001825850470322838,0.030747469270110028,-0.02227448983873938,0.9086469290992059,-2.7011138214148474e-06,-0.0076338216049040945,0.16508115960180517,-0.0020622035866966065,1.5708363937628853,-1.5708614330699717,0.6571883802005838,0.8960737810943719,0.17471753241814436,1.5707963267948966,-1.5707963267948966,0.8890133333333332,0.8890133333333332,11,1871.544127501299,1411.1072892401526,11,1139.3274331547343,1635.8283941109955,-0.01607760499762101,-0.002637250172711849,0.3339403545095998,0.61316461175078,-0.629242216748401,0.629242216748401,20,2387.2323109817526,365.67323773554887,-0.016392774738191562,-0.014958268089474501,-0.031208947338866144,0.687494482345332,-0.7038872570835235,0.7038872570835235,23,1481.944627416357,2737.5442299403944,-0.8898319182388938,0.008444659547734852,-0.018194560773473145,0.8171158054015368,1.4346449299493627,1.4346449299493627,23,1418.9486141664015,808.9443612053354,-1.0121411606198976,-0.0016370872498935327,-0.597304287085628,0.8924147982918288,1.237036694678067,1.237036694678067,23,1914.5401633190077,3296.4792694591006,6.699999999999999,0.505,0.195,0.48500258483814446,0.19532153824716417,-0.02,0.0,-0.01607760499762101,0.505,-0.195,0.48500268717045997,-0.19467215918876105,-0.02,0.0,-0.016392774738191562,-0.505,0.195,-0.5175908525854,0.21053931887737443,-0.02,0.0,-0.8898319182388938,-0.505,-0.195,-0.5156009260117375,-0.17804062596397888,-0.02,0.0,-1.0121411606198976
yaw+,10.100000000000001,0.0,0.0,0.2,0.024103178623014667,-0.027013394853553245,0.12978247426770081,0.00461286233473053,0.00433625851850866,-0.0019642327733833255,0.0319571024044155,-0.023202256392294944,0.9416175604544982,-2.6932322365488015e-06,-0.0075985053698940375,0.1647491558792461,-0.002859176426707334,1.5708365512635583,-1.5708612350176958,0.6564014361478799,0.896019807001286,0.17462294237026454,1.5707963267948966,-1.5707963267948966,0.8890133333333332,0.8890133333333332,21,3571.9474298827367,2679.127688881814,21,2178.2487599400633,3109.0876351268,-0.022499084749334486,-0.002656301987500437,0.3341385916728195,0.5952295929645609,-0.6177286777138954,0.6177286777138954,20,2385.8580081001596,375.40705270850793,-0.018849679641020245,-0.014401978198036488,-0.030883609453293964,0.6746165049589906,-0.6934661846000109,0.6934661846000109,20,1289.331233690549,2379.738320260057,-0.8973170821377536,0.00886183519173986,-0.01853667206772916,0.8168064882862175,1.4274690831658223,1.4274690831658223,21,1285.7016845549667,747.1630587515124,-1.0164465766128874,-0.0015957050085216276,-0.6004614960577872,0.8978661857581883,1.2272798912187175,1.2272798912187175,21,1781.1873453913893,2994.2705090601844,6.800000000000001,0.505,0.195,0.48500506187460973,0.19544994373183083,-0.02,0.0,-0.022499084749334486,0.505,-0.195,0.48500355299902237,-0.19462302873174178,-0.02,0.0,-0.018849679641020245,-0.505,0.195,-0.5174741866063862,0.2106331272786047,-0.02,0.0,-0.8973170821377536,-0.505,-0.195,-0.515527810824666,-0.17799514189297527,-0.02,0.0,-1.0164465766128874
yaw+,10.3,0.0,0.0,0.2,0.024232469022653975,-0.027547348197266452,0.130371178158781,0.00458737489098454,0.004285561944443356,-0.0021488540314275753,0.03319262098766092,-0.02408671495893367,0.9745353938153513,-2.686340839596133e-06,-0.007606793092787938,0.16455269844513634,-0.0017161520493014933,1.5708367560356278,-1.570861021568109,0.6559358667131686,0.893562286842407,0.1742941408246079,1.5707963267948966,-1.5707963267948966,0.8890133333333332,0.8890133333333332,21,3571.2973156396083,2657.8278259981084,21,2182.5911365075067,3089.6377017985083,-0.03319328049181358,-0.00275494847168015,0.33403083374588644,0.5747248641111441,-0.6079181446029577,0.6079181446029577,21,2502.8290248120165,408.1508337948377,-0.025650094773816967,-0.013802683651966663,-0.030314988984341207,0.6611100510649268,-0.6867601458387438,0.6867601458387438,23,1486.6379494961097,2733.9353763828885,-0.9128937744176095,0.008899615040363313,-0.01763246773788474,0.8195507692158754,1.4091481099563083,1.4091481099563083,17,1025.3388081531705,618.1982326726699,-1.0247474154913778,0.006063768374995405,-0.6063421998305656,0.9085435152086268,1.2083017228897885,1.2083017228897885,17,1493.4012644711133,2398.8321896705575,7.0,0.505,0.195,0.48501101692711046,0.1956637437093754,-0.02,0.0,-0.03319328049181358,0.505,-0.195,0.4850065789129033,-0.19448705435567046,-0.02,0.0,-0.025650094773816967,-0.505,0.195,-0.5172291707444514,0.21082552946675256,-0.02,0.0,-0.9128937744176095,-0.505,-0.195,-0.5153862951567132,-0.17790833908253392,-0.02,0.0,-1.0247474154913778
yaw+,10.4,0.0,0.0,0.2,0.02431109684997785,-0.027877857539252673,0.1307143192248629,0.004580171383028271,0.004257530790844406,-0.002227806070736821,0.03381764625919507,-0.024511219848118524,0.9909723525721584,-2.6824853419675063e-06,-0.007555533859635016,0.1643695875680722,-0.0011601497625600993,1.5708368210640042,-1.5708608890306177,0.6554778284157493,0.8929033451424424,0.1741684981657381,1.5707963267948966,-1.5707963267948966,0.8890133333333332,0.8890133333333332,14,2380.822199063691,1762.7366473943641,15,1560.7875571643892,2198.0919705123433,-0.04152695792727634,-0.002873910368363117,0.33438847449307585,0.5645588178668145,-0.6060857757940908,0.6060857757940908,20,2381.0484634036266,403.0843328892787,-0.034095438515064025,-0.013648606512456245,-0.03000028632183599,0.6536948709612566,-0.6877903094763206,0.6877903094763206,20,1295.5389783036057,2375.1213862524373,-0.9205472089614322,0.008930468641244152,-0.018139861654080852,0.8197539342259531,1.4012915104024082,1.4012915104024082,20,1197.0698721972649,735.4836836402379,-1.0289019436621185,0.012398024369002758,-0.6152399835089013,0.9121085643128568,1.200582145614818,1.200582145614818,20,1788.0128245133835,2806.5698115492132,7.1,0.505,0.195,0.485017242404273,0.19583030046995936,-0.02,0.0,-0.04152695792727634,0.505,-0.195,0.48501162386314917,-0.19431822334172186,-0.02,0.0,-0.034095438515064025,-0.505,0.195,-0.517107694112526,0.21091866022244035,-0.02,0.0,-0.9205472089614322,-0.505,-0.195,-0.5153151979400735,-0.17786533655255807,-0.02,0.0,-1.0289019436621185
yaw+,10.600000000000001,0.0,0.0,0.2,0.024434400497760033,-0.028402145117556052,0.13123726155406526,0.004575555285266646,0.004222796865936797,-0.0022987615826599314,0.035089305473789946,-0.025329821649769494,1.0238236988816871,-2.6768094809068166e-06,-0.007572603294652078,0.16424056153699698,-0.0001903786372864022,1.570836945425886,-1.5708607221946425,0.6548893393343306,0.891675228485906,0.17396415862880305,1.5707963267948966,-1.5707963267948966,0.8890133333333332,0.8890133333333332,23,3911.675953537282,2875.0750738444476,23,2396.7456068367055,3352.7247916776278,-0.05313456341134515,-0.0007086326929866453,0.33303057456757496,0.5537810475679988,-0.606915610979344,0.606915610979344,23,2735.5678067038934,477.0217113834324,-0.0438522945431421,-0.014143946909060791,-0.0295294197578527,0.6451835796531157,-0.6890358741962578,0.6890358741962578,22,1429.815409367424,2609.578743205828,-0.933936448224026,0.009010747988932788,-0.017897001259600004,0.818831313314851,1.388824892050916,1.388824892050916,20,1180.59638777607,749.0627109918823,-1.036747125418633,0.025305053611298447,-0.6346455947746225,0.9142202831395839,1.1906252450315764,1.1906252450315764,19,1754.5891890217404,2637.217642234355,7.300000000000001,0.505,0.195,0.48502822617648067,0.19606219129265284,-0.02,0.0,-0.05313456341134515,0.505,-0.195,0.48501922715588097,-0.19412323517878835,-0.02,0.0,-0.0438522945431421,-0.505,0.195,-0.516893476462893,0.21107934133062084,-0.02,0.0,-0.933936448224026,-0.505,-0.195,-0.515180457337409,-0.17778494006977627,-0.02,0.0,-1.036747125418633
yaw+,10.700000000000001,0.0,0.0,0.2,0.024503966420912057,-0.02870014664147446,0.13152684779377813,0.004570668695980036,0.004217582148139542,-0.0023328989708310075,0.03573337187742801,-0.02572233734187272,1.0402342912876053,-2.673560928518768e-06,-0.00754247989300115,0.16410592405918067,-0.0033639208039752235,1.5708369753848999,-1.570860618163306,0.6545218679416731,0.8914139475298026,0.17389343389170736,1.5707963267948966,-1.5707963267948966,0.8890133333333332,0.8890133333333332,21,3571.8267633149944,2614.736286820658,21,2190.301830780638,3053.137574590913,-0.060405891281558155,0.0007645994711826844,0.33192795368747163,0.5504482883978146,-0.6108541796793727,0.6108541796793727,23,2733.525656428435,487.60952672606015,-0.050622836584426345,-0.014433410228331663,-0.030101937146052915,0.6431094538366949,-0.6937322904211213,0.6937322904211213,20,1302.8654322540483,2370.4295886881905,-0.9404246215039631,0.008701756466551544,-0.01735200790789143,0.8197073631913121,1.3814606688945181,1.3814606688945181,21,1232.260412685016,793.1724683029814,-1.0400538041843213,0.030631580793385002,-0.6431065681007753,0.916575792112328,1.184963057293144,1.184963057293144,18,1683.9002755414372,2486.7692115881164,7.4,0.505,0.195,0.48503647762314406,0.1962073832485052,-0.02,0.0,-0.060405891281558155,0.505,-0.195,0.48502562124356796,-0.1939879756452551,-0.02,0.0,-0.050622836584426345,-0.505,0.195,-0.5167889013067175,0.21115616928546108,-0.02,0.0,-0.9404246215039631,-0.505,-0.195,-0.5151234771108815,-0.17775137074473862,-0.02,0.0,-1.0400538041843213
yaw+,10.9,0.0,0.0,0.2,0.0246510724538815,-0.02933266253402234,0.13213029222581602,0.0045524282011196165,0.004249970309252707,-0.002398884888022506,0.03704166656235034,-0.02647611848881864,1.0730379878347927,-2.6675342530547212e-06,-0.007560562905442422,0.16400513735714684,-0.0011323027578608617,1.5708370374358926,-1.5708604385046323,0.6538126617265826,0.8911929740192244,0.17378880332193744,1.5707963267948966,-1.5707963267948966,0.8890133333333332,0.8890133333333332,16,2721.9406838926216,1974.3745440565922,16,1671.9059355265929,2312.1282551293657,-0.0786044385213085,0.003943586266603124,0.33060117353958757,0.5508871593876763,-0.6294915979089848,0.6294915979089848,17,2015.9708058040549,380.7129701484711,-0.06903580662745323,-0.015039508820674315,-0.02938289534440512,0.6466919843644875,-0.7157277909919407,0.7157277909919407,17,1114.015257844454,2011.2357595119083,-0.9574280229914578,0.008783793592965486,-0.017047213193690014,0.8261002206919255,1.35806440990641,1.35806440990641,14,805.823885368779,541.4475484798221,-1.049572664531663,0.0370395334878063,-0.6547835982052059,0.9258640445895127,1.1661559444686174,1.1661559444686174,14,1355.2437074053034,1908.6985713944227,7.6,0.505,0.195,0.4850617547709275,0.19657047037073844,-0.02,0.0,-0.0786044385213085,0.505,-0.195,0.4850476405004665,-0.19362038034176998,-0.02,0.0,-0.06903580662745323,-0.505,0.195,-0.5165125005738727,0.2113542756041526,-0.02,0.0,-0.9574280229914578,-0.505,-0.195,-0.5149588336631736,-0.177655789667176,-0.02,0.0,-1.049572664531663
yaw+,11.0,0.0,0.0,0.2,0.024713367026409177,-0.02960102857203461,0.1323827454178116,0.004556585391333326,0.004254025094487231,-0.0024375408917778466,0.037700872997536286,-0.026834631318548633,1.0894213863499986,-2.6632566220209704e-06,-0.0075038956705314915,0.16383398515206204,-0.002805074059316047,1.5708370615147338,-1.5708603439715034,0.6536174193304497,0.8901508912862105,0.1736496237308447,1.5707963267948966,-1.5707963267948966,0.8890133333333332,0.8890133333333332,23,3912.969380400614,2831.859596454119,23,2404.428813969996,3318.7167513214467,-0.08339607683775707,0.004774199005634206,0.3298932962694696,0.5476978402309558,-0.6310939170687129,0.6310939170687129,7,829.4620883608146,159.42572429369494,-0.07473206953135492,-0.015270557546090552,-0.02949396465022111,0.6447538123719349,-0.7194858819032898,0.7194858819032898,7,459.77674566272026,827.822166281538,-0.9633529417901698,0.009149846667799394,-0.017404708584831508,0.8270258496482047,1.351213862151419,1.351213862151419,7,400.9672896583172,273.1918370075759,-1.0530706372766954,0.03568744247385723,-0.6554156266943862,0.9282491906286117,1.1602728256844863,1.1602728256844863,7,685.6993183715026,949.6369352524011,7.699999999999999,0.505,0.195,0.485069508756736,0.19666598883615016,-0.02,0.0,-0.08339607683775707,0.505,-0.195,0.48505582283457827,-0.1935067494536181,-0.02,0.0,-0.07473206953135492,-0.505,0.195,-0.5164154013151985,0.2114221987813132,-0.02,0.0,-0.9633529417901698,-0.505,-0.195,-0.5148981032847162,-0.17762106011964218,-0.02,0.0,-1.0530706372766954
yaw+,11.200000000000001,0.0,0.0,0.2,0.024850007897670053,-0.03019049123788127,0.13292940086551797,0.004539892618493092,0.004312566928755594,-0.0025220813358252003,0.039033564220807476,-0.02751754248515647,1.1221580605625447,-2.655520159453671e-06,-0.007489200763052702,0.16364923079069313,-0.002777294364593219,1.5708370872006974,-1.5708602046255233,0.6532565428008811,0.8883962854538435,0.17341166528056182,1.5707963267948966,-1.5707963267948966,0.8890133333333332,0.8890133333333332,22,3743.295316607715,2688.705025317617,24,2512.578834769561,3445.188634411625,-0.10036156889627179,0.00753507496582493,0.3304335395128282,0.5501507082182239,-0.6505122771144957,0.6505122771144957,18,2129.0558993784566,424.31128866938656,-0.09058287283836197,-0.015862616512662298,-0.029498996623520596,0.6512980048281598,-0.7418808776665218,0.7418808776665218,19,1255.5286988251771,2243.7092675459903,-0.9784818968648601,0.009219108451584121,-0.017180478308611913,0.83595711803732,1.3271536386876133,1.3271536386876133,20,1123.6312861209658,795.6793744444311,-1.061448180415793,0.03242563662360179,-0.6573402358615026,0.9406568761998494,1.1394875969741511,1.1394875969741511,20,2023.2426144929984,2674.694060914859,7.9,0.505,0.195,0.4851006399283786,0.19700386345342202,-0.02,0.0,-0.10036156889627179,0.505,-0.195,0.4850819964786595,-0.19319081904612395,-0.02,0.0,-0.09058287283836197,-0.505,0.195,-0.5161656537015303,0.2115930159228967,-0.02,0.0,-0.9784818968648601,-0.505,-0.195,-0.5147521648307862,-0.17753874915382128,-0.02,0.0,-1.061448180415793
yaw+,11.3,0.0,0.0,0.2,0.024916821517959195,-0.03047900110089538,0.1331935994564043,0.004533755619447569,0.00433855382824135,-0.002556947923768664,0.039703378596414186,-0.02784026967344922,1.138503996338201,-2.650537167377233e-06,-0.0074350794587501115,0.16345935775656337,-0.0037627256700599986,1.5708370942112113,-1.5708601507068147,0.6532118241102335,0.8866523107343768,0.17321046544062838,1.5707963267948966,-1.5707963267948966,0.8890133333333332,0.8890133333333332,20,3403.0920295986193,2437.5405007327777,20,2094.954523473251,2865.704110924197,-0.10786323840893353,0.008506361301746784,0.3301316594945876,0.5513542782077475,-0.659217516616681,0.659217516616681,23,2718.71265932871,547.4945788518919,-0.09871072414132431,-0.016502913564299854,-0.029019025678621302,0.6541927282979356,-0.7529034524392599,0.7529034524392599,19,1258.8361286362313,2241.676798744362,-0.9855566377456917,0.008915592488598812,-0.016583132514914223,0.8396697994870715,1.3163662163570302,1.3163662163570302,20,1114.813560926748,803.6028555165078,-1.0654440441739688,0.030876231222110907,-0.657385875496978,0.9457714952769963,1.1303771141388281,1.1303771141388281,20,2052.7476921734874,2656.237995803626,8.0,0.505,0.195,0.48511623202483506,0.1971530840925993,-0.02,0.0,-0.10786323840893353,0.505,-0.195,0.4850973589781509,-0.19302899001641005,-0.02,0.0,-0.09871072414132431,-0.505,0.195,-0.5160479839624666,0.21167159411589306,-0.02,0.0,-0.9855566377456917,-0.505,-0.195,-0.5146823143810844,-0.17749992033658568,-0.02,0.0,-1.0654440441739688
