run,test,sim_time,gt_x,gt_y,gt_yaw,localization_x,localization_y,localization_yaw,odom_x,odom_y,odom_yaw,cmd_vel_x,cmd_vel_y,cmd_vel_yaw,distance_remaining,action_state
1,X+,1789629012.274167,2.2571527814908843e-06,1.2390738092244585e-07,6.850893545971544e-05,-5.24710493703881e-05,1.1608212468112629e-07,0.000291315327054953,-0.0011078562221337475,2.6333904287723517e-10,-1.565364333635269e-08,0.0,0.0,0.0,0.0,ACTIVE
1,X+,1789629012.3869884,2.2571527814908843e-06,1.2390738092244585e-07,6.850893545971544e-05,-5.24710493703881e-05,1.1608212468112629e-07,0.000291315327054953,-0.0011078562221337475,2.6333904287723517e-10,-1.565364333635269e-08,0.25999999999999984,-0.05500000000000013,0.057894736842105256,0.9999472498893738,ACTIVE
1,X+,1789629012.499453,2.2571527814908843e-06,1.2390738092244585e-07,6.850893545971544e-05,-5.24710493703881e-05,1.1608212468112629e-07,0.000291315327054953,-0.0011078562221337475,2.6333904287723517e-10,-1.565364333635269e-08,0.25999999999999984,-0.05500000000000013,0.057894736842105256,0.9999472498893738,ACTIVE
1,X+,1789629012.623087,2.2571527814908843e-06,1.2390738092244585e-07,6.850893545971544e-05,-5.24710493703881e-05,1.1608212468112629e-07,0.000291315327054953,-0.0011078562221337475,2.6333904287723517e-10,-1.565364333635269e-08,0.25999999999999984,-0.05500000000000013,0.057894736842105256,0.9999472498893738,ACTIVE
1,X+,1789629012.741001,2.2572834668492525e-06,1.23549561512927e-07,6.851480072826634e-05,-5.24710493703881e-05,1.1608212468112629e-07,0.000291315327054953,-0.0011078562221337475,2.6333904287723517e-10,-1.565364333635269e-08,0.25999999999999984,-0.05500000000000013,0.057894736842105256,0.9999472498893738,ACTIVE
1,X+,1789629012.8618703,1.2026449219222635e-05,-9.56222052745856e-07,7.018531620054454e-05,-5.2602506625488423e-05,1.223416871377104e-07,5.669797750407215e-05,-0.0011313873577486122,2.678667800298877e-10,-1.595863740887736e-08,0.25999999999999984,-0.05500000000000013,0.057894736842105256,0.9999472498893738,ACTIVE
1,X+,1789629012.9764428,9.67664198046822e-05,-1.3398921075195684e-05,8.626089459059814e-05,-5.2602506625488423e-05,1.223416871377104e-07,5.669797750407215e-05,-0.0011313873577486122,2.678667800298877e-10,-1.595863740887736e-08,0.25999999999999984,-0.05500000000000013,0.057894736842105256,0.9999472498893738,ACTIVE
1,X+,1789629013.0892398,9.67664198046822e-05,-1.3398921075195684e-05,8.626089459059814e-05,-5.2602506625488423e-05,1.223416871377104e-07,5.669797750407215e-05,-0.0011313873577486122,2.678667800298877e-10,-1.595863740887736e-08,0.25999999999999984,-0.05500000000000013,0.057894736842105256,0.9999472498893738,ACTIVE
1,X+,1789629013.2011755,9.67664198046822e-05,-1.3398921075195684e-05,8.626089459059814e-05,-5.2602506625488423e-05,1.223416871377104e-07,5.669797750407215e-05,-0.0011313873577486122,2.678667800298877e-10,-1.595863740887736e-08,0.25999999999999984,-0.05500000000000013,0.057894736842105256,0.9999472498893738,ACTIVE
1,X+,1789629013.3146348,9.67664198046822e-05,-1.3398921075195684e-05,8.626089459059814e-05,-5.2602506625488423e-05,1.223416871377104e-07,5.669797750407215e-05,-0.0011313873577486122,2.678667800298877e-10,-1.595863740887736e-08,0.25999999999999984,-0.05500000000000013,0.057894736842105256,0.9999472498893738,ACTIVE
1,X+,1789629013.4683197,9.67664198046822e-05,-1.3398921075195684e-05,8.626089459059814e-05,-5.2602506625488423e-05,1.223416871377104e-07,5.669797750407215e-05,-0.0011313873577486122,2.678667800298877e-10,-1.595863740887736e-08,0.25999999999999984,-0.05500000000000013,0.057894736842105256,0.9999472498893738,ACTIVE
1,X+,1789629013.582587,0.0009794179234944023,-0.00016654549487421424,0.00017099814123978146,-5.2602506625488423e-05,1.223416871377104e-07,5.669797750407215e-05,-0.0011313873577486122,2.678667800298877e-10,-1.595863740887736e-08,0.25999999999999984,-0.05500000000000013,0.057894736842105256,0.9999472498893738,ACTIVE
1,X+,1789629013.7023072,0.0018740531273311219,-0.00034625059175007016,0.00033962897147434115,-4.967533267036164e-05,1.2361022749136178e-07,-1.6954090306331485e-05,0.0006073686360389108,-0.00030265011765006434,0.0001770480234104993,0.25999999999999984,0.0,0.005263157894736841,0.9999472498893738,ACTIVE
1,X+,1789629013.8155823,0.0018740531273311219,-0.00034625059175007016,0.00033962897147434115,-4.967533267036164e-05,1.2361022749136178e-07,-1.6954090306331485e-05,0.0006073686360389108,-0.00030265011765006434,0.0001770480234104993,0.25999999999999984,0.0,0.005263157894736841,0.9999472498893738,ACTIVE
1,X+,1789629013.9272976,0.0018740531273311219,-0.00034625059175007016,0.00033962897147434115,-4.967533267036164e-05,1.2361022749136178e-07,-1.6954090306331485e-05,0.0006073686360389108,-0.00030265011765006434,0.0001770480234104993,0.25999999999999984,0.0,0.005263157894736841,0.9999472498893738,ACTIVE
1,X+,1789629014.0417967,0.0018740531273311219,-0.00034625059175007016,0.00033962897147434115,-4.967533267036164e-05,1.2361022749136178e-07,-1.6954090306331485e-05,0.0006073686360389108,-0.00030265011765006434,0.0001770480234104993,0.25999999999999984,0.0,0.005263157894736841,0.9999472498893738,ACTIVE
1,X+,1789629014.167267,0.0018740531273311219,-0.00034625059175007016,0.00033962897147434115,-4.967533267036164e-05,1.2361022749136178e-07,-1.6954090306331485e-05,0.0006073686360389108,-0.00030265011765006434,0.0001770480234104993,0.25999999999999984,0.0,0.005263157894736841,0.9999472498893738,ACTIVE
1,X+,1789629014.2975583,0.003497598276326574,-0.0006853628193806251,0.0006975599948914455,-4.967533267036164e-05,1.2361022749136178e-07,-1.6954090306331485e-05,0.0006073686360389108,-0.00030265011765006434,0.0001770480234104993,0.25999999999999984,0.0,0.005263157894736841,0.9999472498893738,ACTIVE
1,X+,1789629014.4137406,0.007132064755760111,-0.0011536596017011277,0.0013231362769757107,0.0014134764666533946,-0.000246354109173973,0.0008005619683459919,0.006171597313491555,-0.001480163604480026,0.0014320228335099596,0.25999999999999984,0.0,0.005263157894736841,0.9999472498893738,ACTIVE
1,X+,1789629014.527851,0.007132064755760111,-0.0011536596017011277,0.0013231362769757107,0.0014134764666533946,-0.000246354109173973,0.0008005619683459919,0.006171597313491555,-0.001480163604480026,0.0014320228335099596,0.3049999999999998,-0.05500000000000013,0.047368421052631574,0.9999472498893738,ACTIVE
1,X+,1789629014.644246,0.007132064755760111,-0.0011536596017011277,0.0013231362769757107,0.0014134764666533946,-0.000246354109173973,0.0008005619683459919,0.006171597313491555,-0.001480163604480026,0.0014320228335099596,0.3049999999999998,-0.05500000000000013,0.047368421052631574,0.9999472498893738,ACTIVE
1,X+,1789629014.7594123,0.007132064755760111,-0.0011536596017011277,0.0013231362769757107,0.0014134764666533946,-0.000246354109173973,0.0008005619683459919,0.006171597313491555,-0.001480163604480026,0.0014320228335099596,0.3049999999999998,-0.05500000000000013,0.047368421052631574,0.9999472498893738,ACTIVE
1,X+,1789629014.8747065,0.007132064755760111,-0.0011536596017011277,0.0013231362769757107,0.0014134764666533946,-0.000246354109173973,0.0008005619683459919,0.006171597313491555,-0.001480163604480026,0.0014320228335099596,0.3049999999999998,-0.05500000000000013,0.047368421052631574,0.9999472498893738,ACTIVE
1,X+,1789629014.9874916,0.009305092653083956,-0.001220803629880073,0.0016083199904610465,0.0014134764666533946,-0.000246354109173973,0.0008005619683459919,0.006171597313491555,-0.001480163604480026,0.0014320228335099596,0.3049999999999998,-0.05500000000000013,0.047368421052631574,0.9999472498893738,ACTIVE
1,X+,1789629015.1046338,0.016226698993490177,-0.0016833687896740971,0.002563620856429344,0.0064881048440033106,-0.0013015163776965515,0.002006446906459568,0.016335958555320065,-0.0017987697066678952,0.002747629890562416,0.3049999999999998,-0.05500000000000013,0.047368421052631574,0.9999472498893738,ACTIVE
1,X+,1789629015.22153,0.016710518817341116,-0.0017783727362099752,0.0026354104442658103,0.0064881048440033106,-0.0013015163776965515,0.002006446906459568,0.016335958555320065,-0.0017987697066678952,0.002747629890562416,0.3499999999999998,0.0,-0.1,0.9999472498893738,ACTIVE
1,X+,1789629015.4023042,0.016710518817341116,-0.0017783727362099752,0.0026354104442658103,0.0064881048440033106,-0.0013015163776965515,0.002006446906459568,0.016335958555320065,-0.0017987697066678952,0.002747629890562416,0.3499999999999998,0.0,-0.1,0.9999472498893738,ACTIVE
1,X+,1789629015.51331,0.016710518817341116,-0.0017783727362099752,0.0026354104442658103,0.0064881048440033106,-0.0013015163776965515,0.002006446906459568,0.016335958555320065,-0.0017987697066678952,0.002747629890562416,0.3499999999999998,0.0,-0.1,0.9999472498893738,ACTIVE
1,X+,1789629015.6338255,0.016710518817341116,-0.0017783727362099752,0.0026354104442658103,0.0064881048440033106,-0.0013015163776965515,0.002006446906459568,0.016335958555320065,-0.0017987697066678952,0.002747629890562416,0.3499999999999998,0.0,-0.1,0.9999472498893738,ACTIVE
1,X+,1789629015.7570643,0.01915236141374296,-0.0022194576441090866,0.0030032756083246174,0.0064881048440033106,-0.0013015163776965515,0.002006446906459568,0.016335958555320065,-0.0017987697066678952,0.002747629890562416,0.3499999999999998,0.0,-0.1,0.9999472498893738,ACTIVE
1,X+,1789629015.8801515,0.029768602594709218,-0.004029864214875829,0.0046349907573490666,0.016974745831029866,-0.001738192471327488,0.004080364696944282,0.03163949972313525,-0.004515776884217096,0.005134162088821708,0.3499999999999998,0.0,-0.1,0.9999472498893738,ACTIVE
1,X+,1789629015.993681,0.03276054106777991,-0.004238108354271847,0.004582233773653764,0.016974745831029866,-0.001738192471327488,0.004080364696944282,0.03163949972313525,-0.004515776884217096,0.005134162088821708,0.3049999999999998,-0.05500000000000013,0.047368421052631574,0.9999472498893738,ACTIVE
1,X+,1789629016.108585,0.03276054106777991,-0.004238108354271847,0.004582233773653764,0.016974745831029866,-0.001738192471327488,0.004080364696944282,0.03163949972313525,-0.004515776884217096,0.005134162088821708,0.3049999999999998,-0.05500000000000013,0.047368421052631574,0.9999472498893738,ACTIVE
1,X+,1789629016.2265449,0.03276054106777991,-0.004238108354271847,0.004582233773653764,0.016974745831029866,-0.001738192471327488,0.004080364696944282,0.03163949972313525,-0.004515776884217096,0.005134162088821708,0.3049999999999998,-0.05500000000000013,0.047368421052631574,0.9999472498893738,ACTIVE
1,X+,1789629016.3391984,0.03276054106777991,-0.004238108354271847,0.004582233773653764,0.016974745831029866,-0.001738192471327488,0.004080364696944282,0.03163949972313525,-0.004515776884217096,0.005134162088821708,0.3049999999999998,-0.05500000000000013,0.047368421052631574,0.9999472498893738,ACTIVE
1,X+,1789629016.4655666,0.03710399164085265,-0.004443587644644613,0.004085152369216656,0.016974745831029866,-0.001738192471327488,0.004080364696944282,0.03163949972313525,-0.004515776884217096,0.005134162088821708,0.3049999999999998,-0.05500000000000013,0.047368421052631574,0.9999472498893738,ACTIVE
1,X+,1789629016.621551,0.046831002011098535,-0.004943916498381467,0.003071497870158637,0.04933265256559047,-0.007081856456217067,0.003357736547529909,0.0535250240533588,-0.00559202998864519,0.002842833169701904,0.3049999999999998,-0.05500000000000013,0.047368421052631574,0.9499472975730896,ACTIVE
1,X+,1789629016.749064,0.053769245373861935,-0.005977893921555192,0.0036628085030111636,0.04933265256559047,-0.007081856456217067,0.0033577365475299086,0.0535250240533588,-0.00559202998864519,0.002842833169701904,0.3499999999999998,0.0,0.03684210526315789,0.9499472975730896,ACTIVE
1,X+,1789629016.8609922,0.053769245373861935,-0.005977893921555192,0.0036628085030111636,0.04933265256559047,-0.007081856456217067,0.0033577365475299086,0.0535250240533588,-0.00559202998864519,0.002842833169701904,0.3499999999999998,0.0,0.03684210526315789,0.9499472975730896,ACTIVE
1,X+,1789629016.9746099,0.053769245373861935,-0.005977893921555192,0.0036628085030111636,0.04933265256559047,-0.007081856456217067,0.0033577365475299086,0.0535250240533588,-0.00559202998864519,0.002842833169701904,0.3499999999999998,0.0,0.03684210526315789,0.9499472975730896,ACTIVE
1,X+,1789629017.0889945,0.053769245373861935,-0.005977893921555192,0.0036628085030111636,0.04933265256559047,-0.007081856456217067,0.0033577365475299086,0.0535250240533588,-0.00559202998864519,0.002842833169701904,0.3499999999999998,0.0,0.03684210526315789,0.9499472975730896,ACTIVE
1,X+,1789629017.2060595,0.054644167761914816,-0.00613642537126572,0.003803674612611115,0.04933265256559047,-0.007081856456217067,0.0033577365475299086,0.0535250240533588,-0.00559202998864519,0.002842833169701904,0.3499999999999998,0.0,0.03684210526315789,0.9499472975730896,ACTIVE
1,X+,1789629017.318387,0.06849461315144444,-0.00855603822029174,0.0059140530037612654,0.07971978389106804,-0.007267747692958531,0.006311752942228299,0.0774343750442349,-0.009830580208368762,0.006520011637067771,0.3499999999999998,0.0,0.03684210526315789,0.9249472618103027,ACTIVE
1,X+,1789629017.4640396,0.07536323069874303,-0.009043034800351131,0.006776445657931159,0.07971978389106804,-0.007267747692958531,0.006311752942228299,0.0774343750442349,-0.009830580208368762,0.006520011637067771,0.3499999999999998,0.0,0.015789473684210527,0.8999472856521606,ACTIVE
1,X+,1789629017.5849855,0.07536323069874303,-0.009043034800351131,0.006776445657931159,0.07971978389106804,-0.007267747692958531,0.006311752942228299,0.0774343750442349,-0.009830580208368762,0.006520011637067771,0.3499999999999998,0.0,0.015789473684210527,0.8999472856521606,ACTIVE
1,X+,1789629017.7225902,0.07536323069874303,-0.009043034800351131,0.006776445657931159,0.07971978389106804,-0.007267747692958531,0.006311752942228299,0.0774343750442349,-0.009830580208368762,0.006520011637067771,0.3499999999999998,0.0,0.015789473684210527,0.8999472856521606,ACTIVE
1,X+,1789629017.8560975,0.07536323069874303,-0.009043034800351131,0.006776445657931159,0.07971978389106804,-0.007267747692958531,0.006311752942228299,0.0774343750442349,-0.009830580208368762,0.006520011637067771,0.3499999999999998,0.0,0.015789473684210527,0.8999472856521606,ACTIVE
1,X+,1789629017.969373,0.08286889352201196,-0.008955077775710502,0.007556014041925302,0.07971978389106804,-0.007267747692958531,0.006311752942228299,0.0774343750442349,-0.009830580208368762,0.006520011637067771,0.3499999999999998,0.0,0.015789473684210527,0.8999472856521606,ACTIVE
1,X+,1789629018.0881178,0.09911314418858388,-0.008828662237044253,0.00907091395413015,0.10966810872892249,-0.01441702686246021,0.01153332623099068,0.10703017665453472,-0.009638094117883788,0.009634588998050095,0.3499999999999998,0.0,0.015789473684210527,0.8999472856521606,ACTIVE
1,X+,1789629018.20909,0.09911314418858388,-0.008828662237044253,0.00907091395413015,0.10966810872892249,-0.01441702686246021,0.01153332623099068,0.10703017665453472,-0.009638094117883788,0.009634588998050095,0.3499999999999998,0.0,0.057894736842105256,0.8999472856521606,ACTIVE
1,X+,1789629018.3235896,0.09911314418858388,-0.008828662237044253,0.00907091395413015,0.10966810872892249,-0.01441702686246021,0.01153332623099068,0.10703017665453472,-0.009638094117883788,0.009634588998050095,0.3499999999999998,0.0,0.057894736842105256,0.8999472856521606,ACTIVE
1,X+,1789629018.4374154,0.09911314418858388,-0.008828662237044253,0.00907091395413015,0.10966810872892249,-0.01441702686246021,0.01153332623099068,0.10703017665453472,-0.009638094117883788,0.009634588998050095,0.3499999999999998,0.0,0.057894736842105256,0.8999472856521606,ACTIVE
1,X+,1789629018.5493364,0.09911314418858388,-0.008828662237044253,0.00907091395413015,0.10966810872892249,-0.01441702686246021,0.01153332623099068,0.10703017665453472,-0.009638094117883788,0.009634588998050095,0.3499999999999998,0.0,0.057894736842105256,0.8999472856521606,ACTIVE
1,X+,1789629018.67655,0.11061222126137925,-0.008717074216689203,0.009570836630708651,0.10966810872892249,-0.01441702686246021,0.01153332623099068,0.10703017665453472,-0.009638094117883788,0.009634588998050095,0.3499999999999998,0.0,0.057894736842105256,0.8999472856521606,ACTIVE
1,X+,1789629018.8242602,0.12369760304598133,-0.008588232468336874,0.010867311517178298,0.14439052904884647,-0.01071377416309777,0.01204559132525685,0.12973566433064398,-0.009408109823500965,0.010658217600610127,0.3499999999999998,0.0,-0.1,0.8499472737312317,ACTIVE
1,X+,1789629018.9351447,0.12369760304598133,-0.008588232468336874,0.010867311517178298,0.14439052904884647,-0.01071377416309777,0.01204559132525685,0.12973566433064398,-0.009408109823500965,0.010658217600610127,0.3499999999999998,0.0,-0.1,0.8499472737312317,ACTIVE
1,X+,1789629019.0510995,0.12369760304598133,-0.008588232468336874,0.010867311517178298,0.14439052904884647,-0.01071377416309777,0.01204559132525685,0.12973566433064398,-0.009408109823500965,0.010658217600610127,0.3499999999999998,0.0,-0.1,0.8499472737312317,ACTIVE
1,X+,1789629019.1640372,0.12369760304598133,-0.008588232468336874,0.010867311517178298,0.14439052904884647,-0.01071377416309777,0.01204559132525685,0.12973566433064398,-0.009408109823500965,0.010658217600610127,0.3499999999999998,0.0,-0.1,0.8499472737312317,ACTIVE
1,X+,1789629019.2782066,0.12369760304598133,-0.008588232468336874,0.010867311517178298,0.14439052904884647,-0.01071377416309777,0.01204559132525685,0.12973566433064398,-0.009408109823500965,0.010658217600610127,0.3499999999999998,0.0,-0.1,0.8499472737312317,ACTIVE
1,X+,1789629019.3905566,0.12369760304598133,-0.008588232468336874,0.010867311517178298,0.14439052904884647,-0.01071377416309777,0.01204559132525685,0.12973566433064398,-0.009408109823500965,0.010658217600610127,0.3499999999999998,0.0,-0.1,0.8499472737312317,ACTIVE
1,X+,1789629019.5046535,0.1392754956079888,-0.008391146912600199,0.013416390310314934,0.14439052904884647,-0.01071377416309777,0.01204559132525685,0.15394649845283556,-0.009165946596722702,0.014662653948916207,0.3499999999999998,0.0,-0.1,0.8499472737312317,ACTIVE
1,X+,1789629019.6386151,0.15166003562861818,-0.008196009090926534,0.012518693748784579,0.1656669284775368,-0.009568766296701845,0.017205909074025083,0.15394649845283556,-0.009165946596722702,0.014662653948916207,0.3499999999999998,0.0,-0.1,0.8499472737312317,ACTIVE
1,X+,1789629019.7553225,0.15166003562861818,-0.008196009090926534,0.012518693748784579,0.1656669284775368,-0.009568766296701845,0.017205909074025083,0.15394649845283556,-0.009165946596722702,0.014662653948916207,0.3049999999999998,-0.05500000000000013,0.1,0.8499472737312317,ACTIVE
1,X+,1789629019.868232,0.15166003562861818,-0.008196009090926534,0.012518693748784579,0.1656669284775368,-0.009568766296701845,0.017205909074025083,0.15394649845283556,-0.009165946596722702,0.014662653948916207,0.3049999999999998,-0.05500000000000013,0.1,0.8499472737312317,ACTIVE
1,X+,1789629019.981113,0.15166003562861818,-0.008196009090926534,0.012518693748784579,0.1656669284775368,-0.009568766296701845,0.017205909074025083,0.15394649845283556,-0.009165946596722702,0.014662653948916207,0.3049999999999998,-0.05500000000000013,0.1,0.8499472737312317,ACTIVE
1,X+,1789629020.093579,0.15166003562861818,-0.008196009090926534,0.012518693748784579,0.1656669284775368,-0.009568766296701845,0.017205909074025083,0.15394649845283556,-0.009165946596722702,0.014662653948916207,0.3049999999999998,-0.05500000000000013,0.1,0.8499472737312317,ACTIVE
1,X+,1789629020.2067988,0.1542863860308516,-0.008168717862809542,0.011701042896309084,0.1656669284775368,-0.009568766296701845,0.017205909074025083,0.15394649845283556,-0.009165946596722702,0.014662653948916207,0.3049999999999998,-0.05500000000000013,0.1,0.8499472737312317,ACTIVE
1,X+,1789629020.3384223,0.1768792385243917,-0.008179429136103998,0.0058502752410646555,0.16311438424280975,-0.009155959201310833,0.008937490069806047,0.18116042060466037,-0.008762101514541305,0.006886114416555096,0.3499999999999998,0.0,-0.1,0.8499472737312317,ACTIVE
1,X+,1789629020.4531927,0.18070862575094818,-0.008557082823425582,0.006190806212333994,0.16311438424280975,-0.009155959201310833,0.008937490069806047,0.18116042060466037,-0.008762101514541305,0.006886114416555096,0.3499999999999998,0.0,-0.1,0.8499472737312317,ACTIVE
1,X+,1789629020.5648549,0.18070862575094818,-0.008557082823425582,0.006190806212333994,0.16311438424280975,-0.009155959201310833,0.008937490069806047,0.18116042060466037,-0.008762101514541305,0.006886114416555096,0.3499999999999998,0.0,-0.1,0.8499472737312317,ACTIVE
1,X+,1789629020.6774924,0.18070862575094818,-0.008557082823425582,0.006190806212333994,0.16311438424280975,-0.009155959201310833,0.008937490069806047,0.18116042060466037,-0.008762101514541305,0.006886114416555096,0.3499999999999998,0.0,-0.1,0.8499472737312317,ACTIVE
1,X+,1789629020.7897763,0.18070862575094818,-0.008557082823425582,0.006190806212333994,0.16311438424280975,-0.009155959201310833,0.008937490069806047,0.18116042060466037,-0.008762101514541305,0.006886114416555096,0.3499999999999998,0.0,-0.1,0.8499472737312317,ACTIVE
1,X+,1789629020.9070537,0.18070862575094818,-0.008557082823425582,0.006190806212333994,0.16311438424280975,-0.009155959201310833,0.008937490069806047,0.18116042060466037,-0.008762101514541305,0.006886114416555096,0.3499999999999998,0.0,-0.1,0.8499472737312317,ACTIVE
1,X+,1789629021.0564091,0.19123452466153773,-0.009535701043243052,0.00677476230497176,0.16311438424280975,-0.009155959201310833,0.008937490069806047,0.18116042060466037,-0.008762101514541305,0.006886114416555096,0.3499999999999998,0.0,-0.1,0.8499472737312317,ACTIVE
1,X+,1789629021.2175584,0.2108696006126458,-0.010438234849575581,0.004681083397130161,0.22055159634667135,-0.008864051643720876,0.005114527609279224,0.20812748029325087,-0.011233881920581702,0.008394309306219976,0.3499999999999998,0.0,-0.1,0.7749472856521606,ACTIVE
1,X+,1789629021.3356466,0.2108696006126458,-0.010438234849575581,0.004681083397130161,0.22055159634667135,-0.008864051643720876,0.005114527609279226,0.20812748029325087,-0.011233881920581702,0.008394309306219976,0.3499999999999998,0.0,0.057894736842105256,0.7749472856521606,ACTIVE
1,X+,1789629021.4487245,0.2108696006126458,-0.010438234849575581,0.004681083397130161,0.22055159634667135,-0.008864051643720876,0.005114527609279226,0.20812748029325087,-0.011233881920581702,0.008394309306219976,0.3499999999999998,0.0,0.057894736842105256,0.7749472856521606,ACTIVE
1,X+,1789629021.5630252,0.2108696006126458,-0.010438234849575581,0.004681083397130161,0.22055159634667135,-0.008864051643720876,0.005114527609279226,0.20812748029325087,-0.011233881920581702,0.008394309306219976,0.3499999999999998,0.0,0.057894736842105256,0.7999472618103027,ACTIVE
1,X+,1789629021.6749625,0.2108696006126458,-0.010438234849575581,0.004681083397130161,0.22055159634667135,-0.008864051643720876,0.005114527609279226,0.20812748029325087,-0.011233881920581702,0.008394309306219976,0.3499999999999998,0.0,0.057894736842105256,0.7999472618103027,ACTIVE
1,X+,1789629021.7911274,0.21260776339913817,-0.010429141462137187,0.004189697018334115,0.22055159634667135,-0.008864051643720876,0.005114527609279226,0.20812748029325087,-0.011233881920581702,0.008394309306219976,0.3499999999999998,0.0,0.057894736842105256,0.7999472618103027,ACTIVE
1,X+,1789629021.9279077,0.2335810119706219,-0.010404444237574521,-0.0013710828643555425,0.21666170982304142,-0.011946827360909245,0.000839437601579451,0.2363288679507763,-0.010998824754412965,0.0003366051151192321,0.3499999999999998,0.0,0.057894736842105256,0.7999472618103027,ACTIVE
1,X+,1789629022.0546002,0.23997521076663839,-0.010402966188142973,6.680816478726692e-05,0.21666170982304142,-0.011946827360909245,0.000839437601579451,0.2363288679507763,-0.010998824754412965,0.0003366051151192321,0.3499999999999998,0.0,-0.1,0.7999472618103027,ACTIVE
1,X+,1789629022.1675577,0.23997521076663839,-0.010402966188142973,6.680816478726692e-05,0.21666170982304142,-0.011946827360909245,0.000839437601579451,0.2363288679507763,-0.010998824754412965,0.0003366051151192321,0.3499999999999998,0.0,-0.1,0.7999472618103027,ACTIVE
1,X+,1789629022.2825048,0.23997521076663839,-0.010402966188142973,6.680816478726692e-05,0.21666170982304142,-0.011946827360909245,0.000839437601579451,0.2363288679507763,-0.010998824754412965,0.0003366051151192321,0.3499999999999998,0.0,-0.1,0.7999472618103027,ACTIVE
1,X+,1789629022.3977065,0.23997521076663839,-0.010402966188142973,6.680816478726692e-05,0.21666170982304142,-0.011946827360909245,0.000839437601579451,0.2363288679507763,-0.010998824754412965,0.0003366051151192321,0.3499999999999998,0.0,-0.1,0.7999472618103027,ACTIVE
1,X+,1789629022.54264,0.23997521076663839,-0.010402966188142973,6.680816478726692e-05,0.21666170982304142,-0.011946827360909245,0.000839437601579451,0.2363288679507763,-0.010998824754412965,0.0003366051151192321,0.3499999999999998,0.0,-0.1,0.7999472618103027,ACTIVE
1,X+,1789629022.659909,0.2461092478254781,-0.010403955133556245,0.0010023125185355092,0.21666170982304142,-0.011946827360909245,0.000839437601579451,0.2363288679507763,-0.010998824754412965,0.0003366051151192321,0.3499999999999998,0.0,-0.1,0.7999472618103027,ACTIVE
1,X+,1789629022.7722085,0.2613330779956761,-0.010378270780819666,0.0034264907377324688,0.27156660567587665,-0.01200741064550717,0.00416724121297074,0.2655691211334384,-0.010989223592571788,0.00517353750548345,0.3499999999999998,0.0,-0.1,0.7249472737312317,ACTIVE
1,X+,1789629022.8837776,0.2699767608695571,-0.010363446387264243,0.0009632739190216851,0.27156660567587665,-0.01200741064550717,0.00416724121297074,0.2655691211334384,-0.010989223592571788,0.00517353750548345,0.3499999999999998,0.0,-0.1,0.7249472737312317,ACTIVE
1,X+,1789629022.9977515,0.2699767608695571,-0.010363446387264243,0.0009632739190216851,0.27156660567587665,-0.01200741064550717,0.00416724121297074,0.2655691211334384,-0.010989223592571788,0.00517353750548345,0.3499999999999998,0.0,-0.1,0.7249472737312317,ACTIVE
1,X+,1789629023.1229491,0.2699767608695571,-0.010363446387264243,0.0009632739190216851,0.27156660567587665,-0.01200741064550717,0.00416724121297074,0.2655691211334384,-0.010989223592571788,0.00517353750548345,0.3499999999999998,0.0,-0.1,0.7249472737312317,ACTIVE
1,X+,1789629023.2488165,0.2699767608695571,-0.010363446387264243,0.0009632739190216851,0.27156660567587665,-0.01200741064550717,0.00416724121297074,0.2655691211334384,-0.010989223592571788,0.00517353750548345,0.3499999999999998,0.0,-0.1,0.7249472737312317,ACTIVE
1,X+,1789629023.362403,0.2699767608695571,-0.010363446387264243,0.0009632739190216851,0.27156660567587665,-0.01200741064550717,0.00416724121297074,0.2655691211334384,-0.010989223592571788,0.00517353750548345,0.3499999999999998,0.0,-0.1,0.7249472737312317,ACTIVE
1,X+,1789629023.4773824,0.2868061268724491,-0.010371051436771252,-0.0038428674494365486,0.277061452830398,-0.011484356088300118,-0.003081081387327432,0.2963799220097819,-0.010845892464642917,-0.003629796315923501,0.3499999999999998,0.0,-0.1,0.7249472737312317,ACTIVE
1,X+,1789629023.5967307,0.2974154913081563,-0.010419547487886323,-0.006900030508619505,0.277061452830398,-0.011484356088300118,-0.003081081387327432,0.2963799220097819,-0.010845892464642917,-0.003629796315923501,0.25999999999999984,0.034999999999999865,-0.06842105263157894,0.7249472737312317,ACTIVE
1,X+,1789629023.7603467,0.2974154913081563,-0.010419547487886323,-0.006900030508619505,0.277061452830398,-0.011484356088300118,-0.003081081387327432,0.2963799220097819,-0.010845892464642917,-0.003629796315923501,0.25999999999999984,0.034999999999999865,-0.06842105263157894,0.6999472975730896,ACTIVE
1,X+,1789629023.8767273,0.2974154913081563,-0.010419547487886323,-0.006900030508619505,0.277061452830398,-0.011484356088300118,-0.003081081387327432,0.2963799220097819,-0.010845892464642917,-0.003629796315923501,0.25999999999999984,0.034999999999999865,-0.06842105263157894,0.6999472975730896,ACTIVE
1,X+,1789629023.9907734,0.2974154913081563,-0.010419547487886323,-0.006900030508619505,0.277061452830398,-0.011484356088300118,-0.003081081387327432,0.2963799220097819,-0.010845892464642917,-0.003629796315923501,0.25999999999999984,0.034999999999999865,-0.06842105263157894,0.6999472975730896,ACTIVE
1,X+,1789629024.1048274,0.2974154913081563,-0.010419547487886323,-0.006900030508619505,0.277061452830398,-0.011484356088300118,-0.003081081387327432,0.2963799220097819,-0.010845892464642917,-0.003629796315923501,0.25999999999999984,0.034999999999999865,-0.06842105263157894,0.6999472975730896,ACTIVE
1,X+,1789629024.2257364,0.2974154913081563,-0.010419547487886323,-0.006900030508619505,0.277061452830398,-0.011484356088300118,-0.003081081387327432,0.2963799220097819,-0.010845892464642917,-0.003629796315923501,0.25999999999999984,0.034999999999999865,-0.06842105263157894,0.6999472975730896,ACTIVE
1,X+,1789629024.3787923,0.3127374044342836,-0.010561513257642171,-0.011219743226499207,0.277061452830398,-0.011484356088300118,-0.003081081387327432,0.32698466730923065,-0.010988836817402337,-0.012374035341145201,0.3049999999999998,0.034999999999999865,-0.047368421052631574,0.6999472975730896,ACTIVE
1,X+,1789629024.5410159,0.3260983146110582,-0.010274585545962566,-0.014503015541025475,0.33610700642245406,-0.011777470331257874,-0.018515052280557057,0.32698466730923065,-0.010988836817402337,-0.012374035341145201,0.3049999999999998,0.034999999999999865,-0.047368421052631574,0.6499472856521606,ACTIVE
1,X+,1789629024.6625268,0.3260983146110582,-0.010274585545962566,-0.014503015541025475,0.33610700642245406,-0.011777470331257874,-0.018515052280557057,0.32698466730923065,-0.010988836817402337,-0.012374035341145201,0.3049999999999998,0.034999999999999865,-0.047368421052631574,0.6499472856521606,ACTIVE
1,X+,1789629024.782353,0.3260983146110582,-0.010274585545962566,-0.014503015541025475,0.33610700642245406,-0.011777470331257874,-0.018515052280557057,0.32698466730923065,-0.010988836817402337,-0.012374035341145201,0.3049999999999998,0.034999999999999865,-0.047368421052631574,0.6499472856521606,ACTIVE
1,X+,1789629024.8961716,0.3260983146110582,-0.010274585545962566,-0.014503015541025475,0.33610700642245406,-0.011777470331257874,-0.018515052280557057,0.32698466730923065,-0.010988836817402337,-0.012374035341145201,0.3049999999999998,0.034999999999999865,-0.047368421052631574,0.6499472856521606,ACTIVE
1,X+,1789629025.0103679,0.3260983146110582,-0.010274585545962566,-0.014503015541025475,0.33610700642245406,-0.011777470331257874,-0.018515052280557057,0.32698466730923065,-0.010988836817402337,-0.012374035341145201,0.3049999999999998,0.034999999999999865,-0.047368421052631574,0.6499472856521606,ACTIVE
1,X+,1789629025.1247191,0.3326225084929664,-0.009511225994126522,-0.016179838393624777,0.33610700642245406,-0.011777470331257874,-0.018515052280557057,0.32698466730923065,-0.010988836817402337,-0.012374035341145201,0.3049999999999998,0.034999999999999865,-0.047368421052631574,0.6499472856521606,ACTIVE
1,X+,1789629025.2469418,0.35139910793568124,-0.007481140193677233,-0.020314243897847,0.3721974131353819,-0.01257001334388583,-0.025506190886855684,0.34958304322810635,-0.0082164796666875,-0.018394074726328858,0.3049999999999998,0.034999999999999865,-0.03684210526315789,0.6499472856521606,ACTIVE
1,X+,1789629025.368102,0.3536356671161666,-0.007269578359937964,-0.020674925294862766,0.3721974131353819,-0.01257001334388583,-0.025506190886855684,0.34958304322810635,-0.0082164796666875,-0.018394074726328858,0.3049999999999998,0.034999999999999865,-0.03684210526315789,0.6499472856521606,ACTIVE
1,X+,1789629025.480123,0.3536356671161666,-0.007269578359937964,-0.020674925294862766,0.3721974131353819,-0.01257001334388583,-0.025506190886855684,0.34958304322810635,-0.0082164796666875,-0.018394074726328858,0.3049999999999998,0.034999999999999865,-0.03684210526315789,0.6499472856521606,ACTIVE
1,X+,1789629025.59722,0.3536356671161666,-0.007269578359937964,-0.020674925294862766,0.3721974131353819,-0.01257001334388583,-0.025506190886855684,0.34958304322810635,-0.0082164796666875,-0.018394074726328858,0.3049999999999998,0.034999999999999865,-0.03684210526315789,0.6499472856521606,ACTIVE
1,X+,1789629025.7101011,0.3536356671161666,-0.007269578359937964,-0.020674925294862766,0.3721974131353819,-0.01257001334388583,-0.025506190886855684,0.34958304322810635,-0.0082164796666875,-0.018394074726328858,0.3049999999999998,0.034999999999999865,-0.03684210526315789,0.6499472856521606,ACTIVE
1,X+,1789629025.823785,0.3536356671161666,-0.007269578359937964,-0.020674925294862766,0.3721974131353819,-0.01257001334388583,-0.025506190886855684,0.34958304322810635,-0.0082164796666875,-0.018394074726328858,0.3049999999999998,0.034999999999999865,-0.03684210526315789,0.6499472856521606,ACTIVE
1,X+,1789629025.9483855,0.36261208089383323,-0.006428207776446456,-0.022086178881910595,0.3721974131353819,-0.01257001334388583,-0.025506190886855684,0.34958304322810635,-0.0082164796666875,-0.018394074726328858,0.3049999999999998,0.034999999999999865,-0.03684210526315789,0.6499472856521606,ACTIVE
1,X+,1789629026.0643137,0.3811510344234994,-0.004730990654648094,-0.024648206421170618,0.38557124458269176,-0.006327080819361421,-0.028183749557629163,0.3745810759145897,-0.0058075909079507385,-0.022310109186207634,0.3499999999999998,0.0,-0.07894736842105263,0.5999472737312317,ACTIVE
1,X+,1789629026.1796691,0.3811510344234994,-0.004730990654648094,-0.024648206421170618,0.38557124458269176,-0.006327080819361421,-0.028183749557629163,0.3745810759145897,-0.0058075909079507385,-0.022310109186207634,0.3499999999999998,0.0,-0.07894736842105263,0.5999472737312317,ACTIVE
1,X+,1789629026.3408945,0.3811510344234994,-0.004730990654648094,-0.024648206421170618,0.38557124458269176,-0.006327080819361421,-0.028183749557629163,0.3745810759145897,-0.0058075909079507385,-0.022310109186207634,0.3499999999999998,0.0,-0.07894736842105263,0.5999472737312317,ACTIVE
1,X+,1789629026.4550004,0.3811510344234994,-0.004730990654648094,-0.024648206421170618,0.38557124458269176,-0.006327080819361421,-0.028183749557629163,0.3745810759145897,-0.0058075909079507385,-0.022310109186207634,0.3499999999999998,0.0,-0.07894736842105263,0.5999472737312317,ACTIVE
1,X+,1789629026.5696185,0.3811510344234994,-0.004730990654648094,-0.024648206421170618,0.38557124458269176,-0.006327080819361421,-0.028183749557629163,0.3745810759145897,-0.0058075909079507385,-0.022310109186207634,0.3499999999999998,0.0,-0.07894736842105263,0.5999472737312317,ACTIVE
1,X+,1789629026.6971276,0.3912190884193025,-0.0038267554040628347,-0.025873193039093603,0.38557124458269176,-0.006327080819361421,-0.028183749557629163,0.3745810759145897,-0.0058075909079507385,-0.022310109186207634,0.3499999999999998,0.0,-0.07894736842105263,0.5999472737312317,ACTIVE
1,X+,1789629026.8571773,0.4099450625973158,-0.0031666175244138596,-0.02850734476088232,0.41115947600702263,-0.005042749933107694,-0.02974694249003473,0.40035571936474407,-0.003429013898069652,-0.025434570638743617,0.3049999999999998,0.034999999999999865,-0.03684210526315789,0.5999472737312317,ACTIVE
1,X+,1789629026.969434,0.4099450625973158,-0.0031666175244138596,-0.02850734476088232,0.41115947600702263,-0.005042749933107694,-0.02974694249003473,0.40035571936474407,-0.003429013898069652,-0.025434570638743617,0.3049999999999998,0.034999999999999865,-0.03684210526315789,0.5999472737312317,ACTIVE
1,X+,1789629027.0834355,0.4099450625973158,-0.0031666175244138596,-0.02850734476088232,0.41115947600702263,-0.005042749933107694,-0.02974694249003473,0.40035571936474407,-0.003429013898069652,-0.025434570638743617,0.3049999999999998,0.034999999999999865,-0.03684210526315789,0.5999472737312317,ACTIVE
1,X+,1789629027.196556,0.4099450625973158,-0.0031666175244138596,-0.02850734476088232,0.41115947600702263,-0.005042749933107694,-0.02974694249003473,0.40035571936474407,-0.003429013898069652,-0.025434570638743617,0.3049999999999998,0.034999999999999865,-0.03684210526315789,0.5999472737312317,ACTIVE
1,X+,1789629027.3100164,0.4099450625973158,-0.0031666175244138596,-0.02850734476088232,0.41115947600702263,-0.005042749933107694,-0.02974694249003473,0.40035571936474407,-0.003429013898069652,-0.025434570638743617,0.3049999999999998,0.034999999999999865,-0.03684210526315789,0.5999472737312317,ACTIVE
1,X+,1789629027.4240534,0.4130645179693874,-0.0032575332766664397,-0.029198217205265005,0.41115947600702263,-0.005042749933107694,-0.02974694249003473,0.40035571936474407,-0.003429013898069652,-0.025434570638743617,0.3049999999999998,0.034999999999999865,-0.03684210526315789,0.5999472737312317,ACTIVE
1,X+,1789629027.5516346,0.4319793390574901,-0.0034196667953957927,-0.033211904506779334,0.43698428426014047,-0.0009478188460191345,-0.0365693365185096,0.4277890629167369,-0.004125822374220485,-0.031624570924421606,0.3049999999999998,0.034999999999999865,-0.03684210526315789,0.5499472618103027,ACTIVE
1,X+,1789629027.6670246,0.4370623988856146,-0.0029421903957644307,-0.03370400531610632,0.43698428426014047,-0.0009478188460191345,-0.0365693365185096,0.4277890629167369,-0.004125822374220485,-0.031624570924421606,0.3049999999999998,0.034999999999999865,-0.047368421052631574,0.5499472618103027,ACTIVE
1,X+,1789629027.7803771,0.4370623988856146,-0.0029421903957644307,-0.03370400531610632,0.43698428426014047,-0.0009478188460191345,-0.0365693365185096,0.4277890629167369,-0.004125822374220485,-0.031624570924421606,0.3049999999999998,0.034999999999999865,-0.047368421052631574,0.5499472618103027,ACTIVE
1,X+,1789629027.903788,0.4370623988856146,-0.0029421903957644307,-0.03370400531610632,0.43698428426014047,-0.0009478188460191345,-0.0365693365185096,0.4277890629167369,-0.004125822374220485,-0.031624570924421606,0.3049999999999998,0.034999999999999865,-0.047368421052631574,0.5499472618103027,ACTIVE
1,X+,1789629028.0163,0.4370623988856146,-0.0029421903957644307,-0.03370400531610632,0.43698428426014047,-0.0009478188460191345,-0.0365693365185096,0.4277890629167369,-0.004125822374220485,-0.031624570924421606,0.3049999999999998,0.034999999999999865,-0.047368421052631574,0.5499472618103027,ACTIVE
1,X+,1789629028.1315112,0.4370623988856146,-0.0029421903957644307,-0.03370400531610632,0.43698428426014047,-0.0009478188460191345,-0.0365693365185096,0.4277890629167369,-0.004125822374220485,-0.031624570924421606,0.3049999999999998,0.034999999999999865,-0.047368421052631574,0.5499472618103027,ACTIVE
1,X+,1789629028.2551188,0.44765962313598023,-0.0020917879207168946,-0.03500788515578998,0.43698428426014047,-0.0009478188460191345,-0.0365693365185096,0.4277890629167369,-0.004125822374220485,-0.031624570924421606,0.3049999999999998,0.034999999999999865,-0.047368421052631574,0.5499472618103027,ACTIVE
1,X+,1789629028.3748553,0.46455297180956456,-0.0007480978028018229,-0.037353841579525406,0.46599820020348454,-0.005614661421348896,-0.040216991920768635,0.4547513135525889,-0.001893972662930136,-0.03485521535529579,0.3049999999999998,0.034999999999999865,-0.03684210526315789,0.5499472618103027,ACTIVE
1,X+,1789629028.4872234,0.4658947764927908,-0.0006432731241133166,-0.037562344094751794,0.46599820020348454,-0.005614661421348896,-0.040216991920768635,0.4547513135525889,-0.001893972662930136,-0.03485521535529579,0.3049999999999998,0.034999999999999865,-0.03684210526315789,0.5499472618103027,ACTIVE
1,X+,1789629028.6091094,0.4658947764927908,-0.0006432731241133166,-0.037562344094751794,0.46599820020348454,-0.005614661421348896,-0.040216991920768635,0.4547513135525889,-0.001893972662930136,-0.03485521535529579,0.3049999999999998,0.034999999999999865,-0.03684210526315789,0.5499472618103027,ACTIVE
1,X+,1789629028.7239404,0.4658947764927908,-0.0006432731241133166,-0.037562344094751794,0.46599820020348454,-0.005614661421348896,-0.040216991920768635,0.4547513135525889,-0.001893972662930136,-0.03485521535529579,0.3049999999999998,0.034999999999999865,-0.03684210526315789,0.5499472618103027,ACTIVE
1,X+,1789629028.850941,0.4658947764927908,-0.0006432731241133166,-0.037562344094751794,0.46599820020348454,-0.005614661421348896,-0.040216991920768635,0.4547513135525889,-0.001893972662930136,-0.03485521535529579,0.3049999999999998,0.034999999999999865,-0.03684210526315789,0.5499472618103027,ACTIVE
1,X+,1789629028.9657924,0.4658947764927908,-0.0006432731241133166,-0.037562344094751794,0.46599820020348454,-0.005614661421348896,-0.040216991920768635,0.4547513135525889,-0.001893972662930136,-0.03485521535529579,0.3049999999999998,0.034999999999999865,-0.03684210526315789,0.5499472618103027,ACTIVE
1,X+,1789629029.0828605,0.4680353894800381,-0.00047637110799799397,-0.037894720361019034,0.46599820020348454,-0.005614661421348896,-0.040216991920768635,0.4547513135525889,-0.001893972662930136,-0.03485521535529579,0.3049999999999998,0.034999999999999865,-0.03684210526315789,0.5499472618103027,ACTIVE
1,X+,1789629029.1942308,0.4833210564607394,0.0006960214101472805,-0.04025181624905367,0.46441123999169936,-0.0027878546512300957,-0.03986057843709644,0.48177238683455503,0.0002522022133875615,-0.03900287396104987,0.3049999999999998,0.034999999999999865,-0.03684210526315789,0.5499472618103027,ACTIVE
1,X+,1789629029.3058722,0.49003192064801027,0.0011964735627863383,-0.04104754420619546,0.46441123999169936,-0.0027878546512300957,-0.03986057843709644,0.48177238683455503,0.0002522022133875615,-0.03900287396104987,0.3049999999999998,0.034999999999999865,-0.03684210526315789,0.5499472618103027,ACTIVE
1,X+,1789629029.419869,0.49003192064801027,0.0011964735627863383,-0.04104754420619546,0.46441123999169936,-0.0027878546512300957,-0.03986057843709644,0.48177238683455503,0.0002522022133875615,-0.03900287396104987,0.3049999999999998,0.034999999999999865,-0.03684210526315789,0.5499472618103027,ACTIVE
1,X+,1789629029.5390716,0.49003192064801027,0.0011964735627863383,-0.04104754420619546,0.46441123999169936,-0.0027878546512300957,-0.03986057843709644,0.48177238683455503,0.0002522022133875615,-0.03900287396104987,0.3049999999999998,0.034999999999999865,-0.03684210526315789,0.5499472618103027,ACTIVE
1,X+,1789629029.6538277,0.49003192064801027,0.0011964735627863383,-0.04104754420619546,0.46441123999169936,-0.0027878546512300957,-0.03986057843709644,0.48177238683455503,0.0002522022133875615,-0.03900287396104987,0.3049999999999998,0.034999999999999865,-0.03684210526315789,0.5499472618103027,ACTIVE
1,X+,1789629029.76667,0.49003192064801027,0.0011964735627863383,-0.04104754420619546,0.46441123999169936,-0.0027878546512300957,-0.03986057843709644,0.48177238683455503,0.0002522022133875615,-0.03900287396104987,0.3049999999999998,0.034999999999999865,-0.03684210526315789,0.5499472618103027,ACTIVE
1,X+,1789629029.908426,0.5038531629588747,0.0022118467198557704,-0.042710376240510356,0.46441123999169936,-0.0027878546512300957,-0.03986057843709644,0.5104784156563865,0.0024157489344067288,-0.04244616780799239,0.3049999999999998,0.034999999999999865,-0.03684210526315789,0.5499472618103027,ACTIVE
1,X+,1789629030.0729544,0.514412722858285,0.0029711168073238313,-0.043974196516908634,0.5152306651538825,0.0018324336575414235,-0.04595603981765158,0.5104784156563865,0.0024157489344067288,-0.04244616780799239,0.3049999999999998,0.034999999999999865,-0.03684210526315789,0.4749472737312317,ACTIVE
1,X+,1789629030.1930833,0.514412722858285,0.0029711168073238313,-0.043974196516908634,0.5152306651538825,0.0018324336575414235,-0.04595603981765158,0.5104784156563865,0.0024157489344067288,-0.04244616780799239,0.3049999999999998,0.034999999999999865,-0.03684210526315789,0.4749472737312317,ACTIVE
1,X+,1789629030.3063369,0.514412722858285,0.0029711168073238313,-0.043974196516908634,0.5152306651538825,0.0018324336575414235,-0.04595603981765158,0.5104784156563865,0.0024157489344067288,-0.04244616780799239,0.3049999999999998,0.034999999999999865,-0.03684210526315789,0.4749472737312317,ACTIVE
1,X+,1789629030.4279149,0.514412722858285,0.0029711168073238313,-0.043974196516908634,0.5152306651538825,0.0018324336575414235,-0.04595603981765158,0.5104784156563865,0.0024157489344067288,-0.04244616780799239,0.3049999999999998,0.034999999999999865,-0.03684210526315789,0.4749472737312317,ACTIVE
1,X+,1789629030.566075,0.514412722858285,0.0029711168073238313,-0.043974196516908634,0.5152306651538825,0.0018324336575414235,-0.04595603981765158,0.5104784156563865,0.0024157489344067288,-0.04244616780799239,0.3049999999999998,0.034999999999999865,-0.03684210526315789,0.4749472737312317,ACTIVE
1,X+,1789629030.6782176,0.514412722858285,0.0029711168073238313,-0.043974196516908634,0.5152306651538825,0.0018324336575414235,-0.04595603981765158,0.5104784156563865,0.0024157489344067288,-0.04244616780799239,0.3049999999999998,0.034999999999999865,-0.03684210526315789,0.4749472737312317,ACTIVE
1,X+,1789629030.790968,0.514412722858285,0.0029711168073238313,-0.043974196516908634,0.5152306651538825,0.0018324336575414235,-0.04595603981765158,0.5104784156563865,0.0024157489344067288,-0.04244616780799239,0.3049999999999998,0.034999999999999865,-0.03684210526315789,0.4749472737312317,ACTIVE
1,X+,1789629030.95147,0.5225045043795178,0.0035136618707433624,-0.04485969183034674,0.5152306651538825,0.0018324336575414235,-0.04595603981765158,0.5104784156563865,0.0024157489344067288,-0.04244616780799239,0.3049999999999998,0.034999999999999865,-0.03684210526315789,0.49994727969169617,ACTIVE
1,X+,1789629031.098296,0.5325632341336906,0.0042214275655918865,-0.045933202419024655,0.5473376632980897,0.0038872305790139446,-0.0482495380078527,0.5327484911866651,0.003968479488694732,-0.04460330124173341,0.3049999999999998,0.034999999999999865,-0.03684210526315789,0.49994727969169617,ACTIVE
1,X+,1789629031.2439659,0.5420124455323967,0.0048658629763897576,-0.04710064128627281,0.5473376632980897,0.0038872305790139446,-0.0482495380078527,0.5327484911866651,0.003968479488694732,-0.04460330124173341,0.3049999999999998,0.034999999999999865,-0.047368421052631574,0.4499472677707672,ACTIVE
1,X+,1789629031.380914,0.5420124455323967,0.0048658629763897576,-0.04710064128627281,0.5473376632980897,0.0038872305790139446,-0.0482495380078527,0.5327484911866651,0.003968479488694732,-0.04460330124173341,0.3049999999999998,0.034999999999999865,-0.047368421052631574,0.4499472677707672,ACTIVE
1,X+,1789629031.4947784,0.5420124455323967,0.0048658629763897576,-0.04710064128627281,0.5473376632980897,0.0038872305790139446,-0.0482495380078527,0.5327484911866651,0.003968479488694732,-0.04460330124173341,0.3049999999999998,0.034999999999999865,-0.047368421052631574,0.4499472677707672,ACTIVE
1,X+,1789629031.6453958,0.5420124455323967,0.0048658629763897576,-0.04710064128627281,0.5473376632980897,0.0038872305790139446,-0.0482495380078527,0.5327484911866651,0.003968479488694732,-0.04460330124173341,0.3049999999999998,0.034999999999999865,-0.047368421052631574,0.4499472677707672,ACTIVE
1,X+,1789629031.7592244,0.5420124455323967,0.0048658629763897576,-0.04710064128627281,0.5473376632980897,0.0038872305790139446,-0.0482495380078527,0.5327484911866651,0.003968479488694732,-0.04460330124173341,0.3049999999999998,0.034999999999999865,-0.047368421052631574,0.4499472677707672,ACTIVE
1,X+,1789629031.8763473,0.5420124455323967,0.0048658629763897576,-0.04710064128627281,0.5473376632980897,0.0038872305790139446,-0.0482495380078527,0.5327484911866651,0.003968479488694732,-0.04460330124173341,0.3049999999999998,0.034999999999999865,-0.047368421052631574,0.4499472677707672,ACTIVE
1,X+,1789629031.990197,0.5420124455323967,0.0048658629763897576,-0.04710064128627281,0.5473376632980897,0.0038872305790139446,-0.0482495380078527,0.5327484911866651,0.003968479488694732,-0.04460330124173341,0.3049999999999998,0.034999999999999865,-0.047368421052631574,0.4499472677707672,ACTIVE
1,X+,1789629032.1093416,0.5500828943271358,0.005408203916181107,-0.04808466148870298,0.5473376632980897,0.0038872305790139446,-0.0482495380078527,0.5327484911866651,0.003968479488694732,-0.04460330124173341,0.3049999999999998,0.034999999999999865,-0.047368421052631574,0.4499472677707672,ACTIVE
1,X+,1789629032.2241375,0.5586427942719994,0.005976394318555177,-0.04916810305397425,0.5627805632842159,0.004740227915274162,-0.05168834261475651,0.5548341633620222,0.005520650351922979,-0.047379882883057056,0.3049999999999998,0.034999999999999865,-0.047368421052631574,0.4499472677707672,ACTIVE
1,X+,1789629032.3421113,0.5654341880790426,0.006420225367664669,-0.05025353054171447,0.5627805632842159,0.004740227915274162,-0.05168834261475651,0.5548341633620222,0.005520650351922979,-0.047379882883057056,0.3049999999999998,0.034999999999999865,-0.047368421052631574,0.4499472677707672,ACTIVE
1,X+,1789629032.4766726,0.5654341880790426,0.006420225367664669,-0.05025353054171447,0.5627805632842159,0.004740227915274162,-0.05168834261475651,0.5548341633620222,0.005520650351922979,-0.047379882883057056,0.3049999999999998,0.034999999999999865,-0.047368421052631574,0.4499472677707672,ACTIVE
1,X+,1789629032.5992315,0.5654341880790426,0.006420225367664669,-0.05025353054171447,0.5627805632842159,0.004740227915274162,-0.05168834261475651,0.5548341633620222,0.005520650351922979,-0.047379882883057056,0.3049999999999998,0.034999999999999865,-0.047368421052631574,0.4499472677707672,ACTIVE
1,X+,1789629032.7216034,0.5654341880790426,0.006420225367664669,-0.05025353054171447,0.5627805632842159,0.004740227915274162,-0.05168834261475651,0.5548341633620222,0.005520650351922979,-0.047379882883057056,0.3049999999999998,0.034999999999999865,-0.047368421052631574,0.4499472677707672,ACTIVE
1,X+,1789629032.8603773,0.5654341880790426,0.006420225367664669,-0.05025353054171447,0.5627805632842159,0.004740227915274162,-0.05168834261475651,0.5548341633620222,0.005520650351922979,-0.047379882883057056,0.3049999999999998,0.034999999999999865,-0.047368421052631574,0.4499472677707672,ACTIVE
1,X+,1789629032.971573,0.5758619192424379,0.00708548826940773,-0.051884038165978065,0.5627805632842159,0.004740227915274162,-0.05168834261475651,0.5548341633620222,0.005520650351922979,-0.047379882883057056,0.3049999999999998,0.034999999999999865,-0.047368421052631574,0.4499472677707672,ACTIVE
1,X+,1789629033.1491065,0.5932560296457783,0.008159414686824368,-0.054603961146733423,0.5627518606033084,0.004456744285793442,-0.05333518697203225,0.5796452625052375,0.007187953947432604,-0.05126048955515142,0.3049999999999998,0.034999999999999865,-0.03684210526315789,0.4499472677707672,ACTIVE
1,X+,1789629033.3008747,0.5932560296457783,0.008159414686824368,-0.054603961146733423,0.5627518606033084,0.004456744285793442,-0.05333518697203225,0.5796452625052375,0.007187953947432604,-0.05126048955515142,0.3049999999999998,0.034999999999999865,-0.03684210526315789,0.4499472677707672,ACTIVE
1,X+,1789629033.4177253,0.5932560296457783,0.008159414686824368,-0.054603961146733423,0.5627518606033084,0.004456744285793442,-0.05333518697203225,0.5796452625052375,0.007187953947432604,-0.05126048955515142,0.3049999999999998,0.034999999999999865,-0.03684210526315789,0.4499472677707672,ACTIVE
1,X+,1789629033.550777,0.5932560296457783,0.008159414686824368,-0.054603961146733423,0.5627518606033084,0.004456744285793442,-0.05333518697203225,0.5796452625052375,0.007187953947432604,-0.05126048955515142,0.3049999999999998,0.034999999999999865,-0.03684210526315789,0.4499472677707672,ACTIVE
1,X+,1789629033.6917388,0.5932560296457783,0.008159414686824368,-0.054603961146733423,0.5627518606033084,0.004456744285793442,-0.05333518697203225,0.5796452625052375,0.007187953947432604,-0.05126048955515142,0.3049999999999998,0.034999999999999865,-0.03684210526315789,0.4499472677707672,ACTIVE
1,X+,1789629033.8244102,0.5932560296457783,0.008159414686824368,-0.054603961146733423,0.5627518606033084,0.004456744285793442,-0.05333518697203225,0.5796452625052375,0.007187953947432604,-0.05126048955515142,0.3049999999999998,0.034999999999999865,-0.03684210526315789,0.4499472677707672,ACTIVE
1,X+,1789629033.9607916,0.6081410496862882,0.00904309267762656,-0.05692760113867637,0.5627518606033084,0.004456744285793442,-0.05333518697203225,0.5796452625052375,0.007187953947432604,-0.05126048955515142,0.3049999999999998,0.034999999999999865,-0.03684210526315789,0.4499472677707672,ACTIVE
1,X+,1789629034.1071754,0.6204783098950838,0.00974985654494424,-0.05853404957167464,0.6083247818189175,0.007497560252463795,-0.0612934727789857,0.6051833292458074,0.008802123817062558,-0.05523218812175368,0.3049999999999998,0.034999999999999865,-0.03684210526315789,0.39994725584983826,ACTIVE
1,X+,1789629034.2384696,0.6204783098950838,0.00974985654494424,-0.05853404957167464,0.6083247818189175,0.007497560252463795,-0.0612934727789857,0.6051833292458074,0.008802123817062558,-0.05523218812175368,0.3049999999999998,0.034999999999999865,-0.03684210526315789,0.39994725584983826,ACTIVE
1,X+,1789629034.3496828,0.6204783098950838,0.00974985654494424,-0.05853404957167464,0.6083247818189175,0.007497560252463795,-0.0612934727789857,0.6051833292458074,0.008802123817062558,-0.05523218812175368,0.3049999999999998,0.034999999999999865,-0.03684210526315789,0.39994725584983826,ACTIVE
1,X+,1789629034.460671,0.6204783098950838,0.00974985654494424,-0.05853404957167464,0.6083247818189175,0.007497560252463795,-0.0612934727789857,0.6051833292458074,0.008802123817062558,-0.05523218812175368,0.3049999999999998,0.034999999999999865,-0.03684210526315789,0.39994725584983826,ACTIVE
1,X+,1789629034.5823913,0.6204783098950838,0.00974985654494424,-0.05853404957167464,0.6083247818189175,0.007497560252463795,-0.0612934727789857,0.6051833292458074,0.008802123817062558,-0.05523218812175368,0.3049999999999998,0.034999999999999865,-0.03684210526315789,0.39994725584983826,ACTIVE
1,X+,1789629034.7207685,0.6204783098950838,0.00974985654494424,-0.05853404957167464,0.6083247818189175,0.007497560252463795,-0.0612934727789857,0.6051833292458074,0.008802123817062558,-0.05523218812175368,0.3049999999999998,0.034999999999999865,-0.03684210526315789,0.39994725584983826,ACTIVE
1,X+,1789629034.8683887,0.6237553188060024,0.00993476316032528,-0.058932826355545365,0.6083247818189175,0.007497560252463795,-0.0612934727789857,0.6051833292458074,0.008802123817062558,-0.05523218812175368,0.3049999999999998,0.034999999999999865,-0.03684210526315789,0.39994725584983826,ACTIVE
1,X+,1789629035.0880244,0.6465058437908677,0.011182177729723075,-0.06168183290844671,0.6393094503092533,0.008798975718675354,-0.06480161374984081,0.6310660992561735,0.010332799128050537,-0.058352518450791285,0.3049999999999998,0.034999999999999865,-0.03684210526315789,0.39994725584983826,ACTIVE
1,X+,1789629035.2319522,0.6481168770456435,0.011268237723557645,-0.061876336704736926,0.6393094503092533,0.008798975718675354,-0.06480161374984081,0.6310660992561735,0.010332799128050537,-0.058352518450791285,0.3049999999999998,0.034999999999999865,-0.03684210526315789,0.3499472737312317,ACTIVE
1,X+,1789629035.3634288,0.6481168770456435,0.011268237723557645,-0.061876336704736926,0.6393094503092533,0.008798975718675354,-0.06480161374984081,0.6310660992561735,0.010332799128050537,-0.058352518450791285,0.3049999999999998,0.034999999999999865,-0.03684210526315789,0.3499472737312317,ACTIVE
1,X+,1789629035.6073306,0.6481168770456435,0.011268237723557645,-0.061876336704736926,0.6393094503092533,0.008798975718675354,-0.06480161374984081,0.6310660992561735,0.010332799128050537,-0.058352518450791285,0.3049999999999998,0.034999999999999865,-0.03684210526315789,0.3499472737312317,ACTIVE
1,X+,1789629035.7435417,0.6481168770456435,0.011268237723557645,-0.061876336704736926,0.6393094503092533,0.008798975718675354,-0.06480161374984081,0.6310660992561735,0.010332799128050537,-0.058352518450791285,0.3049999999999998,0.034999999999999865,-0.03684210526315789,0.3499472737312317,ACTIVE
1,X+,1789629035.8689876,0.6481168770456435,0.011268237723557645,-0.061876336704736926,0.6393094503092533,0.008798975718675354,-0.06480161374984081,0.6310660992561735,0.010332799128050537,-0.058352518450791285,0.3049999999999998,0.034999999999999865,-0.03684210526315789,0.3499472737312317,ACTIVE
1,X+,1789629036.0265825,0.6481168770456435,0.011268237723557645,-0.061876336704736926,0.6393094503092533,0.008798975718675354,-0.06480161374984081,0.6310660992561735,0.010332799128050537,-0.058352518450791285,0.3049999999999998,0.034999999999999865,-0.03684210526315789,0.3499472737312317,ACTIVE
1,X+,1789629036.15872,0.6489216336224551,0.0113111188019187,-0.06197349270109053,0.6393094503092533,0.008798975718675354,-0.06480161374984081,0.6310660992561735,0.010332799128050537,-0.058352518450791285,0.3049999999999998,0.034999999999999865,-0.03684210526315789,0.3499472737312317,ACTIVE
1,X+,1789629036.2837493,0.6593357887841456,0.01185915691761888,-0.06323039424538668,0.6393094503092533,0.008798975718675354,-0.06480161374984081,0.6571967398422388,0.011795185339277325,-0.06149012699586522,0.3049999999999998,0.034999999999999865,-0.03684210526315789,0.3499472737312317,ACTIVE
1,X+,1789629036.437173,0.6738589768125001,0.012602176079976756,-0.06498166354762888,0.6615904421882811,0.00999690062850193,-0.06725963975546635,0.6571967398422388,0.011795185339277325,-0.06149012699586522,0.3049999999999998,0.034999999999999865,-0.03684210526315789,0.3499472737312317,ACTIVE
1,X+,1789629036.5623157,0.6738589768125001,0.012602176079976756,-0.06498166354762888,0.6615904421882811,0.00999690062850193,-0.06725963975546635,0.6571967398422388,0.011795185339277325,-0.06149012699586522,0.3049999999999998,0.034999999999999865,-0.03684210526315789,0.3499472737312317,ACTIVE
1,X+,1789629036.6752844,0.6738589768125001,0.012602176079976756,-0.06498166354762888,0.6615904421882811,0.00999690062850193,-0.06725963975546635,0.6571967398422388,0.011795185339277325,-0.06149012699586522,0.3049999999999998,0.034999999999999865,-0.03684210526315789,0.3499472737312317,ACTIVE
1,X+,1789629036.7862978,0.6738589768125001,0.012602176079976756,-0.06498166354762888,0.6615904421882811,0.00999690062850193,-0.06725963975546635,0.6571967398422388,0.011795185339277325,-0.06149012699586522,0.3049999999999998,0.034999999999999865,-0.03684210526315789,0.3499472737312317,ACTIVE
1,X+,1789629036.8981698,0.6738589768125001,0.012602176079976756,-0.06498166354762888,0.6615904421882811,0.00999690062850193,-0.06725963975546635,0.6571967398422388,0.011795185339277325,-0.06149012699586522,0.3049999999999998,0.034999999999999865,-0.03684210526315789,0.3499472737312317,ACTIVE
1,X+,1789629037.0111344,0.6738589768125001,0.012602176079976756,-0.06498166354762888,0.6615904421882811,0.00999690062850193,-0.06725963975546635,0.6571967398422388,0.011795185339277325,-0.06149012699586522,0.3049999999999998,0.034999999999999865,-0.03684210526315789,0.3499472737312317,ACTIVE
1,X+,1789629037.1629114,0.6871262370426632,0.013259161263617208,-0.06657934299354021,0.6615904421882811,0.00999690062850193,-0.06725963975546635,0.6571967398422388,0.011795185339277325,-0.06149012699586522,0.3049999999999998,0.034999999999999865,-0.03684210526315789,0.3499472737312317,ACTIVE
1,X+,1789629037.2754433,0.6988837626058987,0.013823664269570275,-0.06799268456156676,0.6930584616845759,0.011399201074196796,-0.07120920412634388,0.6837943145283059,0.01319952477706832,-0.06467867389629786,0.3049999999999998,0.034999999999999865,-0.03684210526315789,0.29994726181030273,ACTIVE
1,X+,1789629037.3863778,0.6996420184137724,0.013859483187414076,-0.06808373568583288,0.6930584616845759,0.011399201074196796,-0.07120920412634388,0.6837943145283059,0.01319952477706832,-0.06467867389629786,0.3049999999999998,0.034999999999999865,-0.03684210526315789,0.29994726181030273,ACTIVE
1,X+,1789629037.4975348,0.6996420184137724,0.013859483187414076,-0.06808373568583288,0.6930584616845759,0.011399201074196796,-0.07120920412634388,0.6837943145283059,0.01319952477706832,-0.06467867389629786,0.3049999999999998,0.034999999999999865,-0.03684210526315789,0.29994726181030273,ACTIVE
1,X+,1789629037.6139617,0.6996420184137724,0.013859483187414076,-0.06808373568583288,0.6930584616845759,0.011399201074196796,-0.07120920412634388,0.6837943145283059,0.01319952477706832,-0.06467867389629786,0.3049999999999998,0.034999999999999865,-0.03684210526315789,0.29994726181030273,ACTIVE
1,X+,1789629037.729043,0.6996420184137724,0.013859483187414076,-0.06808373568583288,0.6930584616845759,0.011399201074196796,-0.07120920412634388,0.6837943145283059,0.01319952477706832,-0.06467867389629786,0.3049999999999998,0.034999999999999865,-0.03684210526315789,0.29994726181030273,ACTIVE
1,X+,1789629037.8426888,0.7031641431430136,0.014024917446213956,-0.0685064249279196,0.6930584616845759,0.011399201074196796,-0.07120920412634388,0.6837943145283059,0.01319952477706832,-0.06467867389629786,0.3049999999999998,0.034999999999999865,-0.03684210526315789,0.29994726181030273,ACTIVE
1,X+,1789629037.9570034,0.7209445248685372,0.014835918697606212,-0.07063178621685584,0.7144759120937829,0.012237174289668981,-0.0733624433811286,0.712609760367356,0.014636499252721423,-0.06821381184820835,0.3049999999999998,0.034999999999999865,-0.03684210526315789,0.27494725584983826,ACTIVE
1,X+,1789629038.06881,0.7242122313017467,0.014980232164889903,-0.0710218640373836,0.7144759120937829,0.012237174289668981,-0.0733624433811286,0.712609760367356,0.014636499252721423,-0.06821381184820835,0.25999999999999984,0.0,0.1,0.27494725584983826,ACTIVE
1,X+,1789629038.1814868,0.7242122313017467,0.014980232164889903,-0.0710218640373836,0.7144759120937829,0.012237174289668981,-0.0733624433811286,0.712609760367356,0.014636499252721423,-0.06821381184820835,0.25999999999999984,0.0,0.1,0.29994726181030273,ACTIVE
1,X+,1789629038.2943606,0.7242122313017467,0.014980232164889903,-0.0710218640373836,0.7144759120937829,0.012237174289668981,-0.0733624433811286,0.712609760367356,0.014636499252721423,-0.06821381184820835,0.25999999999999984,0.0,0.1,0.29994726181030273,ACTIVE
1,X+,1789629038.4253466,0.7242122313017467,0.014980232164889903,-0.0710218640373836,0.7144759120937829,0.012237174289668981,-0.0733624433811286,0.712609760367356,0.014636499252721423,-0.06821381184820835,0.25999999999999984,0.0,0.1,0.29994726181030273,ACTIVE
1,X+,1789629038.5609968,0.7242122313017467,0.014980232164889903,-0.0710218640373836,0.7144759120937829,0.012237174289668981,-0.0733624433811286,0.712609760367356,0.014636499252721423,-0.06821381184820835,0.25999999999999984,0.0,0.1,0.29994726181030273,ACTIVE
1,X+,1789629038.6737838,0.7242122313017467,0.014980232164889903,-0.0710218640373836,0.7144759120937829,0.012237174289668981,-0.0733624433811286,0.712609760367356,0.014636499252721423,-0.06821381184820835,0.25999999999999984,0.0,0.1,0.29994726181030273,ACTIVE
1,X+,1789629038.7859755,0.7244439134834912,0.014990163337622757,-0.0710490487028811,0.7144759120937829,0.012237174289668981,-0.0733624433811286,0.712609760367356,0.014636499252721423,-0.06821381184820835,0.25999999999999984,0.0,0.1,0.29994726181030273,ACTIVE
1,X+,1789629038.898769,0.7375143173577162,0.015533481860306089,-0.07229077562023722,0.748742873388737,0.013622153029768392,-0.07593813539666129,0.7336914233299677,0.015553489607350006,-0.07016913401060162,0.25999999999999984,0.0,0.1,0.24994726479053497,ACTIVE
1,X+,1789629039.046215,0.7479862194399001,0.015798716620062568,-0.0720866148304454,0.748742873388737,0.013622153029768392,-0.07593813539666129,0.7336914233299677,0.015553489607350006,-0.07016913401060162,0.21499999999999986,0.0,0.057894736842105256,0.24994726479053497,ACTIVE
1,X+,1789629039.1590402,0.7479862194399001,0.015798716620062568,-0.0720866148304454,0.748742873388737,0.013622153029768392,-0.07593813539666129,0.7336914233299677,0.015553489607350006,-0.07016913401060162,0.21499999999999986,0.0,0.057894736842105256,0.24994726479053497,ACTIVE
1,X+,1789629039.2731013,0.7479862194399001,0.015798716620062568,-0.0720866148304454,0.748742873388737,0.013622153029768392,-0.07593813539666129,0.7336914233299677,0.015553489607350006,-0.07016913401060162,0.21499999999999986,0.0,0.057894736842105256,0.24994726479053497,ACTIVE
1,X+,1789629039.385093,0.7479862194399001,0.015798716620062568,-0.0720866148304454,0.748742873388737,0.013622153029768392,-0.07593813539666129,0.7336914233299677,0.015553489607350006,-0.07016913401060162,0.21499999999999986,0.0,0.057894736842105256,0.24994726479053497,ACTIVE
1,X+,1789629039.5181866,0.7479862194399001,0.015798716620062568,-0.0720866148304454,0.748742873388737,0.013622153029768392,-0.07593813539666129,0.7336914233299677,0.015553489607350006,-0.07016913401060162,0.21499999999999986,0.0,0.057894736842105256,0.24994726479053497,ACTIVE
1,X+,1789629039.633045,0.7479862194399001,0.015798716620062568,-0.0720866148304454,0.748742873388737,0.013622153029768392,-0.07593813539666129,0.7336914233299677,0.015553489607350006,-0.07016913401060162,0.21499999999999986,0.0,0.057894736842105256,0.24994726479053497,ACTIVE
1,X+,1789629039.7456322,0.7479862194399001,0.015798716620062568,-0.0720866148304454,0.748742873388737,0.013622153029768392,-0.07593813539666129,0.7336914233299677,0.015553489607350006,-0.07016913401060162,0.21499999999999986,0.0,0.057894736842105256,0.24994726479053497,ACTIVE
1,X+,1789629039.8723896,0.7484704761959633,0.015789339830749954,-0.07198663666054546,0.748742873388737,0.013622153029768392,-0.07593813539666129,0.7336914233299677,0.015553489607350006,-0.07016913401060162,0.21499999999999986,0.0,0.057894736842105256,0.24994726479053497,ACTIVE
1,X+,1789629039.9873865,0.760751170959018,0.015323441422823474,-0.06864283027408269,0.748742873388737,0.013622153029768392,-0.07593813539666129,0.7336914233299677,0.015553489607350006,-0.07016913401060162,0.21499999999999986,0.0,0.057894736842105256,0.24994726479053497,ACTIVE
1,X+,1789629040.1062953,0.7725582932305434,0.014641166655205866,-0.06547081527947743,0.7625994191978414,0.014107725551714193,-0.06749721854880697,0.7537069311497973,0.01475607978247557,-0.06469406326413699,0.21499999999999986,0.0,0.047368421052631574,0.24994726479053497,ACTIVE
1,X+,1789629040.2233322,0.7725582932305434,0.014641166655205866,-0.06547081527947743,0.7625994191978414,0.014107725551714193,-0.06749721854880697,0.7537069311497973,0.01475607978247557,-0.06469406326413699,0.21499999999999986,-0.010000000000000134,0.08947368421052632,0.24994726479053497,ACTIVE
1,X+,1789629040.3386858,0.7725582932305434,0.014641166655205866,-0.06547081527947743,0.7625994191978414,0.014107725551714193,-0.06749721854880697,0.7537069311497973,0.01475607978247557,-0.06469406326413699,0.21499999999999986,-0.010000000000000134,0.08947368421052632,0.24994726479053497,ACTIVE
1,X+,1789629040.4512694,0.7725582932305434,0.014641166655205866,-0.06547081527947743,0.7625994191978414,0.014107725551714193,-0.06749721854880697,0.7537069311497973,0.01475607978247557,-0.06469406326413699,0.21499999999999986,-0.010000000000000134,0.08947368421052632,0.24994726479053497,ACTIVE
1,X+,1789629040.5651197,0.7725582932305434,0.014641166655205866,-0.06547081527947743,0.7625994191978414,0.014107725551714193,-0.06749721854880697,0.7537069311497973,0.01475607978247557,-0.06469406326413699,0.21499999999999986,-0.010000000000000134,0.08947368421052632,0.24994726479053497,ACTIVE
1,X+,1789629040.6972547,0.7725582932305434,0.014641166655205866,-0.06547081527947743,0.7625994191978414,0.014107725551714193,-0.06749721854880697,0.7537069311497973,0.01475607978247557,-0.06469406326413699,0.21499999999999986,-0.010000000000000134,0.08947368421052632,0.24994726479053497,ACTIVE
1,X+,1789629040.8587058,0.7725582932305434,0.014641166655205866,-0.06547081527947743,0.7625994191978414,0.014107725551714193,-0.06749721854880697,0.7537069311497973,0.01475607978247557,-0.06469406326413699,0.21499999999999986,-0.010000000000000134,0.08947368421052632,0.24994726479053497,ACTIVE
1,X+,1789629040.9724574,0.7725582932305434,0.014641166655205866,-0.06547081527947743,0.7625994191978414,0.014107725551714193,-0.06749721854880697,0.7537069311497973,0.01475607978247557,-0.06469406326413699,0.21499999999999986,-0.010000000000000134,0.08947368421052632,0.24994726479053497,ACTIVE
1,X+,1789629041.0859697,0.7813531865147957,0.014080033321189988,-0.06312056767496978,0.7625994191978414,0.014107725551714193,-0.06749721854880697,0.7537069311497973,0.01475607978247557,-0.06469406326413699,0.21499999999999986,-0.010000000000000134,0.08947368421052632,0.24994726479053497,ACTIVE
1,X+,1789629041.2080462,0.7967717722508723,0.01273766322855132,-0.0577242787035724,0.7799209189394083,0.011465814515738802,-0.0564599092727862,0.7737910340505337,0.013436267056077748,-0.05927428570945497,0.21499999999999986,-0.010000000000000134,0.08947368421052632,0.1999472677707672,ACTIVE
1,X+,1789629041.3390322,0.7967717722508723,0.01273766322855132,-0.0577242787035724,0.7799209189394083,0.011465814515738802,-0.0564599092727862,0.7737910340505337,0.013436267056077748,-0.05927428570945497,0.16999999999999987,0.0,0.047368421052631574,0.1999472677707672,ACTIVE
1,X+,1789629041.451052,0.7967717722508723,0.01273766322855132,-0.0577242787035724,0.7799209189394083,0.011465814515738802,-0.0564599092727862,0.7737910340505337,0.013436267056077748,-0.05927428570945497,0.16999999999999987,0.0,0.047368421052631574,0.1999472677707672,ACTIVE
1,X+,1789629041.562982,0.7967717722508723,0.01273766322855132,-0.0577242787035724,0.7799209189394083,0.011465814515738802,-0.0564599092727862,0.7737910340505337,0.013436267056077748,-0.05927428570945497,0.16999999999999987,0.0,0.047368421052631574,0.1999472677707672,ACTIVE
1,X+,1789629041.7115307,0.7967717722508723,0.01273766322855132,-0.0577242787035724,0.7799209189394083,0.011465814515738802,-0.0564599092727862,0.7737910340505337,0.013436267056077748,-0.05927428570945497,0.16999999999999987,0.0,0.047368421052631574,0.1999472677707672,ACTIVE
1,X+,1789629041.8253434,0.7967717722508723,0.01273766322855132,-0.0577242787035724,0.7799209189394083,0.011465814515738802,-0.0564599092727862,0.7737910340505337,0.013436267056077748,-0.05927428570945497,0.16999999999999987,0.0,0.047368421052631574,0.1999472677707672,ACTIVE
1,X+,1789629041.9455335,0.7967717722508723,0.01273766322855132,-0.0577242787035724,0.7799209189394083,0.011465814515738802,-0.0564599092727862,0.7737910340505337,0.013436267056077748,-0.05927428570945497,0.16999999999999987,0.0,0.047368421052631574,0.1999472677707672,ACTIVE
1,X+,1789629042.067051,0.7967717722508723,0.01273766322855132,-0.0577242787035724,0.7799209189394083,0.011465814515738802,-0.0564599092727862,0.7737910340505337,0.013436267056077748,-0.05927428570945497,0.16999999999999987,0.0,0.047368421052631574,0.1999472677707672,ACTIVE
1,X+,1789629042.1854076,0.8076262765109324,0.011642575369557788,-0.053269742424503386,0.7799209189394083,0.011465814515738802,-0.0564599092727862,0.7931016277218093,0.011365328958687079,-0.05117610585799217,0.16999999999999987,0.0,0.047368421052631574,0.1999472677707672,ACTIVE
1,X+,1789629042.3457518,0.8178251066062349,0.011022096810325895,-0.05016917282312696,0.7757470646947612,0.010698248290975373,-0.057009050299827606,0.7931016277218093,0.011365328958687079,-0.05117610585799217,0.21499999999999986,-0.010000000000000134,0.1,0.1999472677707672,ACTIVE
1,X+,1789629042.457928,0.8178251066062349,0.011022096810325895,-0.05016917282312696,0.7757470646947612,0.010698248290975373,-0.057009050299827606,0.7931016277218093,0.011365328958687079,-0.05117610585799217,0.21499999999999986,-0.010000000000000134,0.1,0.1999472677707672,ACTIVE
1,X+,1789629042.5714133,0.8178251066062349,0.011022096810325895,-0.05016917282312696,0.7757470646947612,0.010698248290975373,-0.057009050299827606,0.7931016277218093,0.011365328958687079,-0.05117610585799217,0.21499999999999986,-0.010000000000000134,0.1,0.1999472677707672,ACTIVE
1,X+,1789629042.683665,0.8178251066062349,0.011022096810325895,-0.05016917282312696,0.7757470646947612,0.010698248290975373,-0.057009050299827606,0.7931016277218093,0.011365328958687079,-0.05117610585799217,0.21499999999999986,-0.010000000000000134,0.1,0.1999472677707672,ACTIVE
1,X+,1789629042.7949843,0.8178251066062349,0.011022096810325895,-0.05016917282312696,0.7757470646947612,0.010698248290975373,-0.057009050299827606,0.7931016277218093,0.011365328958687079,-0.05117610585799217,0.21499999999999986,-0.010000000000000134,0.1,0.1999472677707672,ACTIVE
1,X+,1789629042.9268897,0.8178251066062349,0.011022096810325895,-0.05016917282312696,0.7757470646947612,0.010698248290975373,-0.057009050299827606,0.7931016277218093,0.011365328958687079,-0.05117610585799217,0.21499999999999986,-0.010000000000000134,0.1,0.1999472677707672,ACTIVE
1,X+,1789629043.0573847,0.8192186495958,0.010951594516133886,-0.04978529169369801,0.7757470646947612,0.010698248290975373,-0.057009050299827606,0.7931016277218093,0.011365328958687079,-0.05117610585799217,0.21499999999999986,-0.010000000000000134,0.1,0.1999472677707672,ACTIVE
1,X+,1789629043.1692789,0.8316799480636622,0.010264947348056531,-0.04601302513254996,0.8181319061810693,0.007218813904073125,-0.043422351857791835,0.8105022716287393,0.010466547912556835,-0.04632111656094488,0.21499999999999986,-0.010000000000000134,0.1,0.1999472677707672,ACTIVE
1,X+,1789629043.2825034,0.8373229842227886,0.00973984671076756,-0.04339441793994357,0.8181319061810693,0.007218813904073125,-0.043422351857791835,0.8105022716287393,0.010466547912556835,-0.04632111656094488,0.16999999999999987,0.0,-0.1,0.1999472677707672,ACTIVE
1,X+,1789629043.3958285,0.8373229842227886,0.00973984671076756,-0.04339441793994357,0.8181319061810693,0.007218813904073125,-0.043422351857791835,0.8105022716287393,0.010466547912556835,-0.04632111656094488,0.16999999999999987,0.0,-0.1,0.1999472677707672,ACTIVE
1,X+,1789629043.5105982,0.8373229842227886,0.00973984671076756,-0.04339441793994357,0.8181319061810693,0.007218813904073125,-0.043422351857791835,0.8105022716287393,0.010466547912556835,-0.04632111656094488,0.16999999999999987,0.0,-0.1,0.1999472677707672,ACTIVE
1,X+,1789629043.6362474,0.8373229842227886,0.00973984671076756,-0.04339441793994357,0.8181319061810693,0.007218813904073125,-0.043422351857791835,0.8105022716287393,0.010466547912556835,-0.04632111656094488,0.16999999999999987,0.0,-0.1,0.1999472677707672,ACTIVE
1,X+,1789629043.747914,0.8373229842227886,0.00973984671076756,-0.04339441793994357,0.8181319061810693,0.007218813904073125,-0.043422351857791835,0.8105022716287393,0.010466547912556835,-0.04632111656094488,0.16999999999999987,0.0,-0.1,0.1999472677707672,ACTIVE
1,X+,1789629043.9259148,0.8398799720365616,0.00951349271798555,-0.042225470491493444,0.8181319061810693,0.007218813904073125,-0.043422351857791835,0.8105022716287393,0.010466547912556835,-0.04632111656094488,0.16999999999999987,0.0,-0.1,0.1999472677707672,ACTIVE
1,X+,1789629044.0507865,0.8512773140071137,0.008546735089900387,-0.038667097262764176,0.8308781824515226,0.005829732352943344,-0.03431238528649285,0.8278868167323654,0.008835023873612341,-0.03819452976055269,0.16999999999999987,0.0,-0.1,0.14994725584983826,ACTIVE
1,X+,1789629044.1983721,0.8552005751391569,0.008238203320242422,-0.03947464772750956,0.8308781824515226,0.005829732352943344,-0.03431238528649285,0.8278868167323654,0.008835023873612341,-0.03819452976055269,0.16999999999999987,0.0,-0.1,0.14994725584983826,ACTIVE
1,X+,1789629044.3107321,0.8552005751391569,0.008238203320242422,-0.03947464772750956,0.8308781824515226,0.005829732352943344,-0.03431238528649285,0.8278868167323654,0.008835023873612341,-0.03819452976055269,0.16999999999999987,0.0,-0.1,0.14994725584983826,ACTIVE
1,X+,1789629044.4345698,0.8552005751391569,0.008238203320242422,-0.03947464772750956,0.8308781824515226,0.005829732352943344,-0.03431238528649285,0.8278868167323654,0.008835023873612341,-0.03819452976055269,0.16999999999999987,0.0,-0.1,0.14994725584983826,ACTIVE
1,X+,1789629044.5464065,0.8552005751391569,0.008238203320242422,-0.03947464772750956,0.8308781824515226,0.005829732352943344,-0.03431238528649285,0.8278868167323654,0.008835023873612341,-0.03819452976055269,0.16999999999999987,0.0,-0.1,0.14994725584983826,ACTIVE
1,X+,1789629044.6604104,0.8552005751391569,0.008238203320242422,-0.03947464772750956,0.8308781824515226,0.005829732352943344,-0.03431238528649285,0.8278868167323654,0.008835023873612341,-0.03819452976055269,0.16999999999999987,0.0,-0.1,0.14994725584983826,ACTIVE
1,X+,1789629044.775592,0.8610789057642613,0.007725336123081602,-0.04071698827109771,0.8308781824515226,0.005829732352943344,-0.03431238528649285,0.8278868167323654,0.008835023873612341,-0.03819452976055269,0.16999999999999987,0.0,-0.1,0.14994725584983826,ACTIVE
1,X+,1789629044.8958244,0.8697224319912873,0.007241413672894731,-0.04454040537781205,0.8457169120015583,0.003468727318048065,-0.0421422650270875,0.8442601391517269,0.007418884148263099,-0.041683110136328964,0.16999999999999987,0.0,-0.1,0.14994725584983826,ACTIVE
1,X+,1789629045.0098882,0.8702992051818013,0.007215353500833903,-0.04488461079688162,0.8457169120015583,0.003468727318048065,-0.0421422650270875,0.8442601391517269,0.007418884148263099,-0.041683110136328964,0.16999999999999987,0.0,0.02631578947368421,0.14994725584983826,ACTIVE
1,X+,1789629045.1217859,0.8702992051818013,0.007215353500833903,-0.04488461079688162,0.8457169120015583,0.003468727318048065,-0.0421422650270875,0.8442601391517269,0.007418884148263099,-0.041683110136328964,0.16999999999999987,0.0,0.02631578947368421,0.14994725584983826,ACTIVE
1,X+,1789629045.2351434,0.8702992051818013,0.007215353500833903,-0.04488461079688162,0.8457169120015583,0.003468727318048065,-0.0421422650270875,0.8442601391517269,0.007418884148263099,-0.041683110136328964,0.16999999999999987,0.0,0.02631578947368421,0.14994725584983826,ACTIVE
1,X+,1789629045.3770735,0.8702992051818013,0.007215353500833903,-0.04488461079688162,0.8457169120015583,0.003468727318048065,-0.0421422650270875,0.8442601391517269,0.007418884148263099,-0.041683110136328964,0.16999999999999987,0.0,0.02631578947368421,0.14994725584983826,ACTIVE
1,X+,1789629045.5083778,0.8702992051818013,0.007215353500833903,-0.04488461079688162,0.8457169120015583,0.003468727318048065,-0.0421422650270875,0.8442601391517269,0.007418884148263099,-0.041683110136328964,0.16999999999999987,0.0,0.02631578947368421,0.14994725584983826,ACTIVE
1,X+,1789629045.6314504,0.8702992051818013,0.007215353500833903,-0.04488461079688162,0.8457169120015583,0.003468727318048065,-0.0421422650270875,0.8442601391517269,0.007418884148263099,-0.041683110136328964,0.16999999999999987,0.0,0.02631578947368421,0.14994725584983826,ACTIVE
1,X+,1789629045.8270664,0.8786117694689906,0.006828537740717608,-0.049924459384478904,0.8595608453173714,0.0018292188402169924,-0.0562020491051829,0.8593549648144313,0.006617088274542666,-0.05057537540905105,0.16999999999999987,0.0,0.02631578947368421,0.14994725584983826,ACTIVE
1,X+,1789629045.9674892,0.8840140766303674,0.0064846282874687616,-0.049801398051241424,0.8595608453173714,0.0018292188402169924,-0.0562020491051829,0.8593549648144313,0.006617088274542666,-0.05057537540905105,0.16999999999999987,0.034999999999999865,-0.08947368421052632,0.14994725584983826,ACTIVE
1,X+,1789629046.0795715,0.8840140766303674,0.0064846282874687616,-0.049801398051241424,0.8595608453173714,0.0018292188402169924,-0.0562020491051829,0.8593549648144313,0.006617088274542666,-0.05057537540905105,0.16999999999999987,0.034999999999999865,-0.08947368421052632,0.14994725584983826,ACTIVE
1,X+,1789629046.1911883,0.8840140766303674,0.0064846282874687616,-0.049801398051241424,0.8595608453173714,0.0018292188402169924,-0.0562020491051829,0.8593549648144313,0.006617088274542666,-0.05057537540905105,0.16999999999999987,0.034999999999999865,-0.08947368421052632,0.14994725584983826,ACTIVE
1,X+,1789629046.343307,0.8840140766303674,0.0064846282874687616,-0.049801398051241424,0.8595608453173714,0.0018292188402169924,-0.0562020491051829,0.8593549648144313,0.006617088274542666,-0.05057537540905105,0.16999999999999987,0.034999999999999865,-0.08947368421052632,0.14994725584983826,ACTIVE
1,X+,1789629046.4731934,0.8840140766303674,0.0064846282874687616,-0.049801398051241424,0.8595608453173714,0.0018292188402169924,-0.0562020491051829,0.8593549648144313,0.006617088274542666,-0.05057537540905105,0.16999999999999987,0.034999999999999865,-0.08947368421052632,0.14994725584983826,ACTIVE
1,X+,1789629046.591274,0.8871362118655616,0.0063682091461130155,-0.049390388856196024,0.8595608453173714,0.0018292188402169924,-0.0562020491051829,0.8593549648144313,0.006617088274542666,-0.05057537540905105,0.16999999999999987,0.034999999999999865,-0.08947368421052632,0.14994725584983826,ACTIVE
1,X+,1789629046.7222543,0.8961933744340003,0.006422590302215327,-0.04996306364360526,0.8751981788213947,0.0015311878754882282,-0.05289049369003518,0.8734020112429814,0.005904342826448007,-0.04937948967291544,0.16999999999999987,0.034999999999999865,-0.08947368421052632,0.0999472588300705,ACTIVE
1,X+,1789629046.8408978,0.8965704086428731,0.006446228393545961,-0.050038767754419476,0.8751981788213947,0.0015311878754882282,-0.05289049369003518,0.8734020112429814,0.005904342826448007,-0.04937948967291544,0.12499999999999986,0.0,0.047368421052631574,0.0999472588300705,ACTIVE
1,X+,1789629046.9530227,0.8965704086428731,0.006446228393545961,-0.050038767754419476,0.8751981788213947,0.0015311878754882282,-0.05289049369003518,0.8734020112429814,0.005904342826448007,-0.04937948967291544,0.12499999999999986,0.0,0.047368421052631574,0.0999472588300705,ACTIVE
1,X+,1789629047.0653164,0.8965704086428731,0.006446228393545961,-0.050038767754419476,0.8751981788213947,0.0015311878754882282,-0.05289049369003518,0.8734020112429814,0.005904342826448007,-0.04937948967291544,0.12499999999999986,0.0,0.047368421052631574,0.0999472588300705,ACTIVE
1,X+,1789629047.1772661,0.8965704086428731,0.006446228393545961,-0.050038767754419476,0.8751981788213947,0.0015311878754882282,-0.05289049369003518,0.8734020112429814,0.005904342826448007,-0.04937948967291544,0.12499999999999986,0.0,0.047368421052631574,0.0999472588300705,ACTIVE
1,X+,1789629047.289646,0.8965704086428731,0.006446228393545961,-0.050038767754419476,0.8751981788213947,0.0015311878754882282,-0.05289049369003518,0.8734020112429814,0.005904342826448007,-0.04937948967291544,0.12499999999999986,0.0,0.047368421052631574,0.0999472588300705,ACTIVE
1,X+,1789629047.4009752,0.8965704086428731,0.006446228393545961,-0.050038767754419476,0.8751981788213947,0.0015311878754882282,-0.05289049369003518,0.8734020112429814,0.005904342826448007,-0.04937948967291544,0.12499999999999986,0.0,0.047368421052631574,0.0999472588300705,ACTIVE
1,X+,1789629047.528687,0.9029243395084663,0.006842593093697872,-0.051398725935608694,0.8751981788213947,0.0015311878754882282,-0.05289049369003518,0.8734020112429814,0.005904342826448007,-0.04937948967291544,0.12499999999999986,0.0,0.047368421052631574,0.0999472588300705,ACTIVE
1,X+,1789629047.648026,0.9088612886487295,0.006912163589527551,-0.050711484402259845,0.8884240054913641,0.0012605131933301327,-0.05404162698846541,0.8879141501816967,0.006816135175811457,-0.05250407643360979,0.12499999999999986,0.0,0.057894736842105256,0.0999472588300705,ACTIVE
1,X+,1789629047.7598236,0.9088612886487295,0.006912163589527551,-0.050711484402259845,0.8884240054913641,0.0012605131933301327,-0.05404162698846541,0.8879141501816967,0.006816135175811457,-0.05250407643360979,0.12499999999999986,0.0,0.057894736842105256,0.0999472588300705,ACTIVE
1,X+,1789629047.8725927,0.9088612886487295,0.006912163589527551,-0.050711484402259845,0.8884240054913641,0.0012605131933301327,-0.05404162698846541,0.8879141501816967,0.006816135175811457,-0.05250407643360979,0.12499999999999986,0.0,0.057894736842105256,0.0999472588300705,ACTIVE
1,X+,1789629047.9846244,0.9088612886487295,0.006912163589527551,-0.050711484402259845,0.8884240054913641,0.0012605131933301327,-0.05404162698846541,0.8879141501816967,0.006816135175811457,-0.05250407643360979,0.12499999999999986,0.0,0.057894736842105256,0.0999472588300705,ACTIVE
1,X+,1789629048.0962048,0.9088612886487295,0.006912163589527551,-0.050711484402259845,0.8884240054913641,0.0012605131933301327,-0.05404162698846541,0.8879141501816967,0.006816135175811457,-0.05250407643360979,0.12499999999999986,0.0,0.057894736842105256,0.0999472588300705,ACTIVE
1,X+,1789629048.2676125,0.9088612886487295,0.006912163589527551,-0.050711484402259845,0.8884240054913641,0.0012605131933301327,-0.05404162698846541,0.8879141501816967,0.006816135175811457,-0.05250407643360979,0.12499999999999986,0.0,0.057894736842105256,0.0999472588300705,ACTIVE
1,X+,1789629048.3863804,0.9113661574346233,0.006893516857074922,-0.050143232126759696,0.8884240054913641,0.0012605131933301327,-0.05404162698846541,0.8879141501816967,0.006816135175811457,-0.05250407643360979,0.12499999999999986,0.0,0.057894736842105256,0.0999472588300705,ACTIVE
1,X+,1789629048.5058362,0.9163303805972701,0.006816451890150294,-0.048781810600463736,0.8994489068611321,0.004433270527616887,-0.05009456367709524,0.9012524818630732,0.006690355173317893,-0.049440492077098976,0.12499999999999986,0.0,0.057894736842105256,0.0999472588300705,ACTIVE
1,X+,1789629048.6468103,0.9185610386228661,0.006695881789217794,-0.04773359723934025,0.8994489068611321,0.004433270527616887,-0.05009456367709524,0.9012524818630732,0.006690355173317893,-0.049440492077098976,0.12499999999999986,0.0,0.015789473684210527,0.0999472588300705,ACTIVE
1,X+,1789629048.7986188,0.9185610386228661,0.006695881789217794,-0.04773359723934025,0.8994489068611321,0.004433270527616887,-0.05009456367709524,0.9012524818630732,0.006690355173317893,-0.049440492077098976,0.12499999999999986,0.0,0.015789473684210527,0.0999472588300705,ACTIVE
1,X+,1789629048.9128327,0.9185610386228661,0.006695881789217794,-0.04773359723934025,0.8994489068611321,0.004433270527616887,-0.05009456367709524,0.9012524818630732,0.006690355173317893,-0.049440492077098976,0.12499999999999986,0.0,0.015789473684210527,0.0999472588300705,ACTIVE
1,X+,1789629049.0289717,0.9185610386228661,0.006695881789217794,-0.04773359723934025,0.8994489068611321,0.004433270527616887,-0.05009456367709524,0.9012524818630732,0.006690355173317893,-0.049440492077098976,0.12499999999999986,0.0,0.015789473684210527,0.0999472588300705,ACTIVE
1,X+,1789629049.140824,0.9193294549451664,0.006658209842891545,-0.047388487991652364,0.8994489068611321,0.004433270527616887,-0.05009456367709524,0.9012524818630732,0.006690355173317893,-0.049440492077098976,0.12499999999999986,0.0,0.015789473684210527,0.0999472588300705,ACTIVE
1,X+,1789629049.2625184,0.9254273285066784,0.006367258335350503,-0.045257266007583216,0.9134643005948663,0.003697436577481653,-0.04313406007513088,0.9140979081102395,0.0059959805004842544,-0.04348252753317488,0.12499999999999986,0.0,0.0,0.0999472588300705,ACTIVE
1,X+,1789629049.3754106,0.9261465239377928,0.006332748357128689,-0.0451707712142995,0.9134643005948663,0.003697436577481653,-0.04313406007513088,0.9140979081102395,0.0059959805004842544,-0.04348252753317488,0.12499999999999986,0.0,0.0,0.0999472588300705,ACTIVE
1,X+,1789629049.4887602,0.9261465239377928,0.006332748357128689,-0.0451707712142995,0.9134643005948663,0.003697436577481653,-0.04313406007513088,0.9140979081102395,0.0059959805004842544,-0.04348252753317488,0.12499999999999986,0.0,0.0,0.0999472588300705,ACTIVE
1,X+,1789629049.6020672,0.9261465239377928,0.006332748357128689,-0.0451707712142995,0.9134643005948663,0.003697436577481653,-0.04313406007513088,0.9140979081102395,0.0059959805004842544,-0.04348252753317488,0.12499999999999986,0.0,0.0,0.0999472588300705,ACTIVE
1,X+,1789629049.7162766,0.9261465239377928,0.006332748357128689,-0.0451707712142995,0.9134643005948663,0.003697436577481653,-0.04313406007513088,0.9140979081102395,0.0059959805004842544,-0.04348252753317488,0.12499999999999986,0.0,0.0,0.0999472588300705,ACTIVE
1,X+,1789629049.8272667,0.9283781766135143,0.00623086595850024,-0.04488661249898615,0.9134643005948663,0.003697436577481653,-0.04313406007513088,0.926765804426573,0.005436617729573408,-0.04188107935016881,0.12499999999999986,0.0,0.0,0.0999472588300705,ACTIVE
1,X+,1789629049.9791903,0.931692411088545,0.006085150896269743,-0.04470885699590295,0.9123884716207968,0.0027775684125090046,-0.04565790810748727,0.926765804426573,0.005436617729573408,-0.04188107935016881,0.07999999999999986,0.0,-0.06842105263157894,0.0999472588300705,ACTIVE
1,X+,1789629050.094278,0.931692411088545,0.006085150896269743,-0.04470885699590295,0.9123884716207968,0.0027775684125090046,-0.04565790810748727,0.926765804426573,0.005436617729573408,-0.04188107935016881,0.07999999999999986,0.0,-0.06842105263157894,0.0999472588300705,ACTIVE
1,X+,1789629050.215115,0.931692411088545,0.006085150896269743,-0.04470885699590295,0.9123884716207968,0.0027775684125090046,-0.04565790810748727,0.926765804426573,0.005436617729573408,-0.04188107935016881,0.07999999999999986,0.0,-0.06842105263157894,0.0999472588300705,ACTIVE
1,X+,1789629050.348375,0.931692411088545,0.006085150896269743,-0.04470885699590295,0.9123884716207968,0.0027775684125090046,-0.04565790810748727,0.926765804426573,0.005436617729573408,-0.04188107935016881,0.07999999999999986,0.0,-0.06842105263157894,0.0999472588300705,ACTIVE
1,X+,1789629050.4634197,0.93348637305353,0.006002818991391278,-0.04470058748383851,0.9123884716207968,0.0027775684125090046,-0.04565790810748727,0.926765804426573,0.005436617729573408,-0.04188107935016881,0.07999999999999986,0.0,-0.06842105263157894,0.0999472588300705,ACTIVE
1,X+,1789629050.576998,0.9352026407369826,0.005777415512636651,-0.045104255281956954,0.9259825432042027,0.00209868820707927,-0.045395919403285113,0.9385455433513847,0.004943170612788265,-0.04188103343193478,0.07999999999999986,0.0,-0.057894736842105256,0.049947258085012436,ACTIVE
1,X+,1789629050.6890318,0.9352026407369826,0.005777415512636651,-0.045104255281956954,0.9259825432042027,0.00209868820707927,-0.045395919403285113,0.9385455433513847,0.004943170612788265,-0.04188103343193478,0.07999999999999986,0.0,-0.057894736842105256,0.049947258085012436,ACTIVE
1,X+,1789629050.8006883,0.9352026407369826,0.005777415512636651,-0.045104255281956954,0.9259825432042027,0.00209868820707927,-0.045395919403285113,0.9385455433513847,0.004943170612788265,-0.04188103343193478,0.07999999999999986,0.0,-0.057894736842105256,0.049947258085012436,ACTIVE
1,X+,1789629050.9137018,0.9352026407369826,0.005777415512636651,-0.045104255281956954,0.9259825432042027,0.00209868820707927,-0.045395919403285113,0.9385455433513847,0.004943170612788265,-0.04188103343193478,0.07999999999999986,0.0,-0.057894736842105256,0.049947258085012436,ACTIVE
1,X+,1789629051.0307539,0.9352026407369826,0.005777415512636651,-0.045104255281956954,0.9259825432042027,0.00209868820707927,-0.045395919403285113,0.9385455433513847,0.004943170612788265,-0.04188103343193478,0.07999999999999986,0.0,-0.057894736842105256,0.049947258085012436,ACTIVE
1,X+,1789629051.1854527,0.9371906535998816,0.005586642606353429,-0.046096568331059115,0.948740093903573,0.0010077811273934017,-0.04662836129630007,0.9441461269954576,0.004135921003021398,-0.045688179655411984,0.07999999999999986,0.0,-0.057894736842105256,0.049947258085012436,ACTIVE
1,X+,1789629051.3032687,0.9378789206732883,0.0055855878113611,-0.046514502238461146,0.948740093903573,0.0010077811273934017,-0.04662836129630007,0.9441461269954576,0.004135921003021398,-0.045688179655411984,0.07999999999999986,0.0,0.03684210526315789,0.049947258085012436,ACTIVE
1,X+,1789629051.4172876,0.9378789206732883,0.0055855878113611,-0.046514502238461146,0.948740093903573,0.0010077811273934017,-0.04662836129630007,0.9441461269954576,0.004135921003021398,-0.045688179655411984,0.07999999999999986,0.0,0.03684210526315789,0.049947258085012436,ACTIVE
1,X+,1789629051.531981,0.9378789206732883,0.0055855878113611,-0.046514502238461146,0.948740093903573,0.0010077811273934017,-0.04662836129630007,0.9441461269954576,0.004135921003021398,-0.045688179655411984,0.07999999999999986,0.0,0.03684210526315789,0.049947258085012436,ACTIVE
1,X+,1789629051.6433835,0.9378789206732883,0.0055855878113611,-0.046514502238461146,0.948740093903573,0.0010077811273934017,-0.04662836129630007,0.9441461269954576,0.004135921003021398,-0.045688179655411984,0.07999999999999986,0.0,0.03684210526315789,0.049947258085012436,ACTIVE
1,X+,1789629051.8146667,0.9378789206732883,0.0055855878113611,-0.046514502238461146,0.948740093903573,0.0010077811273934017,-0.04662836129630007,0.9441461269954576,0.004135921003021398,-0.045688179655411984,0.07999999999999986,0.0,0.03684210526315789,0.049947258085012436,ACTIVE
1,X+,1789629051.9288247,0.9392529984098072,0.0056726253880539255,-0.04701170027580749,0.9420417204535525,0.0006612736963949176,-0.047870142324422556,0.9483328408540477,0.0032563467301351748,-0.04874389648446995,0.07999999999999986,0.0,0.03684210526315789,0.049947258085012436,ACTIVE
1,X+,1789629052.0677786,0.9412323105598659,0.0056914596850805,-0.04710344217329059,0.9420417204535525,0.0006612736963949176,-0.047870142324422556,0.9483328408540477,0.0032563467301351748,-0.04874389648446995,0.0,0.0,0.0,0.049947258085012436,ACTIVE
1,X+,1789629052.1899922,,,,,,,,,,0.0,0.0,0.0,0.049947258085012436,SUCCEEDED
