case,sim_time,gt_x,gt_y,gt_yaw,odom_x,odom_y,odom_yaw,local_x,local_y,local_yaw,cmd_x,cmd_y,cmd_yaw,steer,drive,imu_wz
X+,1789634117.2353578,1.8417324045214012e-06,-3.3113151528055274e-08,6.76927842310344e-05,-0.00015502287554461258,-6.794222808039787e-10,8.855486400917609e-11,-4.684743685452603e-05,-2.8811106401989505e-08,-0.00016601518832004558,0.2,0.0,0.0,"[0.0, 0.0]","[0.0, 0.0]",-0.0021578847589635466
X+,1789634117.3450856,1.7533931266081743e-05,-1.217956862864522e-07,6.819042946494834e-05,-0.00017718493455668626,-7.753015134713915e-10,1.0137965065837566e-10,-5.0925491797808645e-05,-4.087718987249058e-08,0.00019654891636257526,0.2,0.0,0.0,"[0.0, 0.0]","[1.001, 1.001]",0.0007484526318831199
X+,1789634117.43764,1.7533931266081743e-05,-1.217956862864522e-07,6.819042946494834e-05,-0.00017718493455668626,-7.753015134713915e-10,1.0137965065837566e-10,-5.0925491797808645e-05,-4.087718987249058e-08,0.00019654891636257526,0.2,0.0,0.0,"[0.0, 0.0]","[1.001, 1.001]",0.0007484526318831199
X+,1789634117.5379524,1.7533931266081743e-05,-1.217956862864522e-07,6.819042946494834e-05,-0.00017718493455668626,-7.753015134713915e-10,1.0137965065837566e-10,-5.0925491797808645e-05,-4.087718987249058e-08,0.00019654891636257526,0.2,0.0,0.0,"[0.0, 0.0]","[1.001, 1.001]",0.0007484526318831199
X+,1789634117.638274,0.0002615969431362247,-3.962020315240525e-07,6.799660221879026e-05,-0.00017718493455668626,-7.753015134713915e-10,1.0137965065837566e-10,-5.0925491797808645e-05,-4.087718987249058e-08,0.00019654891636257526,0.2,0.0,0.0,"[0.0, 0.0]","[1.001, 1.001]",-0.0014207209804571927
X+,1789634117.725544,0.0010338324159018496,-3.7959630358290475e-07,6.80645221757337e-05,0.0016643383030735509,1.1947766552261025e-08,-1.8394233723561164e-08,-5.0925491797808645e-05,-4.087718987249058e-08,0.00019654891636257526,0.2,0.0,0.0,"[0.0, 0.0]","[2.001, 2.001]",-0.002376358661054674
X+,1789634117.822551,0.0015625498034388292,-3.9672425769347874e-07,6.781715786036709e-05,0.0016643383030735509,1.1947766552261025e-08,-1.8394233723561164e-08,-2.6715949911828657e-05,-3.5064439532391845e-08,7.819287746668734e-05,0.2,0.0,0.0,"[0.0, 0.0]","[2.002, 2.002]",-0.0009021323219356287
X+,1789634117.921804,0.0015625498034388292,-3.9672425769347874e-07,6.781715786036709e-05,0.0016643383030735509,1.1947766552261025e-08,-1.8394233723561164e-08,-2.6715949911828657e-05,-3.5064439532391845e-08,7.819287746668734e-05,0.2,0.0,0.0,"[0.0, 0.0]","[2.002, 2.002]",-0.0009021323219356287
X+,1789634118.013849,0.0015625498034388292,-3.9672425769347874e-07,6.781715786036709e-05,0.0016643383030735509,1.1947766552261025e-08,-1.8394233723561164e-08,-2.6715949911828657e-05,-3.5064439532391845e-08,7.819287746668734e-05,0.2,0.0,0.0,"[0.0, 0.0]","[2.002, 2.002]",-0.0009021323219356287
X+,1789634118.1153696,0.003054565056348664,-4.4136922853002525e-07,6.790259944253032e-05,0.0016643383030735509,1.1947766552261025e-08,-1.8394233723561164e-08,-2.6715949911828657e-05,-3.5064439532391845e-08,7.819287746668734e-05,0.2,0.0,0.0,"[0.0, 0.0]","[2.002, 2.002]",0.0028801518822605702
X+,1789634118.2287474,0.005275637909070357,-4.854041454104355e-07,6.801872331153611e-05,0.007217650389456994,7.927507590489076e-08,-1.0253556028630746e-07,-2.6715949911828657e-05,-3.5064439532391845e-08,7.819287746668736e-05,0.2,0.0,0.0,"[0.0, 0.0]","[2.962962962962963, 2.962962962962963]",0.0011649727492356087
X+,1789634118.3321328,0.006871671844591139,-5.523460930006302e-07,6.776559288330298e-05,0.007217650389456994,7.927507590489076e-08,-1.0253556028630746e-07,0.0033936315887461163,-1.2084722463166848e-07,2.845655422323289e-05,0.2,0.0,0.0,"[0.0, 0.0]","[2.962962962962963, 2.962962962962963]",0.00038179424298365324
X+,1789634118.4220817,0.006871671844591139,-5.523460930006302e-07,6.776559288330298e-05,0.007217650389456994,7.927507590489076e-08,-1.0253556028630746e-07,0.0033936315887461163,-1.2084722463166848e-07,2.845655422323289e-05,0.2,0.0,0.0,"[0.0, 0.0]","[2.962962962962963, 2.962962962962963]",0.00038179424298365324
X+,1789634118.5109112,0.006871671844591139,-5.523460930006302e-07,6.776559288330298e-05,0.007217650389456994,7.927507590489076e-08,-1.0253556028630746e-07,0.0033936315887461163,-1.2084722463166848e-07,2.845655422323289e-05,0.2,0.0,0.0,"[0.0, 0.0]","[2.962962962962963, 2.962962962962963]",0.00038179424298365324
X+,1789634118.5969503,0.008457948110149553,-6.345188255860168e-07,6.784945504523326e-05,0.007217650389456994,7.927507590489076e-08,-1.0253556028630746e-07,0.0033936315887461163,-1.2084722463166848e-07,2.845655422323289e-05,0.2,0.0,0.0,"[0.0, 0.0]","[2.962962962962963, 2.962962962962963]",0.0017003393130884193
X+,1789634118.6819017,0.012966771238493744,-7.654521594659125e-07,6.780484799578868e-05,0.007217650389456994,7.927507590489076e-08,-1.0253556028630746e-07,0.0033936315887461163,-1.2084722463166848e-07,2.845655422323289e-05,0.2,0.0,0.0,"[0.0, 0.0]","[2.962962962962963, 2.962962962962963]",-0.000649101881352115
X+,1789634118.7782881,0.01630661794514107,-8.35683101972802e-07,6.767040442312592e-05,0.017871823338019996,2.3034194498907923e-07,-2.611525355665453e-07,0.006882903002233614,-2.3365719497052223e-07,7.299732308929664e-05,0.2,0.0,0.0,"[0.0, 0.0]","[2.962962962962963, 2.962962962962963]",0.0006812031875226383
X+,1789634118.8664134,0.01630661794514107,-8.35683101972802e-07,6.767040442312592e-05,0.017871823338019996,2.3034194498907923e-07,-2.611525355665453e-07,0.006882903002233614,-2.3365719497052223e-07,7.299732308929664e-05,0.2,0.0,0.0,"[0.0, 0.0]","[2.962962962962963, 2.962962962962963]",0.0006812031875226383
X+,1789634118.9550118,0.01630661794514107,-8.35683101972802e-07,6.767040442312592e-05,0.017871823338019996,2.3034194498907923e-07,-2.611525355665453e-07,0.006882903002233614,-2.3365719497052223e-07,7.299732308929664e-05,0.2,0.0,0.0,"[0.0, 0.0]","[2.962962962962963, 2.962962962962963]",0.0006812031875226383
X+,1789634119.0473764,0.01630661794514107,-8.35683101972802e-07,6.767040442312592e-05,0.017871823338019996,2.3034194498907923e-07,-2.611525355665453e-07,0.006882903002233614,-2.3365719497052223e-07,7.299732308929664e-05,0.2,0.0,0.0,"[0.0, 0.0]","[2.962962962962963, 2.962962962962963]",0.0006812031875226383
X+,1789634119.1407943,0.02311995396540822,-1.156900751699344e-06,6.774894506689924e-05,0.017871823338019996,2.3034194498907923e-07,-2.611525355665453e-07,0.006882903002233614,-2.3365719497052223e-07,7.299732308929664e-05,0.2,0.0,0.0,"[0.0, 0.0]","[2.962962962962963, 2.962962962962963]",-0.0019286213702869373
X+,1789634119.2370973,0.029596667544469442,-1.889748160928753e-06,6.881498455290808e-05,0.03111091714550087,3.526540308129402e-07,-3.3630035229876855e-07,0.01943429145133472,2.663634747989892e-08,7.873485386658536e-05,0.2,0.0,0.0,"[0.0, 0.0]","[2.962962962962963, 2.962962962962963]",-0.001854554656376987
X+,1789634119.3317304,0.029596667544469442,-1.889748160928753e-06,6.881498455290808e-05,0.03111091714550087,3.526540308129402e-07,-3.3630035229876855e-07,0.01943429145133472,2.663634747989892e-08,7.873485386658536e-05,0.2,0.0,0.0,"[0.0, 0.0]","[2.962962962962963, 2.962962962962963]",-0.001854554656376987
X+,1789634119.4306269,0.029596667544469442,-1.889748160928753e-06,6.881498455290808e-05,0.03111091714550087,3.526540308129402e-07,-3.3630035229876855e-07,0.01943429145133472,2.663634747989892e-08,7.873485386658536e-05,0.2,0.0,0.0,"[0.0, 0.0]","[2.962962962962963, 2.962962962962963]",-0.001854554656376987
X+,1789634119.5183413,0.029596667544469442,-1.889748160928753e-06,6.881498455290808e-05,0.03111091714550087,3.526540308129402e-07,-3.3630035229876855e-07,0.01943429145133472,2.663634747989892e-08,7.873485386658536e-05,0.2,0.0,0.0,"[0.0, 0.0]","[2.962962962962963, 2.962962962962963]",-0.001854554656376987
X+,1789634119.602301,0.0378542658176636,-2.8474844668731347e-06,6.990282869157238e-05,0.03111091714550087,3.526540308129402e-07,-3.3630035229876855e-07,0.01943429145133472,2.663634747989892e-08,7.873485386658536e-05,0.2,0.0,0.0,"[0.0, 0.0]","[2.962962962962963, 2.962962962962963]",-0.0007423583833474463
X+,1789634119.6923203,0.0438728049946656,-3.560848423594075e-06,7.053154434830025e-05,0.046019913364423716,4.5693493013696776e-07,-3.267079905062374e-07,0.048225699339169974,3.8570318671563303e-07,-8.647387925719705e-07,0.2,0.0,0.0,"[0.0, 0.0]","[2.962962962962963, 2.962962962962963]",-0.0004557346282906176
X+,1789634119.7846167,0.0438728049946656,-3.560848423594075e-06,7.053154434830025e-05,0.046019913364423716,4.5693493013696776e-07,-3.267079905062374e-07,0.048225699339169974,3.8570318671563303e-07,-8.647387925719705e-07,0.2,0.0,0.0,"[0.0, 0.0]","[2.962962962962963, 2.962962962962963]",-0.0004557346282906176
X+,1789634119.8726046,0.0438728049946656,-3.560848423594075e-06,7.053154434830025e-05,0.046019913364423716,4.5693493013696776e-07,-3.267079905062374e-07,0.048225699339169974,3.8570318671563303e-07,-8.647387925719705e-07,0.2,0.0,0.0,"[0.0, 0.0]","[2.962962962962963, 2.962962962962963]",-0.0004557346282906176
X+,1789634119.9591465,0.044020875112442376,-3.579189577183027e-06,7.054482871316102e-05,0.046019913364423716,4.5693493013696776e-07,-3.267079905062374e-07,0.048225699339169974,3.8570318671563303e-07,-8.647387925719705e-07,0.2,0.0,0.0,"[0.0, 0.0]","[2.962962962962963, 2.962962962962963]",-0.0004557346282906176
X+,1789634120.049336,0.05342183576128185,-4.812157453271647e-06,7.128383316380763e-05,0.046019913364423716,4.5693493013696776e-07,-3.267079905062374e-07,0.048225699339169974,3.8570318671563303e-07,-8.647387925719705e-07,0.2,0.0,0.0,"[0.0, 0.0]","[2.962962962962963, 2.962962962962963]",0.0038310247621329875
X+,1789634120.145811,0.05882090988178336,-5.607946634960878e-06,7.157978967513355e-05,0.06204637727344929,5.696066877111856e-07,-2.67826514399082e-07,0.05171884624722396,-1.5484345254930622e-06,5.27995918658498e-06,0.2,0.0,0.0,"[0.0, 0.0]","[2.962962962962963, 2.962962962962963]",-2.6179871221508003e-05
X+,1789634120.2389994,0.05882090988178336,-5.607946634960878e-06,7.157978967513355e-05,0.06204637727344929,5.696066877111856e-07,-2.67826514399082e-07,0.05171884624722396,-1.5484345254930622e-06,5.27995918658498e-06,0.2,0.0,0.0,"[0.0, 0.0]","[2.962962962962963, 2.962962962962963]",-2.6179871221508003e-05
X+,1789634120.3330867,0.05882090988178336,-5.607946634960878e-06,7.157978967513355e-05,0.06204637727344929,5.696066877111856e-07,-2.67826514399082e-07,0.05171884624722396,-1.5484345254930622e-06,5.27995918658498e-06,0.2,0.0,0.0,"[0.0, 0.0]","[2.962962962962963, 2.962962962962963]",-2.6179871221508003e-05
X+,1789634120.4202905,0.06166634119293038,-6.038288258771764e-06,7.155077864436263e-05,0.06204637727344929,5.696066877111856e-07,-2.67826514399082e-07,0.05171884624722396,-1.5484345254930622e-06,5.27995918658498e-06,0.2,0.0,0.0,"[0.0, 0.0]","[2.962962962962963, 2.962962962962963]",-0.002032099225308333
X+,1789634120.5108113,0.06762595092773237,-6.923437174076279e-06,7.123454185051537e-05,0.06204637727344929,5.696066877111856e-07,-2.67826514399082e-07,0.05171884624722396,-1.5484345254930622e-06,5.27995918658498e-06,0.2,0.0,0.0,"[0.0, 0.0]","[2.962962962962963, 2.962962962962963]",0.0010612511471575544
X+,1789634120.6052115,0.07365825509461184,-7.811073697904479e-06,7.135856154489028e-05,0.0789302561554469,7.219047018050794e-07,-2.3754031974885822e-07,0.08473101291688465,-1.7160599200625185e-06,2.3323725760526838e-05,0.2,0.0,0.0,"[0.0, 0.0]","[2.962962962962963, 2.962962962962963]",-0.0040156041062040316
X+,1789634120.7016044,0.07365825509461184,-7.811073697904479e-06,7.135856154489028e-05,0.0789302561554469,7.219047018050794e-07,-2.3754031974885822e-07,0.08473101291688465,-1.7160599200625185e-06,2.3323725760526838e-05,0.2,0.0,0.0,"[0.0, 0.0]","[2.962962962962963, 2.962962962962963]",-0.0040156041062040316
X+,1789634120.7942314,0.07365825509461184,-7.811073697904479e-06,7.135856154489028e-05,0.0789302561554469,7.219047018050794e-07,-2.3754031974885822e-07,0.08473101291688465,-1.7160599200625185e-06,2.3323725760526838e-05,0.2,0.0,0.0,"[0.0, 0.0]","[2.962962962962963, 2.962962962962963]",-0.0040156041062040316
X+,1789634120.886283,0.07365825509461184,-7.811073697904479e-06,7.135856154489028e-05,0.0789302561554469,7.219047018050794e-07,-2.3754031974885822e-07,0.08473101291688465,-1.7160599200625185e-06,2.3323725760526838e-05,0.2,0.0,0.0,"[0.0, 0.0]","[2.962962962962963, 2.962962962962963]",-0.0040156041062040316
X+,1789634120.977388,0.07842699367823955,-8.515100521158843e-06,7.224737001377721e-05,0.0789302561554469,7.219047018050794e-07,-2.3754031974885822e-07,0.08473101291688465,-1.7160599200625185e-06,2.3323725760526838e-05,0.2,0.0,0.0,"[0.0, 0.0]","[2.962962962962963, 2.962962962962963]",-0.0016450231561576144
X+,1789634121.0714612,0.08475105162691228,-9.391288950152087e-06,7.471384521061667e-05,0.09689625747340239,9.513910372606587e-07,-3.6192757792343814e-07,0.08355117113219905,-6.816574230551876e-06,-7.891895718925564e-05,0.2,0.0,0.0,"[0.0, 0.0]","[2.962962962962963, 2.962962962962963]",0.0025325673359661563
X+,1789634121.1686676,0.08787865589312734,-9.869539676466733e-06,7.680879673420804e-05,0.09689625747340239,9.513910372606587e-07,-3.6192757792343814e-07,0.08355117113219905,-6.816574230551876e-06,-7.891895718925564e-05,0.2,0.0,0.0,"[0.0, 0.0]","[2.962962962962963, 2.962962962962963]",0.00021353315799637072
X+,1789634121.261008,0.08787865589312734,-9.869539676466733e-06,7.680879673420804e-05,0.09689625747340239,9.513910372606587e-07,-3.6192757792343814e-07,0.08355117113219905,-6.816574230551876e-06,-7.891895718925564e-05,0.2,0.0,0.0,"[0.0, 0.0]","[2.962962962962963, 2.962962962962963]",0.00021353315799637072
X+,1789634121.3492315,0.08787865589312734,-9.869539676466733e-06,7.680879673420804e-05,0.09689625747340239,9.513910372606587e-07,-3.6192757792343814e-07,0.08355117113219905,-6.816574230551876e-06,-7.891895718925564e-05,0.2,0.0,0.0,"[0.0, 0.0]","[2.962962962962963, 2.962962962962963]",0.00021353315799637072
X+,1789634121.436112,0.09271831660970209,-1.096631898129044e-05,8.019324642741436e-05,0.09689625747340239,9.513910372606587e-07,-3.6192757792343814e-07,0.08355117113219905,-6.816574230551876e-06,-7.891895718925564e-05,0.2,0.0,0.0,"[0.0, 0.0]","[2.962962962962963, 2.962962962962963]",0.00219825826190339
X+,1789634121.5258226,0.09963291616345932,-1.2523993494560452e-05,8.10768096329931e-05,0.11629397717002214,1.3382706167721532e-06,-8.357186789386264e-07,0.12055615440240686,-2.0513833354207295e-06,0.00014047459214694408,0.2,0.0,0.0,"[0.0, 0.0]","[2.962962962962963, 2.962962962962963]",0.004042060108319561
X+,1789634121.612279,0.10055291714723415,-1.2532687884242617e-05,8.053831004765486e-05,0.11629397717002214,1.3382706167721532e-06,-8.357186789386264e-07,0.12055615440240686,-2.0513833354207295e-06,0.00014047459214694408,0.2,0.0,0.0,"[0.0, 0.0]","[2.962962962962963, 2.962962962962963]",-0.001313666724044911
X+,1789634121.711651,0.10055291714723415,-1.2532687884242617e-05,8.053831004765486e-05,0.11629397717002214,1.3382706167721532e-06,-8.357186789386264e-07,0.12055615440240686,-2.0513833354207295e-06,0.00014047459214694408,0.2,0.0,0.0,"[0.0, 0.0]","[2.962962962962963, 2.962962962962963]",-0.001313666724044911
X+,1789634121.8112757,0.10055291714723415,-1.2532687884242617e-05,8.053831004765486e-05,0.11629397717002214,1.3382706167721532e-06,-8.357186789386264e-07,0.12055615440240686,-2.0513833354207295e-06,0.00014047459214694408,0.2,0.0,0.0,"[0.0, 0.0]","[2.962962962962963, 2.962962962962963]",-0.001313666724044911
X+,1789634121.908383,0.1019139075772284,-1.236209438306747e-05,8.124245925017561e-05,0.11629397717002214,1.3382706167721532e-06,-8.357186789386264e-07,0.12055615440240686,-2.0513833354207295e-06,0.00014047459214694408,0.2,0.0,0.0,"[0.0, 0.0]","[2.962962962962963, 2.962962962962963]",0.0008700206262811335
X+,1789634121.9986143,0.107788597736961,-2.0245124171095613e-05,0.00017189879575008193,0.11629397717002214,1.3382706167721532e-06,-8.357186789386264e-07,0.12055615440240686,-2.0513833354207295e-06,0.00014047459214694408,0.2,0.0,0.0,"[0.0, 0.0]","[2.962962962962963, 2.962962962962963]",0.005861615082960384
X+,1789634122.09132,0.11167816846906822,-1.9989885698439708e-05,0.00022411358082496924,0.1297840205284791,1.436366517600172e-06,-1.2533959147751748e-06,0.11628496949403298,-8.365997442260743e-06,0.00020455082185044668,0.2,0.0,0.0,"[0.0, 0.0]","[2.962962962962963, 2.962962962962963]",-0.0027254159108852797
X+,1789634122.189881,0.11167816846906822,-1.9989885698439708e-05,0.00022411358082496924,0.1297840205284791,1.436366517600172e-06,-1.2533959147751748e-06,0.11628496949403298,-8.365997442260743e-06,0.00020455082185044668,0.2,0.0,0.0,"[0.0, 0.0]","[2.962962962962963, 2.962962962962963]",-0.0027254159108852797
X+,1789634122.2788916,0.11167816846906822,-1.9989885698439708e-05,0.00022411358082496924,0.1297840205284791,1.436366517600172e-06,-1.2533959147751748e-06,0.11628496949403298,-8.365997442260743e-06,0.00020455082185044668,0.2,0.0,0.0,"[0.0, 0.0]","[2.962962962962963, 2.962962962962963]",-0.0027254159108852797
X+,1789634122.3650565,0.11423831674976113,-2.024578578189648e-05,0.00021393316420586253,0.1297840205284791,1.436366517600172e-06,-1.2533959147751748e-06,0.11628496949403298,-8.365997442260743e-06,0.00020455082185044668,0.2,0.0,0.0,"[0.0, 0.0]","[2.962962962962963, 2.962962962962963]",0.003953904425632544
X+,1789634122.4606516,0.12390568488743187,-1.6759224463962046e-05,0.00020175284609243413,0.14011101715719848,1.5361065895764532e-06,-1.341907712136922e-06,0.13890360060679244,-7.485692776559128e-06,0.0003545106772611107,0.2,0.0,0.0,"[0.0, 0.0]","[2.962962962962963, 2.962962962962963]",0.00023604489845145747
X+,1789634122.5653274,0.12616695213984908,-1.609455049905728e-05,0.00020077676458194008,0.14011101715719848,1.5361065895764532e-06,-1.341907712136922e-06,0.13890360060679244,-7.485692776559128e-06,0.0003545106772611107,0.2,0.0,0.0,"[0.0, 0.0]","[2.962962962962963, 2.962962962962963]",0.000568131643245228
X+,1789634122.6565435,0.12616695213984908,-1.609455049905728e-05,0.00020077676458194008,0.14011101715719848,1.5361065895764532e-06,-1.341907712136922e-06,0.13890360060679244,-7.485692776559128e-06,0.0003545106772611107,0.2,0.0,0.0,"[0.0, 0.0]","[2.962962962962963, 2.962962962962963]",0.000568131643245228
X+,1789634122.7621753,0.12616695213984908,-1.609455049905728e-05,0.00020077676458194008,0.14011101715719848,1.5361065895764532e-06,-1.341907712136922e-06,0.13890360060679244,-7.485692776559128e-06,0.0003545106772611107,0.2,0.0,0.0,"[0.0, 0.0]","[2.962962962962963, 2.962962962962963]",0.000568131643245228
X+,1789634122.8505437,0.13119341822451488,-1.5155736828338998e-05,0.00020016439661403671,0.14011101715719848,1.5361065895764532e-06,-1.341907712136922e-06,0.13890360060679244,-7.485692776559128e-06,0.0003545106772611107,0.2,0.0,0.0,"[0.0, 0.0]","[2.962962962962963, 2.962962962962963]",-0.001070193306500182
X+,1789634122.9412868,0.14032627527888875,-1.3537187570702991e-05,0.00019858978572786964,0.15410139781327264,1.5132344967090989e-06,-1.684724117851287e-06,0.1380040705402227,-1.3677303906382994e-05,0.0001482007178386092,0.2,0.0,0.0,"[0.0, 0.0]","[2.962962962962963, 2.962962962962963]",-0.0011707400347420298
X+,1789634123.0364869,0.14411428207166116,-1.3000199488105713e-05,0.00019785579192608556,0.15410139781327264,1.5132344967090989e-06,-1.684724117851287e-06,0.1380040705402227,-1.3677303906382994e-05,0.0001482007178386092,0.2,0.0,0.0,"[0.0, 0.0]","[2.962962962962963, 2.962962962962963]",0.004118523775869722
X+,1789634123.1257021,0.14411428207166116,-1.3000199488105713e-05,0.00019785579192608556,0.15410139781327264,1.5132344967090989e-06,-1.684724117851287e-06,0.1380040705402227,-1.3677303906382994e-05,0.0001482007178386092,0.2,0.0,0.0,"[0.0, 0.0]","[2.962962962962963, 2.962962962962963]",0.004118523775869722
X+,1789634123.2182426,0.14411428207166116,-1.3000199488105713e-05,0.00019785579192608556,0.15410139781327264,1.5132344967090989e-06,-1.684724117851287e-06,0.1380040705402227,-1.3677303906382994e-05,0.0001482007178386092,0.2,0.0,0.0,"[0.0, 0.0]","[2.962962962962963, 2.962962962962963]",0.004118523775869722
X+,1789634123.3510394,0.1503196263920355,-1.2082556948417138e-05,0.00019684805570249788,0.15410139781327264,1.5132344967090989e-06,-1.684724117851287e-06,0.1380040705402227,-1.3677303906382994e-05,0.0001482007178386092,0.2,0.0,0.0,"[0.0, 0.0]","[2.962962962962963, 2.962962962962963]",0.00104833463357926
X+,1789634123.4497554,0.16193303885597216,-1.0492563077822183e-05,0.00019453814079458808,0.16961014823389967,1.4630540015010127e-06,-2.053822073325434e-06,0.16779624018322767,-9.277241273092183e-06,0.0001513694422254908,0.2,0.0,0.0,"[0.0, 0.0]","[2.962962962962963, 2.962962962962963]",-0.0029764398564156172
X+,1789634123.5366416,0.16193303885597216,-1.0492563077822183e-05,0.00019453814079458808,0.16961014823389967,1.4630540015010127e-06,-2.053822073325434e-06,0.16779624018322767,-9.277241273092183e-06,0.0001513694422254908,0.2,0.0,0.0,"[0.0, 0.0]","[2.962962962962963, 2.962962962962963]",-0.0029764398564156172
X+,1789634123.6228836,0.1630415593545779,-1.0340459139038596e-05,0.00019428448027197163,0.16961014823389967,1.4630540015010127e-06,-2.053822073325434e-06,0.16779624018322767,-9.277241273092183e-06,0.0001513694422254908,0.2,0.0,0.0,"[0.0, 0.0]","[2.962962962962963, 2.962962962962963]",-0.0029764398564156172
X+,1789634123.707006,0.1750270786410319,-8.653636774191495e-06,0.00019149515425388757,0.16961014823389967,1.4630540015010127e-06,-2.053822073325434e-06,0.16779624018322767,-9.277241273092183e-06,0.0001513694422254908,0.2,0.0,0.0,"[0.0, 0.0]","[2.962962962962963, 2.962962962962963]",-0.00023516834027943745
X+,1789634123.8006792,0.1796136754819631,-7.987382650636969e-06,0.000190421950988013,0.18602192732458397,1.4394549778990702e-06,-2.308020617798397e-06,0.18713628562501855,-1.017871183134497e-05,-7.494357790305275e-05,0.2,0.0,0.0,"[0.0, 0.0]","[2.962962962962963, 2.962962962962963]",0.0009117422395195976
X+,1789634123.9030087,0.18034587923118459,-7.88067935641925e-06,0.00019025252509875663,0.18602192732458397,1.4394549778990702e-06,-2.308020617798397e-06,0.18713628562501855,-1.017871183134497e-05,-7.494357790305275e-05,0.2,0.0,0.0,"[0.0, 0.0]","[2.962962962962963, 2.962962962962963]",0.0009117422395195976
X+,1789634123.991308,0.18034587923118459,-7.88067935641925e-06,0.00019025252509875663,0.18602192732458397,1.4394549778990702e-06,-2.308020617798397e-06,0.18713628562501855,-1.017871183134497e-05,-7.494357790305275e-05,0.2,0.0,0.0,"[0.0, 0.0]","[2.962962962962963, 2.962962962962963]",0.0009117422395195976
X+,1789634124.0795863,0.18034587923118459,-7.88067935641925e-06,0.00019025252509875663,0.18602192732458397,1.4394549778990702e-06,-2.308020617798397e-06,0.18713628562501855,-1.017871183134497e-05,-7.494357790305275e-05,0.2,0.0,0.0,"[0.0, 0.0]","[2.962962962962963, 2.962962962962963]",0.0009117422395195976
X+,1789634124.171668,0.18636698213580846,-6.993734207512772e-06,0.00018886056708731036,0.18602192732458397,1.4394549778990702e-06,-2.308020617798397e-06,0.18713628562501855,-1.017871183134497e-05,-7.494357790305275e-05,0.2,0.0,0.0,"[0.0, 0.0]","[2.962962962962963, 2.962962962962963]",0.0008912940006107811
X+,1789634124.2583728,0.19649498599208162,-5.41872295786814e-06,0.0001867845892054017,0.20266398379464579,1.408422562727395e-06,-2.5655121829730077e-06,0.18880526499469868,-8.635365978947866e-06,5.546723093230452e-05,0.2,0.0,0.0,"[0.0, 0.0]","[2.962962962962963, 2.962962962962963]",-0.0012563228259340287
X+,1789634124.357846,0.19900782088966693,-4.940273842115803e-06,0.0001858552607827122,0.20266398379464579,1.408422562727395e-06,-2.5655121829730077e-06,0.18880526499469868,-8.635365978947866e-06,5.546723093230452e-05,0.2,0.0,0.0,"[0.0, 0.0]","[2.962962962962963, 2.962962962962963]",-0.0003021751965875597
X+,1789634124.4531074,0.19900782088966693,-4.940273842115803e-06,0.0001858552607827122,0.20266398379464579,1.408422562727395e-06,-2.5655121829730077e-06,0.18880526499469868,-8.635365978947866e-06,5.546723093230452e-05,0.2,0.0,0.0,"[0.0, 0.0]","[2.962962962962963, 2.962962962962963]",-0.0003021751965875597
X+,1789634124.5386329,0.2031185658983901,-4.348163575740131e-06,0.0001859736026135946,0.20266398379464579,1.408422562727395e-06,-2.5655121829730077e-06,0.18880526499469868,-8.635365978947866e-06,5.546723093230452e-05,0.2,0.0,0.0,"[0.0, 0.0]","[2.962962962962963, 2.962962962962963]",-0.002448893192560986
X+,1789634124.6308045,0.21162543097527944,-2.734536366053031e-06,0.0001861157445788112,0.21937926805956476,1.3738633607405073e-06,-2.8180525889978753e-06,0.22272356781976904,-5.09874790390373e-06,9.477871095642243e-05,0.2,0.0,0.0,"[0.0, 0.0]","[2.962962962962963, 2.962962962962963]",-0.002301812740788492
X+,1789634124.736131,0.21689137698103395,-1.7562309881117774e-06,0.00018624354727489432,0.21937926805956476,1.3738633607405073e-06,-2.8180525889978753e-06,0.22272356781976904,-5.09874790390373e-06,9.477871095642243e-05,0.2,0.0,0.0,"[0.0, 0.0]","[2.962962962962963, 2.962962962962963]",-0.0014866104454686886
X+,1789634124.83497,0.21689137698103395,-1.7562309881117774e-06,0.00018624354727489432,0.21937926805956476,1.3738633607405073e-06,-2.8180525889978753e-06,0.22272356781976904,-5.09874790390373e-06,9.477871095642243e-05,0.2,0.0,0.0,"[0.0, 0.0]","[2.962962962962963, 2.962962962962963]",-0.0014866104454686886
X+,1789634124.9230435,0.21689137698103395,-1.7562309881117774e-06,0.00018624354727489432,0.21937926805956476,1.3738633607405073e-06,-2.8180525889978753e-06,0.22272356781976904,-5.09874790390373e-06,9.477871095642243e-05,0.2,0.0,0.0,"[0.0, 0.0]","[2.962962962962963, 2.962962962962963]",-0.0014866104454686886
X+,1789634125.0205543,0.22661349063453518,1.3399565091179455e-08,0.00018642814464785623,0.21937926805956476,1.3738633607405073e-06,-2.8180525889978753e-06,0.22272356781976904,-5.09874790390373e-06,9.477871095642243e-05,0.2,0.0,0.0,"[0.0, 0.0]","[2.962962962962963, 2.962962962962963]",0.0008222211412231574
X+,1789634125.1079826,0.23415119313407146,1.2697867029535723e-06,0.00018635063784785925,0.23614080625015518,1.4149032388148485e-06,-2.8076854745745474e-06,0.2227209041959465,-8.217735410347846e-06,-6.874114321853139e-05,0.2,0.0,0.0,"[0.0, 0.0]","[2.962962962962963, 2.962962962962963]",0.0035467407525834236
X+,1789634125.2094185,0.23415119313407146,1.2697867029535723e-06,0.00018635063784785925,0.23614080625015518,1.4149032388148485e-06,-2.8076854745745474e-06,0.2227209041959465,-8.217735410347846e-06,-6.874114321853139e-05,0.2,0.0,0.0,"[0.0, 0.0]","[2.962962962962963, 2.962962962962963]",0.0035467407525834236
