case,sim_time,cmd_vx,cmd_vy,cmd_wz,gt_x,gt_y,gt_yaw,gt_vx,gt_vy,gt_wz,odom_x,odom_y,odom_yaw,odom_vx,odom_vy,odom_wz,imu_wz,steer_front_actual,steer_rear_actual,wheel_front_actual,wheel_rear_actual,encoder_wz,steer_front_command,steer_rear_command,wheel_front_command,wheel_rear_command,FL_swivel_position,FL_swivel_velocity,FL_roll_velocity,FL_desired_heading,FL_heading_error_signed,FL_heading_error,FL_contact_count,FL_normal_metric,FL_tangential_metric,FR_swivel_position,FR_swivel_velocity,FR_roll_velocity,FR_desired_heading,FR_heading_error_signed,FR_heading_error,FR_contact_count,FR_normal_metric,FR_tangential_metric,RL_swivel_position,RL_swivel_velocity,RL_roll_velocity,RL_desired_heading,RL_heading_error_signed,RL_heading_error,RL_contact_count,RL_normal_metric,RL_tangential_metric,RR_swivel_position,RR_swivel_velocity,RR_roll_velocity,RR_desired_heading,RR_heading_error_signed,RR_heading_error,RR_contact_count,RR_normal_metric,RR_tangential_metric,elapsed_sim_time
yaw+,3.8000000000000003,0.0,0.0,0.2,0.001446752169183118,-1.9979760695664275e-06,0.0002500490076488113,-0.0009134734345426341,0.0003718407839279599,-0.019637472329002488,-0.00034116584513969807,7.232329037105049e-09,-4.383055902477166e-09,-0.00031919518743204675,-5.4197883673434804e-09,3.4228714323552044e-08,-0.022913297710353588,1.3497469365297832e-05,-1.386754697207948e-05,0.005657673976235582,-0.01572956485050811,-1.5946464796595062e-08,0.0,0.0,0.0,0.0,0.0006679025850448994,-0.00042616719567189695,0.07907127111690977,-1.2743194510624882,1.274987353647533,1.274987353647533,26,3193.135792429037,130.45958056532052,0.00043579121290804324,-0.0006208697587484803,-0.10153883842322717,-2.0319464878925437,-1.1092103744843413,1.1092103744843413,26,3303.5821606212367,115.24791439569714,0.0005413186043190521,-0.0006213799849223989,0.07905165426639214,1.2946377881144884,-1.2940964695101693,1.2940964695101693,26,2853.3020610428694,117.2830463569937,-0.00457518614326613,0.00023980930171921613,-0.10474222536933181,2.002732870259553,1.1342845971869742,1.1342845971869742,22,2507.8066884815676,84.68381814836745,0.0
yaw+,4.0,0.0,0.0,0.2,0.0014923818263147745,2.4226453277003193e-06,0.0002534205433291943,-0.00046455011641409737,0.0006994808929384929,-0.019224104667824062,-0.00038706389973211335,-2.6904083907629457e-06,1.0579964198979884e-05,-0.00013293001797482735,-2.6970866057031714e-05,0.00010580860642885532,-0.015402401154302399,0.20019998223826896,0.20017968972909106,0.00040746991651298935,-0.00467787139743107,0.00011374463955691631,0.4004000000000003,0.4004000000000003,0.8890133333333332,-0.8890133333333332,0.0005952532467574656,-0.0005438782472451109,0.08178644178544425,-1.22121552580473,1.2218107790514874,1.2218107790514874,10,1210.0956887577777,50.833930872440554,0.00023846096106439063,-0.0004388199750303516,-0.08307783623529091,-2.0082612432135027,-1.133092949415226,1.133092949415226,10,1258.995369480077,45.27263397412199,0.0005343920840417127,-0.0007219553463473152,0.08197977862998912,1.2651339044499015,-1.2645995123658598,1.2645995123658598,10,1107.8559148829659,46.74322085848861,-0.004794269294660758,0.00018436622204185196,-0.08358224005148034,1.9554529502875133,1.181345434007619,1.181345434007619,10,1156.7489683516078,40.46615139903337,0.19999999999999973
yaw+,4.1000000000000005,0.0,0.0,0.2,0.0015089318569924091,7.1692834369722555e-06,0.00025314247177734216,-0.0002506658609001744,0.0013252726052931374,-0.01833854349656974,-0.0003508355315133199,1.2642985536968642e-05,-0.00010286394763686318,0.00036228530443524606,0.00015333010632034676,-0.0011344391183584306,-0.01704779634247712,0.4003996965292762,0.4003817114590129,-0.0075677154725944775,0.01965311048790939,-0.001193456090924622,0.6006000000000005,0.6006000000000005,0.8890133333333332,-0.8890133333333332,0.0005647457548247914,-0.0005786668091373078,0.08585743138798528,-1.1739870430837414,1.1745517888385661,1.1745517888385661,19,2248.212505707593,95.53645974985426,0.00014258372181519263,-0.0003166226483043745,-0.06803802244557494,-2.0201121302839113,-1.1213379395840666,1.1213379395840666,20,2514.9360450897343,91.55773685981889,0.0005909180653498325,-0.0007475056862011296,0.08417914917126895,1.2664361534388264,-1.2658452353734766,1.2658452353734766,20,2216.8571652725063,94.48985986100877,-0.004906493508541665,0.00013322025480090247,-0.07130280889617217,1.91765888615044,1.2190272739308115,1.2190272739308115,20,2365.198305068287,84.02331007100464,0.30000000000000027
yaw+,4.300000000000001,0.0,0.0,0.2,0.0014763040410515106,-2.8281663548334127e-05,0.00024295458249332683,-0.0002762698159625458,0.0023982589605961446,-0.014239325036436289,-0.00019778388225670805,0.00014678858412371632,-0.0007486472986127278,0.0008482924151627799,0.0008748051613256015,-0.003628776882079107,-0.017578816009443207,0.8008006213592882,0.8007855213287982,-0.004954521800529309,0.041466112294648486,-0.0037486019789505585,1.0009999999999994,1.0009999999999994,0.8890133333333332,-0.8890133333333332,0.0007903694056548005,-0.00043095004144800934,0.053608885615924175,-1.089923559227404,1.0907139286330585,1.0907139286330585,22,2440.386816552988,103.39537291502853,0.0007498545955142433,0.00046104767854439517,-0.0675718722338274,-2.1379860555777443,-1.0028567434165345,1.0028567434165345,23,2955.637902395697,107.0160739699552,0.0006260280404246643,-0.0005003559758841591,0.04953135095459366,1.315722369092978,-1.3150963410525534,1.3150963410525534,23,2486.0217425390647,104.18586203375588,-0.005113000630169395,3.133840090056503e-05,-0.055274604234999504,1.8790247778755682,1.2574548750840555,1.2574548750840555,22,2764.6449976241674,96.74208922657922,0.5000000000000004
yaw+,4.5,0.0,0.0,0.2,0.0012615871982056236,-0.0005044466629160905,0.00029310533697013224,-0.0010564625905584014,0.002036550461461657,-0.007632307978962435,-0.00013481441245018398,0.00026176029773471496,-0.001232458008706744,0.00016556935559178064,0.0004273754419472995,-0.0018673828757719859,-0.007213762174351572,1.2012016228929934,1.2011920336426005,-0.001965750081228984,0.010767855897019313,-0.0013356061821836675,1.4014000000000006,1.4014000000000006,0.8890133333333332,-0.8890133333333332,0.0005520026142500356,0.00723912514200546,0.0006898632033304044,-1.3375549419791597,1.3381069445934095,1.3381069445934095,20,2037.03676417763,71.39194577994739,-0.0005084188656327981,0.0021919416803929627,-0.025088416795183265,-2.5213230114915426,-0.6207780609638833,0.6207780609638833,23,3086.8087208767024,97.28130093082632,0.0005571637676169416,0.0021324538045842463,0.0006940517976058054,1.4976209374700937,-1.4970637737024768,1.4970637737024768,20,2041.3173519399604,66.4991730108116,-0.005164825921292859,0.0009292589676138136,-0.02498138583431042,1.978567981219961,1.157859846448539,1.157859846448539,17,2292.539795942843,68.46634602485281,0.6999999999999997
yaw+,4.6000000000000005,0.0,0.0,0.2,0.0011696537513796804,-0.001138285204487402,0.0007130095462953233,0.00013511410449347025,0.0024973945002442696,0.005532157981203035,-0.00013485726390386363,0.0002615148422583365,-0.0006609637639454738,-4.2548907643944595e-07,-2.4550810256477283e-06,0.005714942447612699,-0.0011299499233178622,1.4014004575823646,1.4013942830885329,0.02142431871299061,-0.02916202980454695,0.005608719636794545,1.5707963267948966,1.5707963267948966,0.8890133333333332,-0.8890133333333332,0.00016958359351448848,-0.0008153100527001069,-0.02131553397637528,1.7472874570702133,1.3944747801130943,1.3944747801130943,19,1822.8801039555992,40.84612102235032,-0.0006096301897651202,-0.005122961577255215,0.03423102876139222,1.3452801456974437,-1.3458897758872088,1.3458897758872088,19,2616.489228165539,83.14109250765831,0.00017185386370854872,-0.0009881448504301376,-0.021299349830820158,-2.837306058296941,-0.3041147414291441,0.3041147414291441,19,1849.4672906100363,41.59480930890145,-0.005540917769428333,0.0007829709615588005,0.02541026142514356,-0.23944602810820603,0.2339051103387777,0.2339051103387777,19,2642.9652574899837,83.4121002939212,0.8000000000000003
yaw+,4.800000000000001,0.0,0.0,0.2,0.001554487303951229,-0.002547955765922031,0.008310995483869576,0.0034564458458007574,0.0035904946173726505,0.06502750250928901,-0.00013547873532727698,0.0006297352735781374,0.01045912615160057,8.956236866304464e-08,0.0020875906058286098,0.06929580821009718,0.05964797335795386,1.5707705437157484,1.5707754088514356,0.37982398745562895,-0.310536465218999,0.07765467924895482,1.5707963267948966,1.5707963267948966,0.8890133333333332,-0.8890133333333332,-0.0077542019936114315,-0.0003375712755504384,-0.21011907203118738,1.818784409155754,1.315054042440428,1.315054042440428,18,1678.3115926696032,17.050330283630835,-0.008561595411392453,-0.0004035894724451067,0.3697416914390991,1.153811139144827,-1.1623727345562194,1.1623727345562194,18,2534.14176203056,203.95046442426468,-0.00799776867275881,-0.0004786102109767404,-0.19534376328364597,-1.8762890855343028,-1.2733013367282489,1.2733013367282489,18,1706.9072414522532,22.50200913629922,-0.013718723928622722,7.70713165330894e-05,0.38417047057942927,-1.0666365567709781,1.0529178328423554,1.0529178328423554,18,2562.464163956293,208.3999799144092,1.0000000000000004
yaw+,4.9,0.0,0.0,0.2,0.0018996227983003114,-0.003214873854965652,0.015079204559489322,0.0038971565550937237,0.004480142700121496,0.07390300240521185,-0.0001382747542371509,0.0008985495823244686,0.019023988034507305,1.56455274101205e-07,0.0026882884901686006,0.08564861882906732,0.0707154403686765,1.5707667872527953,1.5707738528703352,0.4585326064413801,-0.37060257845243566,0.09326465121634886,1.5707963267948966,1.5707963267948966,0.8890133333333332,-0.8890133333333332,-0.014920444830016422,-0.0003190928745823024,-0.2438555788579876,1.81720734769182,1.3094648610679567,1.3094648610679567,20,1864.2475575315352,64.37711295820081,-0.015472707542834918,-0.00041670591905028365,0.4068503741376459,1.1579796497920793,-1.1734523573349143,1.1734523573349143,20,2803.262142123875,349.979812319758,-0.014913367206663253,-0.0004586328840583548,-0.21429435218141274,-1.8806332126423349,-1.2758728081541215,1.2758728081541215,19,1799.603025349517,59.20821550150651,-0.02063423207986581,8.054580688139634e-05,0.4360609298706828,-1.0622258593965554,1.0415916273166896,1.0415916273166896,19,2690.2657032794673,344.1277430150981,1.1
yaw+,5.1000000000000005,0.0,0.0,0.2,0.0026395186247080878,-0.00427782425912352,0.029447095502060386,0.0038909533877149287,0.006048800996738815,0.07363787565892953,-0.0001545214102712078,0.0015752923285670289,0.0387880290329339,1.9535066538054442e-07,0.00354720553982993,0.10153549424655053,0.07418769431201606,1.5707696806800078,1.570777172508202,0.53394220277281,-0.42256997221085485,0.10759255669767911,1.5707963267948966,1.5707963267948966,0.8890133333333332,-0.8890133333333332,-0.028854456565374775,-0.0003121120351838591,-0.2564173013471224,1.8083481442538618,1.3043900527705565,1.3043900527705565,19,1762.219991224282,146.95055388081406,-0.029476900096955028,-0.00043109148279026066,0.38616298759292944,1.1713756579004895,-1.2008525579974445,1.2008525579974445,18,2485.1311808840805,521.6255082420349,-0.029415654728341067,-0.00044865191771145674,-0.20012703152517858,-1.895116784278216,-1.2758915240399182,1.2758915240399182,18,1696.0032989767133,132.39129817235198,-0.03513642269522599,8.474566473803957e-05,0.44010860216957454,-1.0406561437072215,1.0055197210119955,1.0055197210119955,19,2644.368845311335,584.9411916342231,1.3000000000000003
yaw+,5.2,0.0,0.0,0.2,0.0029884685827285054,-0.004695478247928091,0.03616257634576631,0.0036924515539826347,0.006641084470303418,0.06953240653848351,-0.00016897273696547653,0.0019481407246675433,0.04922612746246904,1.7971332718526425e-07,0.0037312835190451785,0.10438098429535136,0.06978891026695638,1.570773954589904,1.5707804856034562,0.5528058760437997,-0.43474335024994615,0.11108373621327623,1.5707963267948966,1.5707963267948966,0.8890133333333332,-0.8890133333333332,-0.036086315969003024,-0.0003166460699140228,-0.24786604217643113,1.8028324795365323,1.3026738580842578,1.3026738580842578,19,1753.1980417698792,195.71069862301627,-0.03696944938258273,-0.00043357015756617656,0.3528997951104244,1.1790010294365358,-1.2159704788191186,1.2159704788191186,25,3414.4571084586732,866.2983141261947,-0.03647884698317938,-0.0004515111913119402,-0.18287086884273018,-1.9043669294892438,-1.2737045710837287,1.2737045710837287,25,2345.541123347395,236.47917265606355,-0.04219960078237328,8.57827661222138e-05,0.4172068480403626,-1.0260598251776518,0.9838602243952783,0.9838602243952783,24,3298.2879829518915,895.9224102268859,1.4
yaw+,5.4,0.0,0.0,0.2,0.0036486911070212937,-0.005419653221204504,0.048752202399525435,0.003155171204982804,0.007558864776272085,0.05845933989437019,-0.00021104544200363384,0.002718987244915079,0.07054014928363925,1.1281038656985781e-07,0.003879301264009526,0.10699709782641717,0.06324599892634543,1.5707827635024625,1.570786468648393,0.5652365129702781,-0.44351102157107336,0.11346821207793764,1.5707963267948966,1.5707963267948966,0.8890133333333332,-0.8890133333333332,-0.04815297308665922,-0.00033111516529559654,-0.21976204502859645,1.7895735995103201,1.3038660809928135,1.3038660809928135,29,2636.5810644883645,443.7473702111998,-0.049204299842357635,-0.00043155452943102746,0.2846559672738843,1.1967600792401307,-1.2459643790824884,1.2459643790824884,28,3737.9015063205993,1228.1462917084984,-0.04864755973857626,-0.00046246891869475976,-0.14756945247433656,-1.9298957519763835,-1.2603444613519859,1.2603444613519859,28,2601.7226415247615,359.151139356615,-0.05436836714932802,8.730401371512264e-05,0.3563436358914475,-0.9855513964969155,0.9311830293475873,0.9311830293475873,28,3742.124273227637,1353.7201528288288,1.6
yaw+,5.5,0.0,0.0,0.2,0.003925768625484053,-0.005711087994686857,0.05398729360447737,0.002885932125096341,0.007925731488479549,0.05310688988164951,-0.00023836240181724632,0.0031057038995478663,0.08127018228957289,7.408559772677973e-08,0.003876802641468176,0.10730033005933642,0.051611877059499836,1.5707865177024871,1.5707887864426286,0.5663988115640921,-0.4446158511010888,0.11372322829338431,1.5707963267948966,1.5707963267948966,0.8890133333333332,-0.8890133333333332,-0.05336083566768579,-0.00037185071498242045,-0.20520124587544455,1.7825669453296993,1.3056648725924083,1.3056648725924083,36,3249.775503953043,615.9004999793456,-0.05426441870430754,-0.0003977055051528483,0.25369457334186374,1.206674233009721,-1.2609386517140286,1.2609386517140286,36,4754.734516204364,1704.5774112893032,-0.05370752269984358,-0.0005028146536271566,-0.13264963512171732,-1.9473089903769365,-1.2479911859127002,1.2479911859127002,35,3237.4523018041173,493.23490790139397,-0.059428428376159914,7.889774571855773e-05,0.3255663074362265,-0.9594844014910437,0.9000559731148838,0.9000559731148838,35,4614.663842010152,1844.640981869688,1.6999999999999997
yaw+,5.7,0.0,0.0,0.2,0.00440701580318258,-0.006210384429240072,0.06298787810187957,0.0023949034079130743,0.008498830711001153,0.04305225381072166,-0.000305460908129003,0.0038783250893584145,0.10273145868139077,-2.7436408763312203e-09,0.003872924242360517,0.10724225821531876,0.04154212278990385,1.5707939902167238,1.5707928997389562,0.5657339875105561,-0.444270111300672,0.11360955577798704,1.5707963267948966,1.5707963267948966,0.8890133333333332,-0.8890133333333332,-0.0625926800710026,-0.00040216476576726556,-0.17323519175886867,1.7666728905959317,1.3123270829228586,1.3123270829228586,11,976.5148483567588,226.7909162245633,-0.06330518794203233,-0.00038170210947711947,0.196176959412111,1.22806526265061,-1.2913704505926422,1.2913704505926422,11,1418.763298190716,594.344243935598,-0.06274745620869204,-0.0005268534527982718,-0.10537501528037144,-1.9962304414128214,-1.2081096683856636,1.2081096683856636,8,731.9641712122659,131.68873981620783,-0.06846893704599033,7.587170183061265e-05,0.2637080931417549,-0.8870933282747988,0.8186243912288083,0.8186243912288083,8,1021.9096388130997,490.0113302281867,1.9
yaw+,5.800000000000001,0.0,0.0,0.2,0.004625473729650699,-0.006444102190473213,0.06702186253422364,0.00216854801624472,0.008663886549094491,0.03841889629813086,-0.00034475904139951244,0.004259500026744586,0.11341904862538325,-1.1289930482524324e-08,0.0038319534987865337,0.10687589943992497,0.04076752284022698,1.5707954171854563,1.5707946652804088,0.5629577012760978,-0.44326802899665696,0.11318454881875528,1.5707963267948966,1.5707963267948966,0.8890133333333332,-0.8890133333333332,-0.06664262154312794,-0.0004299816856939351,-0.15907153027819465,1.7582386104197922,1.3167114216268727,1.3167114216268727,10,880.6340410557792,220.50157764203226,-0.06719519349842695,-0.0003609416572086452,0.171572356342261,1.2392942901502026,-1.3064894836486296,1.3064894836486296,10,1275.7822295000256,566.8097401076878,-0.06663680978161679,-0.0005527730659245569,-0.09460374544841249,-2.0310339547278358,-1.1771955086435741,1.1771955086435741,10,910.4589290720909,173.6509140391572,-0.0723587214563679,7.072747999550127e-05,0.23575489540671882,-0.8381694559774573,0.7658107345210894,0.7658107345210894,10,1258.6623023347715,646.6212659483359,2.0000000000000004
yaw+,6.0,0.0,0.0,0.2,0.004975633568825504,-0.006866868310152804,0.07337644872091002,0.0018090823702838449,0.008775489394024394,0.031257089896361,-0.00042938461708715394,0.004969431236519908,0.13474211584074705,-2.158885818979767e-08,0.0034984828107074827,0.10653592013284367,0.02808961625967676,1.5707971165744663,1.5707952431781802,0.5560982641654548,-0.4471088732850896,0.11284500466248447,1.5707963267948966,1.5707963267948966,0.8890133333333332,-0.8890133333333332,-0.07283937918940175,-0.00045278841205630485,-0.13470246209070313,1.7435676501589048,1.3251856242414863,1.3251856242414863,21,1825.3941576050731,507.4631660562858,-0.07339280799298464,-0.00035540270571856117,0.13415879986578105,1.2594354614297814,-1.332828269422766,1.332828269422766,21,2633.4819300476524,1271.3301874125755,-0.07303311050137218,-0.0005706684563203945,-0.0768138968257509,-2.119612018444903,-1.0950137456462623,1.0950137456462623,23,2075.3821001453102,432.46368505563424,-0.0787555739546093,6.93378414712495e-05,0.1899520410935627,-0.7254659632966801,0.6467103893420707,0.6467103893420707,22,2694.0964615100524,1547.5129349338908,2.1999999999999997
yaw+,6.1000000000000005,0.0,0.0,0.2,0.00514742844719988,-0.007098852305073873,0.07642554894766929,0.0016298238070855677,0.008936536813444166,0.02754000660406778,-0.000474840018139129,0.005304694453313813,0.14537206799640703,-5.886905581605671e-08,0.0033833063412161968,0.10629952155659991,0.02726878600675012,1.5707991702009831,1.5707952265171699,0.5532958768894128,-0.4476100775754455,0.11258615781492037,1.5707963267948966,1.5707963267948966,0.8890133333333332,-0.8890133333333332,-0.07559177254691463,-0.0004552859116423759,-0.12252887585230329,1.7330944551576712,1.3329064258852075,1.3329064258852075,14,1207.8227835165362,354.33604368028506,-0.07619627306316179,-0.0003672831450064751,0.11671921544565635,1.273452356282446,-1.3496486293456078,1.3496486293456078,14,1738.356614379469,876.4613083665589,-0.07563595614019114,-0.0005709930604500535,-0.06964006379861094,-2.2158537323018845,-1.0013748774280997,1.0013748774280997,15,1348.4997226173741,290.1878893829846,-0.08135862616590117,7.172757789229364e-05,0.16925489008452776,-0.6175082412030766,0.5361496150371754,0.5361496150371754,15,1815.287721293119,1088.3751329632387,2.3000000000000003
yaw+,6.300000000000001,0.0,0.0,0.2,0.005388798759923544,-0.007444564940968556,0.08063400257522046,0.0013665339383596166,0.009291438215171593,0.02208079458273996,-0.0005737357297157301,0.005956067010250325,0.16654711840305264,-1.212176012915921e-07,0.003275677469958915,0.10572320466350296,0.02026949206318661,1.5708026594975966,1.5707952060306782,0.5490390820808485,-0.4463147137023296,0.11196162739650198,1.5707963267948966,1.5707963267948966,0.8890133333333332,-0.8890133333333332,-0.08008394018846943,-0.00045724052325786177,-0.10125182515762479,1.7135993807434438,1.34790933265788,1.34790933265788,20,1706.1544734401853,538.2143290826888,-0.08071664165629233,-0.0004302242104453208,0.08654721629620508,1.3001270224583361,-1.3808436641146284,1.3808436641146284,20,2446.958689824075,1309.266312593345,-0.08015470640602196,-0.0005700960392695242,-0.057279144037540086,-2.5775439503128745,-0.644203409682941,0.644203409682941,20,1786.0185772722696,405.14752477686693,-0.0858776900362983,8.617709547039179e-05,0.13015120742912636,-0.3167602065248487,0.2308825164885504,0.2308825164885504,20,2366.9173672582606,1528.4288278223553,2.5000000000000004
yaw+,6.4,0.0,0.0,0.2,0.0054965623404672655,-0.007603905312535839,0.08248474187912805,0.001242534821257628,0.009499892927605127,0.01951356963496873,-0.0006278908891905867,0.006278130274300286,0.1770861681217017,-1.4736608489747475e-07,0.003265846400722099,0.10539049718649032,0.02065724683552714,1.5708039999140224,1.5707951966781435,0.547524676901768,-0.44497372595290796,0.11164044065761372,1.5707963267948966,1.5707963267948966,0.8890133333333332,-0.8890133333333332,-0.08171951864720128,-0.0004574667256957675,-0.09310734204580748,1.702436258612897,1.357436876329695,1.357436876329695,21,1785.4089098155287,574.7425811357947,-0.0823091511462577,-0.000489311908236062,0.07494085971250769,1.3156745394837033,-1.397983690629961,1.397983690629961,21,2557.9194727715876,1391.7640510252604,-0.08186630114576054,-0.0005699673262904055,-0.05219222482339109,-3.0041450450798353,-0.2193139096557184,0.2193139096557184,24,2137.746575808438,494.099908949827,-0.08772481694703771,0.00010428957064568395,0.11263582915506448,-0.07010720943371491,-0.017617607513322753,0.017617607513322753,24,2815.055910897523,1868.631851244411,2.6
yaw+,6.6000000000000005,0.0,0.0,0.2,0.005705256557546449,-0.007938437826060104,0.08598747408895512,0.001149332463862396,0.009351666760951524,0.017562290766122677,-0.0007373164688612385,0.006872062054175555,0.19835165035370175,-1.73296781677213e-07,0.002888534819433332,0.10698841216385532,0.016495660509841442,1.5708053248956046,1.5707951573590515,0.5497502346835113,-0.46066640370223877,0.1136559599814603,1.5707963267948966,1.5707963267948966,0.8890133333333332,-0.8890133333333332,-0.08522208667018027,-0.00045977877997793737,-0.08688190513652287,1.6950289917251165,1.3613415751944964,1.3613415751944964,20,1684.3604527800182,572.9020191589427,-0.08577757891366655,-0.0005620286488766668,0.06616655294990716,1.3248455947367839,-1.4106231736504504,1.4106231736504504,20,2403.8770416676703,1369.6511101226936,-0.08521376837291506,-0.0005563284170861695,-0.0487921247293575,2.9325413176909962,0.12383756752588182,0.12383756752588182,20,1772.6261417179096,423.556406159314,-0.09093661787461649,0.0001192599603718758,0.1038516646416923,0.10514472017853234,-0.19608133805314876,0.19608133805314876,20,2302.446482642904,1611.0705186159119,2.8000000000000003
yaw+,6.7,0.0,0.0,0.2,0.005787278920735984,-0.00808846543556916,0.08732192731117823,0.0011349693687512145,0.009258396193799489,0.01725506739820154,-0.0007892815639585239,0.00713051062096897,0.20918574746431856,-1.7988521735362746e-07,0.0026362100155802037,0.10834097110616807,0.018774513848773117,1.5708056041006335,1.5707951311284267,0.5522066435690459,-0.4710074913220376,0.1150954768057828,1.5707963267948966,1.5707963267948966,0.8890133333333332,-0.8890133333333332,-0.0865529507274605,-0.0004614972207389739,-0.08584975519061148,1.694233183005561,1.3608065198567716,1.3608065198567716,14,1174.6194865630753,407.45405703690955,-0.08730515921864157,-0.0005827913635149153,0.06415248286856866,1.325469118995429,-1.4127742782140706,1.4127742782140706,15,1793.980376211927,1039.5476077869187,-0.08674095180656138,-0.0005564708504593313,-0.047834211511970995,2.9020473666431794,0.15280433514005232,0.15280433514005232,15,1326.2846640118607,321.17049704979155,-0.09246366619045254,0.00012792675477762971,0.1017575894876936,0.12044145527647541,-0.21290512146692797,0.21290512146692797,14,1598.7284693723786,1143.4855806950834,2.9
yaw+,6.9,0.0,0.0,0.2,0.005975767276083229,-0.00846330223766999,0.09031375739547895,0.0011082472520228424,0.00910580238054177,0.016680788962674435,-0.0008853387156739417,0.007571445113614182,0.23128680170096777,-1.9103293484695254e-07,0.0021475769182202654,0.1111440252270459,0.01886455851993489,1.5708060149299294,1.5707950815711653,0.5575307272174604,-0.4908736929397818,0.11792898720649447,1.5707963267948966,1.5707963267948966,0.8890133333333332,-0.8890133333333332,-0.08966845927254852,-0.00046365105616392663,-0.08441316790472014,1.692527752447364,1.3593964418698805,1.3593964418698805,19,1580.2996293829206,572.6205830224279,-0.09029683947806344,-0.0006168435613866617,0.06073312683702035,1.3269669259480357,-1.417263765426099,1.417263765426099,21,2482.624415220759,1494.2190124355145,-0.08973195558380276,-0.0005536100690563955,-0.046372300740163644,2.8336834474977004,0.21817725050828995,0.21817725050828995,21,1846.6408040621418,460.35653240868714,-0.09545432016248867,0.00015733147024212316,0.0984370504240629,0.15513049099243878,-0.2505848111549276,0.2505848111549276,20,2240.622077728863,1683.9291927948086,3.1
yaw+,7.0,0.0,0.0,0.2,0.006063723220889279,-0.00864939160263987,0.09167930288502357,0.0010996487944936182,0.00904824795194152,0.01649384065090719,-0.0009289811009453326,0.007756676909184828,0.242547852193264,-1.9554938230640687e-07,0.0019030364027024377,0.11261050492296232,0.018936778587571854,1.5708061625152778,1.5707950528217127,0.5606084702046715,-0.5016254656593382,0.11948458993901319,1.5707963267948966,1.5707963267948966,0.8890133333333332,-0.8890133333333332,-0.09078447242395704,-0.00046275585652558876,-0.084123014404563,1.6920023767661334,1.3588058043997027,1.3588058043997027,9,746.1840444263413,274.54144106428066,-0.0914264890091685,-0.0006264706460449264,0.0596090808814008,1.3273597455540442,-1.4187862345632127,1.4187862345632127,9,1059.5411983900613,646.220768141522,-0.09096217460505152,-0.0005520822997602363,-0.045872503109498586,2.814194087803696,0.23643639118104565,0.23643639118104565,21,1842.2062030194145,464.7990163048688,-0.09682818421616801,0.00015885722743600936,0.0972956657082006,0.16504357766424674,-0.2618717618804147,0.2618717618804147,21,2332.6212632549277,1790.665575557442,3.1999999999999997
yaw+,7.2,0.0,0.0,0.2,0.00625948723577727,-0.009082419034172024,0.0946591390381603,0.0010855746974860075,0.008954987996721118,0.016143457382090866,-0.0010044579395964246,0.008054838223530484,0.26551591688355586,-2.0348000099730765e-07,0.0014163123757742445,0.11558859319538235,0.016064917826743134,1.5708064018943197,1.5707949994256314,0.5673406274324874,-0.5243967967775016,0.12280326776284559,1.5707963267948966,1.5707963267948966,0.8890133333333332,-0.8890133333333332,-0.09383092264492454,-0.00045502533987736016,-0.08353955300146672,1.6907730751633816,1.3569886557814872,1.3569886557814872,20,1644.2893173191294,629.1571358007583,-0.09445665222941368,-0.0006555567265036383,0.05707505836072787,1.3282017851536188,-1.4226584373830324,1.4226584373830324,19,2211.567813870554,1396.8412275866208,-0.09396126810874605,-0.0005417408142245356,-0.04492594591250471,2.770491732418553,0.2771396530624939,0.2771396530624939,22,1919.6645765965518,496.8083597562705,-0.09973918431619033,0.00016290290476713223,0.09522324536360686,0.1873441954093915,-0.28708337972558184,0.28708337972558184,22,2395.8383825371075,1927.955814504133,3.4
yaw+,7.300000000000001,0.0,0.0,0.2,0.006347681539833644,-0.009283897217912493,0.09597780490132071,0.0010821444881837052,0.00892779474346972,0.016015251430162886,-0.0010345942788166796,0.008165580399929501,0.27724034617377663,-2.0741116594843417e-07,0.0011476945649864893,0.11724429290220686,0.017328639282624916,1.5708064814566187,1.5707949766820883,0.5702654112688124,-0.5342310449922838,0.12423845794189896,1.5707963267948966,1.5707963267948966,0.8890133333333332,-0.8890133333333332,-0.0951332255344699,-0.00044580567262296304,-0.08339173117259929,1.6901655748562863,1.3562938531990367,1.3562938531990367,14,1146.6033444312159,446.4417944989487,-0.09573039102787373,-0.0006708899676294462,0.05610926043332303,1.328516293604717,-1.4242466846325907,1.4242466846325907,20,2313.702585116162,1488.4794938995433,-0.09541525130427786,-0.0005298776157342706,-0.04454071183650107,2.7510898538780437,0.29508754840747153,0.29508754840747153,20,1741.1701697123365,455.33129897183477,-0.10113674292629682,0.00016560914160469384,0.09444213686316144,0.1971826847109616,-0.29831942763725827,0.29831942763725827,20,2158.9673181142684,1772.6943351044254,3.5000000000000004
yaw+,7.500000000000001,0.0,0.0,0.2,0.0065393626957651815,-0.009728026039547914,0.09880801250505192,0.0010796188999310963,0.008918526277492437,0.01583472849306816,-0.0010803074813450601,0.008323009492793425,0.3011191846485825,-2.132845576074996e-07,0.0007052540492252651,0.120170582814752,0.015107618290000655,1.5708065954566202,1.570794925430489,0.5778712027601358,-0.5571424911781065,0.127671166601239,1.5707963267948966,1.5707963267948966,0.8890133333333332,-0.8890133333333332,-0.09802750237104085,-0.0004245958808372155,-0.0835926457724427,1.6889630425916817,1.3546021086270708,1.3546021086270708,20,1624.6199455354467,656.0622284563478,-0.0986514653237558,-0.0006989185760174418,0.05422540418348922,1.3292355590651683,-1.4278870243889241,1.4278870243889241,20,2287.1287343163376,1521.517938613634,-0.09819532882219484,-0.0005068414275992052,-0.04407097071299121,2.7111783656010187,0.3322189591665796,0.3322189591665796,20,1732.326833226182,463.4121903752829,-0.10391632103693915,0.00016913322754872132,0.0933713490065564,0.2177315649195217,-0.3216478859564609,0.3216478859564609,20,2114.9482391849933,1817.4507889011136,3.7000000000000006
yaw+,7.6000000000000005,0.0,0.0,0.2,0.00662775257496068,-0.00993347269179642,0.10010193247128635,0.0010760772202425615,0.008924464682962896,0.015769293899162262,-0.0010946747492896276,0.00836919862496012,0.31329412015628705,-2.1616217988157105e-07,0.00048372035839341215,0.12174935507704493,0.014052811026400937,1.5708066312238147,1.570794902265952,0.5818517796379721,-0.568066759012724,0.12934772691289545,1.5707963267948966,1.5707963267948966,0.8890133333333332,-0.8890133333333332,-0.09946960031037833,-0.000424760713236598,-0.08388529309865145,1.6886126808934183,1.3535103723859967,1.3535103723859967,11,889.4023280589091,366.42359331591416,-0.10010677361320663,-0.0007021538019957776,0.05328862371281496,1.3297728511725377,-1.4298796247857444,1.4298796247857444,11,1251.204614082575,845.014391891304,-0.09958143741969394,-0.0005074883479207846,-0.0439890500620915,2.6934701177952736,0.3485410983748256,0.3485410983748256,11,950.6039982361857,256.84685476712326,-0.10530217260392227,0.00016814692242368007,0.09277082823378215,0.22749119380130248,-0.3327933664052247,0.3327933664052247,11,1151.994903883537,1010.6959473749308,3.8000000000000003
yaw+,7.800000000000001,0.0,0.0,0.2,0.006823445340506013,-0.010389765674007857,0.10294030615622023,0.001066431332338462,0.008923952240423734,0.015584877306179334,-0.0011034131788934397,0.008395932235200292,0.3381173151807188,-2.2203393690317667e-07,2.418452117739986e-05,0.12490234015090336,0.017222598261330962,1.5708067105301335,1.5707948602420476,0.589068769460286,-0.5890408749045069,0.13251878235786516,1.5707963267948966,1.5707963267948966,0.8890133333333332,-0.8890133333333332,-0.10212409959725832,-0.0004283498417682087,-0.0841981887953882,1.687718181740014,1.3517503722525208,1.3517503722525208,22,1764.4944910533989,752.1061415885395,-0.10284109905230476,-0.0007107435228315435,0.05133745878771581,1.331041680673076,-1.4338827797253808,1.4338827797253808,22,2474.118691893823,1723.9008248642488,-0.10227437154119201,-0.0005027644456733482,-0.04369884669545444,2.65103350544932,0.38828477659928096,0.38828477659928096,22,1892.2866874106583,521.7106576945481,-0.10799456483086267,0.0001669610041508153,0.09141654992598043,0.25120869203993906,-0.3592032568708017,0.3592032568708017,22,2256.1676916980273,2067.317033911225,4.0
yaw+,7.9,0.0,0.0,0.2,0.006910990644036087,-0.010595026569908697,0.10419660579200216,0.0010621411397526259,0.008920223406919073,0.015494924106334228,-0.0010964364181377576,0.008376022632868711,0.35076353763214463,-2.2503430694100673e-07,-0.00021096609899206795,0.12646222451425754,0.013714594674764852,1.5708067566842576,1.5707948116323367,0.5927161798215518,-0.6000965890231313,0.13417265231999773,1.5707963267948966,1.5707963267948966,0.8890133333333332,-0.8890133333333332,-0.10351198090495206,-0.0004294983223404134,-0.08429908388098832,1.687277716561057,1.350802956123784,1.350802956123784,20,1597.5526700233872,692.5756327345333,-0.10420082588296697,-0.0007186271926124289,0.05034498514949561,1.3315948288453785,-1.4357956547283455,1.4357956547283455,19,2124.251201788529,1503.5650133308764,-0.10363395153267874,-0.0005066643514016374,-0.0435248217410337,2.6318661453228933,0.40609255673422107,0.40609255673422107,19,1630.4207038446743,453.9841304649278,-0.10935384051896335,0.00016725843806265732,0.090683028391573,0.26204513186464823,-0.3713989723836115,0.3713989723836115,17,1724.0750368514605,1615.475968688095,4.1
yaw+,8.1,0.0,0.0,0.2,0.007107018598177927,-0.011056989322202837,0.10697795195326376,0.0010471471862065684,0.008937179571732555,0.015159073980059294,-0.0010561089756126847,0.008268262333619972,0.37652179473798525,-2.469928675995769e-07,-0.0006968952560635934,0.1295593448727766,0.017890528410456456,1.5708069248799053,1.5707939739795185,0.5999917840754563,-0.6233882391988805,0.1376109870761874,1.5707963267948966,1.5707963267948966,0.8890133333333332,-0.8890133333333332,-0.10613855354620938,-0.00043859299560513286,-0.08391658426040195,1.6853369751634064,1.3501171248801773,1.3501171248801773,22,1744.2130511389903,780.0345607256074,-0.10687598398261056,-0.0007502027997341315,0.04777423440663476,1.3340570537022625,-1.440933037684873,1.440933037684873,22,2432.7246602963705,1772.2968769445242,-0.10630894692485526,-0.00041915179495181573,-0.04297861781791029,2.5502370936876226,0.4850466129773152,0.4850466129773152,22,1880.109932878878,532.7424481338801,-0.11202804431484914,0.00017180403200212427,0.08819690794034826,0.30989189270931095,-0.42191993702416,0.42191993702416,22,2184.7877400076804,2132.6827848427606,4.299999999999999
yaw+,8.200000000000001,0.0,0.0,0.2,0.007196370410285445,-0.011268343673520873,0.10823095529595167,0.0010395848751023188,0.008948865450131155,0.01499201727303327,-0.0010216602781117402,0.008181065125572248,0.3896299775161335,-2.5842700624142086e-07,-0.0009375534749007305,0.13108182778148164,0.014335689086701799,1.5708070195975896,1.5707935933069672,0.6033910895784051,-0.6343374763388774,0.13922497216544386,1.5707963267948966,1.5707963267948966,0.8890133333333332,-0.8890133333333332,-0.10740099028653738,-0.00044201134786026573,-0.08373248896703006,1.6843419925861016,1.3498496707171541,1.3498496707171541,20,1580.7517955088513,716.1623702885908,-0.10799371365358468,-0.0007659448342314749,0.04667060024187847,1.3353504796121625,-1.4433441932657471,1.4433441932657471,19,2091.030299855376,1542.0952441334807,-0.10747839395130754,-0.00041860103215332276,-0.04274040673122839,2.510087462709803,0.5240267969286827,0.5240267969286827,20,1705.6711984918657,487.5986705165402,-0.1133002616806742,0.00017383917037165977,0.08694409850972012,0.3346135049126561,-0.4479137665933304,0.4479137665933304,20,1963.5110058324701,1958.7018191369573,4.4
yaw+,8.4,0.0,0.0,0.2,0.007378233612334459,-0.011699034081577797,0.11075461656472818,0.0010248170260199036,0.008973508034144208,0.01466678795255467,-0.000920036019405001,0.007938499729533663,0.41629506759035845,-2.807581422058779e-07,-0.001451664477551566,0.13403960177888619,0.0150370173844825,1.5708072090560572,1.5707929329843635,0.6087356842903061,-0.6552542519360932,0.14217896276620315,1.5707963267948966,1.5707963267948966,0.8890133333333332,-0.8890133333333332,-0.10989157678374895,-0.00044492979212198795,-0.08335153987929533,1.682368904246776,1.3493321725592682,1.3493321725592682,20,1568.8653997699053,733.762737052143,-0.11062093882233359,-0.0008031053431062952,0.04408490137858811,1.3379323902959368,-1.4485533291182704,1.4485533291182704,19,2066.410798423466,1570.3584649414718,-0.11011726489416063,-0.0004232629823087506,-0.04229975634055919,2.434934224994012,0.5965411637016205,0.5965411637016205,19,1614.5693482937938,468.7804953940636,-0.11584703318268375,0.00017713303831849887,0.08447202653553806,0.3833532490174808,-0.49920028220016466,0.49920028220016466,19,1825.4487060690162,1894.9415699397887,4.6
yaw+,8.5,0.0,0.0,0.2,0.007474400865879138,-0.011927205981647161,0.11207431698821563,0.0010168110618880377,0.008982674557572444,0.01449289469398389,-0.000847811802799698,0.007775074540176839,0.4298468130268856,-2.9225260620040256e-07,-0.0017867324681229563,0.13551745436527152,0.014600329574841312,1.5708073424335227,1.5707925653732167,0.6105825392631701,-0.6686002642678,0.14388792108358273,1.5707963267948966,1.5707963267948966,0.8890133333333332,-0.8890133333333332,-0.11138120940212648,-0.000445755401762166,-0.08308154308954604,1.681333326338651,1.348878117849016,1.348878117849016,18,1407.1867059888498,667.7183438265668,-0.11194579867151955,-0.0008241033303795168,0.0427913513563726,1.3392838168502066,-1.4512296155217261,1.4512296155217261,18,1946.9845241922771,1499.9322566370863,-0.11141684544703878,-0.0004254724973382692,-0.042066794080442727,2.398075513109672,0.6321002950330823,0.6321002950330823,18,1526.9414520210214,446.7017897816658,-0.1171331032006524,0.00017901536555216778,0.08318296906963206,0.4085780682645107,-0.5257111714651632,0.5257111714651632,18,1710.024504688533,1811.3940607528425,4.699999999999999
yaw+,8.700000000000001,0.0,0.0,0.2,0.007653447255878635,-0.012353756236557224,0.11450151917721238,0.000990251026622308,0.008981256183748319,0.014142377473955928,-0.0006634620829309212,0.0073803940707083595,0.4573594347863975,-3.121478264424037e-07,-0.002313595189942279,0.13832514461750495,0.012842513143316765,1.570807590036778,1.5707921128671671,0.6155996757094863,-0.6890588837387752,0.14675354243690714,1.5707963267948966,1.5707963267948966,0.8890133333333332,-0.8890133333333332,-0.11360174610927132,-0.0004490027783886439,-0.08261653333131991,1.6799860274894918,1.3480048799910298,1.3480048799910298,19,1478.0750369187872,721.2565268183022,-0.1143574014829154,-0.0008765844266708771,0.04007210545575042,1.3423912871547103,-1.4567486886376257,1.4567486886376257,19,2034.425518729102,1609.8804776567588,-0.11386470865389242,-0.00043158193698190385,-0.0417542225664069,2.3362787413961352,0.6914492035397655,0.6914492035397655,21,1775.4282540503614,527.6307214966064,-0.11957862281386333,0.00018320367762724062,0.08016449669692627,0.4562240005032643,-0.5758026233171276,0.5758026233171276,21,1944.7419283588974,2153.220069066593,4.9
yaw+,8.8,0.0,0.0,0.2,0.007738992409169511,-0.012559546306491906,0.11564377877234724,0.0009569802730252327,0.008956437676938364,0.013891025492325305,-0.0005494683464374352,0.007148703535701965,0.47135521698957356,-3.2369035712019274e-07,-0.002582151717532132,0.13995782203176035,0.01369317147926154,1.5708078427111323,1.5707919473643122,0.619015937858048,-0.7009605558162383,0.14847656881334947,1.5707963267948966,1.5707963267948966,0.8890133333333332,-0.8890133333333332,-0.11481067293293101,-0.000455032443197256,-0.08216262625004936,1.680041272964441,1.3467407076924212,1.3467407076924212,23,1789.950431450269,885.3155171255945,-0.11559568057260261,-0.0009269048470890613,0.03810346505747285,1.3451854618501133,-1.460781142422716,1.460781142422716,23,2453.4268244089403,1967.0635759306258,-0.11503169803775215,-0.00043770489390335295,-0.041648715432094835,2.304875440402518,0.721685515149523,0.721685515149523,25,2111.7220753971933,631.001631390895,-0.12074403314158211,0.00018108577080307164,0.07786766220168848,0.48706735252762384,-0.607811385669206,0.607811385669206,25,2292.726870851351,2579.930546957417,5.0
yaw+,9.0,0.0,0.0,0.2,0.007912257159759788,-0.012990736191600962,0.11789985681006367,0.0008329466822795653,0.008940320768368338,0.012407483951437301,-0.0002730466344087871,0.006615963571853267,0.4997549856148245,-3.4515749973993366e-07,-0.0031319681745578497,0.14245875646172523,0.012935384050600223,1.5708088225874173,1.570792023484235,0.6217180005560361,-0.720785700634824,0.1510105249042737,1.5707963267948966,1.5707963267948966,0.8890133333333332,-0.8890133333333332,-0.11713292871538705,-0.0005011682746871495,-0.07572788335798569,1.6747541646995023,1.349705560174904,1.349705560174904,21,1636.4122162030367,828.2643445075421,-0.11768620166982391,-0.001290937647826099,0.029401880667728506,1.3600830454595603,-1.4777692471293842,1.4777692471293842,23,2435.862845981376,2003.0672213608868,-0.11724607509508722,-0.00048258554522311384,-0.03925715544169318,2.1061938393165596,0.9181527391781463,0.9181527391781463,9,759.2949721869304,229.8449596506609,-0.1229511465234836,0.00029036378073301304,0.06374545104124418,0.6882074877992084,-0.811158634322692,0.811158634322692,9,804.9816325770848,944.2187093247345,5.199999999999999
yaw+,9.100000000000001,0.0,0.0,0.2,0.007997339605360861,-0.01321952522018436,0.11894610795875651,0.0007317917340356055,0.009052722613750907,0.01068679060257619,-0.00011297675145605185,0.006322712761767598,0.5140281575749364,-3.553191976564184e-07,-0.0033409340577432237,0.14273171960111863,0.007943888351407965,1.57080971105123,1.5707923375905466,0.6195953842546511,-0.7250479885974304,0.15125120427036892,1.5707963267948966,1.5707963267948966,0.8890133333333332,-0.8890133333333332,-0.11798473246359542,-0.0005092534822208027,-0.06923462736798044,1.6641007012607307,1.359507219865467,1.359507219865467,19,1480.8797443310457,757.0048440373605,-0.11853547373783346,-0.0017321676523031956,0.022485139086573114,1.3783428421545536,-1.496878315892387,1.496878315892387,22,2322.727970121388,1928.7630392960953,-0.11807532239471996,-0.0004938693573534811,-0.03694003283429176,1.9250443677957951,1.0984729633992778,1.0984729633992778,22,1855.9717446771992,563.7199196737593,-0.12382559950696503,0.0003761570914304225,0.051234566270933854,0.9145011913263925,-1.0383267908333575,1.0383267908333575,22,1953.2711771840868,2319.628299753553,5.300000000000001
yaw+,9.3,0.0,0.0,0.2,0.008123775286342338,-0.01359144868890438,0.12037481970612114,0.0005866354869647305,0.009416217605148613,0.0076897159658397855,0.0002390556054522885,0.0057095103632849005,0.542547525382851,-3.69294666579972e-07,-0.0035803729372702077,0.14252021674901008,0.012511442754058948,1.5708113617571735,1.5707930783334856,0.6149406055412198,-0.7275208115359361,0.15100576860532428,1.5707963267948966,1.5707963267948966,0.8890133333333332,-0.8890133333333332,-0.11931263829843886,-0.0005056470777283079,-0.057011488801079147,1.6393273198717737,1.3829526954195805,1.3829526954195805,16,1244.8508211367293,646.1926793260866,-0.119851340660591,-0.006891896736027578,0.012339551746939709,1.4152066188294705,-1.5350579594900615,1.5350579594900615,16,1679.6807870924404,1415.8465221488086,-0.11932444866334002,-0.0005012914253404331,-0.03387189398366683,1.7343104189666354,1.2879577859598177,1.2879577859598177,16,1350.0811689082534,412.2668271206776,-0.1250072470652004,0.000450477612736604,0.0291314299748564,1.2102381549709795,-1.33524540203618,1.33524540203618,27,2361.8426201822335,2876.850751885537,5.5
yaw+,9.4,0.0,0.0,0.2,0.00817174429104903,-0.013741390377977388,0.12087163958999868,0.0005494661981127788,0.009631421444529492,0.0066507092149449805,0.0004253729977543051,0.005400401696546486,0.5567884353644564,-3.729481430593547e-07,-0.0036091874035040147,0.14240909981605177,0.007251156509513848,1.5708119658914805,1.5707934198269413,0.6140947576787175,-0.7274364491484905,0.1509011346004225,1.5707963267948966,1.5707963267948966,0.8890133333333332,-0.8890133333333332,-0.11977124225730762,-0.0004905633964117674,-0.05281478155544762,1.6282710933637472,1.3935503179687383,1.3935503179687383,10,776.6485220613536,405.268751027997,-0.1203044559722457,-0.0057880920222766,-0.0017625442090513053,1.4296057881554642,-1.54991024412771,1.54991024412771,24,2511.136286732124,2130.997116402064,-0.11984279661144015,-0.0004910614179024775,-0.03264472402676303,1.689389812092496,1.3323600448858572,1.3323600448858572,24,2025.375875546679,619.7307562041026,-0.1254915299729218,0.000465595952534743,0.020760061360082224,1.2845381012401154,-1.4100296312130371,1.4100296312130371,23,2001.6825509317134,2460.1242560118008,5.6
yaw+,9.600000000000001,0.0,0.0,0.2,0.008255912721115116,-0.013995015539882144,0.12172458076186128,0.0005546759221396353,0.01007922697720825,0.005904186473602675,0.0008071239994931057,0.004796567831768441,0.5853606539561339,-3.7687997585031233e-07,-0.0035485390178273644,0.14307334681684336,0.005399922339309265,1.5708124665573076,1.5707937862240104,0.618553311050163,-0.7297522553419964,0.15166314336971778,1.5707963267948966,1.5707963267948966,0.8890133333333332,-0.8890133333333332,-0.12052940208887009,-0.00046155919986799396,-0.05058405082785145,1.6164462146669265,1.4046170368339963,1.4046170368339963,12,927.1478202845407,487.79394108525884,-0.12108624591461581,-0.005256906848896775,-0.0006726514152235533,1.4409127881068944,-1.5619990340215102,1.5619990340215102,19,1980.3402673364171,1689.3480657064658,-0.12059354529805333,-0.00046676331989787666,-0.032651365230467924,1.6546612839412635,1.3663378243504765,1.3663378243504765,19,1603.0908335636623,491.75977957459486,-0.12620741332462337,0.0004296191326115485,0.014854851259881003,1.3349096392602782,-1.4611170525849015,1.4611170525849015,21,1810.3808497188143,2262.4489501825537,5.800000000000001
yaw+,9.700000000000001,0.0,0.0,0.2,0.008296123444114484,-0.014099479920914038,0.12215653727518377,0.000564211942279647,0.010302317208729588,0.00574765981118934,0.0009990825441942624,0.0045069068268826,0.5997222368836039,-3.779410214825625e-07,-0.003474932793693524,0.14361582927470196,0.00596921627736043,1.570812623207953,1.5707939695322555,0.6225960652193262,-0.7313276854369966,0.15229510062521956,1.5707963267948966,1.5707963267948966,0.8890133333333332,-0.8890133333333332,-0.12091473867304536,-0.000454621935184041,-0.05036456100263708,1.6129210743784275,1.4077568405383203,1.4077568405383203,22,1694.950625551349,895.8990699208379,-0.12149993913753487,-0.005132119539534448,-0.00036916133980807384,1.4438775198718679,-1.5653774590094027,1.5653774590094027,22,2287.9730018845244,1958.5069988033633,-0.12095382640342578,-0.000463385882972402,-0.03280705892841515,1.6458712584479012,1.3747675687384664,1.3747675687384664,22,1856.2353249099629,570.2172888522775,-0.12654679726216944,0.000441720846202494,0.013332355592219285,1.3469028438559019,-1.4734496411180713,1.4734496411180713,20,1718.3333229599039,2160.296160714478,5.9
yaw+,9.9,0.0,0.0,0.2,0.00836038316192797,-0.014243195801281642,0.12287880181885033,0.0005700736862937418,0.010536067160433031,0.005338638909912543,0.0013890628153915424,0.003945106700459588,0.6285877390252839,-3.7831816371487937e-07,-0.0034100152708666197,0.14454474157909508,0.00661510154634769,1.5708130246501524,1.5707944285549775,0.6277147941490159,-0.7347362861598808,0.15325429092402781,1.5707963267948966,1.5707963267948966,0.8890133333333332,-0.8890133333333332,-0.12157384177839425,-0.00044730087862157944,-0.048828733707738076,1.6063736650024958,1.413645146808903,1.413645146808903,17,1304.8314805961625,694.7181811836483,-0.12212871187640406,-0.004823310447147063,0.00019112029955777564,1.4496349644182407,1.5698289772951481,1.5698289772951481,17,1761.7454218385656,1516.5030260018689,-0.12157978343478248,-0.000461296278330193,-0.0324562118496643,1.6307953523227363,1.3892175178322743,1.3892175178322743,17,1434.8875478016564,441.979865473043,-0.1271261572494602,0.000503216934290754,0.010115522719111886,1.3681207482140083,-1.4952469054634685,1.4952469054634685,17,1450.0534478717666,1846.370205859649,6.1
yaw+,10.0,0.0,0.0,0.2,0.008389447293186792,-0.01430242939849699,0.12320874338802479,0.0005720063433308798,0.010601117363287112,0.005124504510816148,0.0015895420624810507,0.003669262596039322,0.643085627209025,-3.7778982296237664e-07,-0.0034100131529034225,0.14497888183740976,0.008052626785236125,1.570813240951801,1.5707946819576657,0.6295169926049294,-0.7366070308444786,0.15366743918632975,1.5707963267948966,1.5707963267948966,0.8890133333333332,-0.8890133333333332,-0.12187576057097793,-0.00044346735956966084,-0.047922946366022165,1.6031811103044624,1.4165357827143525,1.4165357827143525,23,1762.0840412849598,941.430131285164,-0.12245408418996373,-0.004639394443080542,0.0004800294755628147,1.4522191512390192,1.5669194181608104,1.5669194181608104,23,2379.446806725005,2053.6482213400627,-0.12190157237402666,-0.0004676124055636244,-0.03210759204901777,1.624066622204306,1.3956244590114606,1.3956244590114606,23,1941.6917534247925,598.8705683097309,-0.1274097280227675,0.0005275305567510533,0.008496935663421974,1.3771670410487327,-1.5045767690715002,1.5045767690715002,23,1955.025361241459,2504.5870697345613,6.199999999999999
yaw+,10.200000000000001,0.0,0.0,0.2,0.008441541445623053,-0.014405630902830304,0.12378767068084158,0.0005539251511139183,0.010660019358833624,0.0046429339348158264,0.002003923099693623,0.0031244616637547858,0.6722107277687976,-3.8848022577777304e-07,-0.0034291676798701744,0.14585549886341714,0.005208118793889175,1.5708137446904225,1.5707947261072635,0.6333622033914823,-0.7410796528289613,0.1546030643848707,1.5707963267948966,1.5707963267948966,0.8890133333333332,-0.8890133333333332,-0.12238893993607114,-0.00043984729954881993,-0.045835425370629825,1.5978143602269936,1.4213893534267283,1.4213893534267283,21,1608.3519049866725,863.8849501198506,-0.12294907188514781,-0.0042797016125571035,0.001066087659575968,1.4590507290758497,1.5595928526287954,1.5595928526287954,23,2376.1341939802937,2059.0423487424537,-0.12240500452001157,-0.000498910043417994,-0.03153142705512227,1.613036093366612,1.4061515557031696,1.4061515557031696,23,1943.069122203335,600.5847607874941,-0.12783151726230102,0.0005312959326758456,0.004665370178874244,1.3970707509179752,-1.5249022681802762,1.5249022681802762,23,1942.4992108516158,2515.3501054934522,6.4
yaw+,10.3,0.0,0.0,0.2,0.008467443536527997,-0.01445755703708479,0.12406244690484369,0.0005422677099065287,0.010674923327354261,0.004364668761990925,0.00221855560820348,0.002854711547426627,0.6868389786639586,-3.9514572324872316e-07,-0.003447205207220593,0.14628250895160974,0.007484364546858739,1.570814029072924,1.570794732886208,0.635076390488574,-0.7433736671222926,0.15505392392057285,1.5707963267948966,1.5707963267948966,0.8890133333333332,-0.8890133333333332,-0.12262826824448325,-0.0004400522848899222,-0.044708913749644676,1.594771913092058,1.4241924722532522,1.4241924722532522,10,765.9956973379644,412.49965960796465,-0.12317826600512749,-0.004096321900172903,0.0013834615804248942,1.4630262522392556,1.5553881353454102,1.5553881353454102,23,2375.1155880164106,2061.3994171864674,-0.12265854252196107,-0.000529966661614977,-0.031149262799831944,1.6072400170130614,1.4116940940547709,1.4116940940547709,23,1944.094023803942,601.4770366949823,-0.12802211499054827,0.00038200096346406066,0.0034523763937635583,1.407763716377627,-1.5357858313681754,1.5357858313681754,23,1936.5415309943926,2520.567192515377,6.5
yaw+,10.5,0.0,0.0,0.2,0.00851468409634383,-0.01455546668741048,0.124536426210811,0.0005261604815386192,0.010683772102188398,0.003982155294494227,0.0026611135754917646,0.0023229181833745787,0.7162489803362935,-4.076563670961909e-07,-0.0034624527617142936,0.14730123760671832,0.001267786198731679,1.5708145439904833,1.5707947475593897,0.6399017018856327,-0.7486450174573336,0.15618963936452232,1.5707963267948966,1.5707963267948966,0.8890133333333332,-0.8890133333333332,-0.1230558644398041,-0.0004456382947000486,-0.04294464592516257,1.5905152769726512,1.428021512177338,1.428021512177338,20,1532.7825990553379,829.3958057004946,-0.12362380182676969,-0.0037047011720930615,-0.006901486445818773,1.4685386245470873,1.549430227215936,1.549430227215936,20,2061.6351327651755,1799.2171118922074,-0.12305994388061059,-0.0005954074904195145,-0.030675235753100764,1.5996556067657854,1.418877102943397,1.418877102943397,20,1692.0504827396107,524.1297672345792,-0.1283340215174924,-0.006908189217963909,0.005897196341079363,1.4217075547344258,-1.5500415762519182,1.5500415762519182,20,1677.4501677639175,2197.7067825466265,6.699999999999999
yaw+,10.600000000000001,0.0,0.0,0.2,0.008536617809302673,-0.014602577792576961,0.12474377311120949,0.0005204208851900141,0.010685092361444907,0.0038363067063316146,0.002888835389545186,0.0020612421369815654,0.7310352259069064,-4.1427615042754156e-07,-0.003468884202959391,0.14786245570613038,0.004432637511908598,1.570814768717578,1.5707947547979497,0.6422456651523145,-0.7511811161508216,0.15673856948448384,1.5707963267948966,1.5707963267948966,0.8890133333333332,-0.8890133333333332,-0.1232401923166977,-0.00045165130428748536,-0.042398589964187,1.5888304368037867,1.4295220244693088,1.4295220244693088,22,1686.5861005238569,914.3287408583208,-0.12377762807500314,-0.0036267201080347976,-0.007184955965277389,1.4706368254930886,1.5471782000217011,1.5471782000217011,22,2266.313350291922,1981.8278666540443,-0.12323374981391311,-0.0006324902945815175,-0.030489412498178256,1.5968152861563614,1.4215436176195189,1.4215436176195189,13,1100.3372948205738,340.98330757952226,-0.1284745073693374,-0.009957292044000936,0.004388886935685728,1.4267914118349334,-1.5552659192042708,1.5552659192042708,13,1088.6671953359032,1430.0806392474935,6.800000000000001
yaw+,10.8,0.0,0.0,0.2,0.008577709946248863,-0.014693253733043438,0.12511348484060678,0.0005110363711321845,0.010685532245377287,0.003595564441872504,0.003358436530297046,0.0015452437590997698,0.7607461257575605,-4.245674883727983e-07,-0.0035012792320014453,0.1487795976324292,0.003969279397133332,1.570815184947044,1.5707947697976739,0.6461251262853266,-0.7562468617031003,0.1577447643686581,1.5707963267948966,1.5707963267948966,0.8890133333333332,-0.8890133333333332,-0.12357533313388736,-0.00046872984206491625,-0.041321811634585454,1.586001478419266,1.4320158420366398,1.4320158420366398,23,1764.4053416962388,959.5551462898881,-0.12411451955012609,-0.0033815264311611868,-0.006643982678919249,1.4741348162149703,1.5433433178246965,1.5433433178246965,23,2365.8476496490352,2078.333115708486,-0.1235645766463147,-0.0007353927064608521,-0.030192194211952208,1.5922252420066836,1.4258028349367948,1.4258028349367948,23,1948.345035638493,604.0979081302318,-0.12869387031160162,-0.009162779257486356,0.002123210119072374,1.4349745313573317,-1.5636684016689333,1.5636684016689333,23,1920.9780770913733,2534.963476867051,7.0
yaw+,10.9,0.0,0.0,0.2,0.008595809991633653,-0.014734242492667908,0.12526809555732202,0.0005072059772382169,0.010685702488518998,0.0034897267209582977,0.003602091991544126,0.0012892065141723813,0.7756702828280876,-4.301032502713406e-07,-0.0035344455397649938,0.1492415707052704,0.004400197425317711,1.5708153673338936,1.5707947766400938,0.6474771401140054,-0.7584487425019432,0.15814452154797098,1.5707963267948966,1.5707963267948966,0.8890133333333332,-0.8890133333333332,-0.1237110455501309,-0.000480760552607483,-0.04087045175154237,1.584716582141247,1.4331650258984152,1.4331650258984152,21,1611.5290491928836,877.5676598261656,-0.12423987443558548,-0.003414603701743558,-0.007393890524681176,1.4756712682813495,1.5416815108728583,1.5416815108728583,21,2158.7377150211155,1900.222970676697,-0.12370903151698087,-0.0007994905320440095,-0.030053997484593524,1.590213716857181,1.4276699052156312,1.4276699052156312,23,1949.1885369206548,604.4662317731953,-0.1287966464812591,-0.007548867731097099,0.0010697116064948154,1.4384741237795655,-1.5672707702608246,1.5672707702608246,23,1918.52289862361,2537.30261071277,7.1
yaw+,11.100000000000001,0.0,0.0,0.2,0.008632372417398435,-0.014819171707824309,0.1255634068330282,0.0004986441626223675,0.010687072156187062,0.00327045060619864,0.004106658007538766,0.0007822722711919997,0.8056368285984031,-4.394635149854121e-07,-0.0035888420193286204,0.15001317277167564,0.004605690482013186,1.570815764281063,1.5707947925179067,0.6503996433403866,-0.7631705853739488,0.15900439010182504,1.5707963267948966,1.5707963267948966,0.8890133333333332,-0.8890133333333332,-0.12397612670960001,-0.0005285634558285447,-0.03989763516601104,1.5820688580066178,1.4355476688735753,1.4355476688735753,23,1766.2181463469024,963.8612108859492,-0.12448599178754005,-0.003048205856649664,-0.006234437201379918,1.4789560308033902,1.5381506309988628,1.5381506309988628,23,2361.753818197893,2086.2094683324735,-0.12394190286048179,-0.0009658143509961646,-0.029837540073999275,1.5861892550013161,1.4314614957279952,1.4314614957279952,23,1950.7327766545466,605.0297210469981,-0.1289444109017861,-0.009851203084296625,-0.0009530411267828602,1.4456845714258613,1.5669636712621458,1.5669636712621458,18,1497.9261331185094,1989.1287352983707,7.300000000000001
yaw+,11.200000000000001,0.0,0.0,0.2,0.00865196960933523,-0.014865945558636495,0.12571142705929417,0.0004943541634723724,0.010688520688034204,0.003150647072985977,0.004367427708435864,0.000531788239034684,0.8206774026804392,-4.442362602044253e-07,-0.003615841330842532,0.15040574082036065,0.004223296229989348,1.570815977963921,1.5707948045700801,0.6519662280350997,-0.7656545719506598,0.1594600155819547,1.5707963267948966,1.5707963267948966,0.8890133333333332,-0.8890133333333332,-0.12411012052481318,-0.0005668220469368488,-0.03935871430685009,1.5805701157442908,1.436912417320689,1.436912417320689,24,1843.79638016346,1007.2550634172229,-0.12462033521090898,-0.003115387779670184,-0.007674254041644709,1.4807500468761943,1.53622227150269,1.53622227150269,20,2052.2734404701514,1816.957027423241,-0.1240892869474921,-0.0011233470924688787,-0.024762104089920963,1.5839884996921123,1.4335148669501887,1.4335148669501887,20,1697.3987625074778,526.397513969711,-0.12902397204116056,-0.009799820513520168,-0.002343183043056196,1.4495216644676365,1.5630470170809962,1.5630470170809962,21,1745.3044381081002,2322.904127023988,7.4
yaw+,11.4,0.0,0.0,0.2,0.00868618047462557,-0.014949610403807228,0.12595113656424123,0.0004951465236181048,0.010697076072006479,0.002913977721699661,0.004905434329626171,3.788876506715549e-05,0.8508695655714906,-4.534530493146453e-07,-0.0036627995953173627,0.15114387919613712,0.002546599392469557,1.5708163511148587,1.5707948248497878,0.6547032859668042,-0.7698401613208816,0.16023870438638624,1.5707963267948966,1.5707963267948966,0.8890133333333332,-0.8890133333333332,-0.12433659942007402,-0.000687868715067875,-0.03808174034630577,1.5768017871145585,1.4404542670551606,1.4404542670551606,18,1384.1695087257049,757.5068771871119,-0.12483651985465105,-0.0027326119581322812,-0.007238651071347465,1.483631434236727,1.5331246994984151,1.5331246994984151,18,1845.272975067553,1638.9493761710075,-0.12427022271976895,-0.001260005414199335,-0.010057851322109256,1.578717574034883,1.4386048568351413,1.4386048568351413,17,1443.9869952319034,447.5555764134295,-0.12910561394162023,-0.008641390516278857,-0.00432648262762431,1.4560385236024864,1.5564485160456867,1.5564485160456867,17,1410.5885184098888,1882.7896565191759,7.6
yaw+,11.5,0.0,0.0,0.2,0.008701337259142048,-0.014987409707429525,0.1260482497680214,0.0004911576720031867,0.010702935932596656,0.0028120726638111646,0.005182267860484491,-0.00020493810770959008,0.8660202040092374,-4.5816753271160035e-07,-0.0036824135000138557,0.1515063843774669,0.003500084530785608,1.570816518724536,1.5707948310453732,0.6559610106992483,-0.7716356075553428,0.16058213803917515,1.5707963267948966,1.5707963267948966,0.8890133333333332,-0.8890133333333332,-0.12441205169967517,-0.0007522232011645635,-0.03771548437068688,1.5755142942220424,1.4416663076680756,1.4416663076680756,18,1384.6807997210803,758.1629565254668,-0.12490928913411192,-0.0026678383371115614,-0.007459390032016627,1.485258707965896,1.531424656489785,1.531424656489785,19,1946.9385563600304,1731.869635947027,-0.12434119451969927,-0.001494474006359703,-0.00926634679823393,1.5769577793615703,1.4402936797085237,1.4402936797085237,19,1614.6012221317599,500.31223408534487,-0.1291380252802714,-0.01026007863333013,-0.005426201506879612,1.4592788199699482,1.5531758083395735,1.5531758083395735,19,1575.397700755984,2105.5149938000995,7.699999999999999
yaw+,11.700000000000001,0.0,0.0,0.2,0.008731626389341201,-0.015064130725937182,0.1262231693476344,0.0004804691759978765,0.010727818431920883,0.002556380185687461,0.005750000096353781,-0.0006805188980536278,0.896422847245936,-4.666309825292286e-07,-0.003706940352229411,0.15217042748062612,0.0068338527025315204,1.5708168859751455,1.5707948829345337,0.6586839929691396,-0.775070033325893,0.16127474947751275,1.5707963267948966,1.5707963267948966,0.8890133333333332,-0.8890133333333332,-0.12456921105446384,-0.0011316691456843679,-0.036796574530869694,1.5722960573051135,1.444727385230216,1.444727385230216,20,1540.061680428439,843.9892301521851,-0.12505423724843734,-0.002428890541584814,-0.0070706388249425906,1.4895230153917254,1.5270154009496304,1.5270154009496304,21,2150.296018009528,1917.8211976517198,-0.12446394346469525,-0.002619725031507583,-0.010803153210058147,1.5727063863056658,1.444422323819432,1.444422323819432,20,1701.2606408891409,526.7649896068525,-0.1291590020588318,0.0005140417369905201,-0.003078785906464765,1.467427678587301,1.5450059729436605,1.5450059729436605,19,1573.2060549455991,2108.0450867890445,7.9
yaw+,11.8,0.0,0.0,0.2,0.00874560888628435,-0.015098964405518504,0.12629345646432372,0.00047510499946734955,0.010752737400664708,0.002383467239824477,0.006039221669833612,-0.0009117820428704421,0.9116658793443869,-4.696818804775287e-07,-0.0037031305473977233,0.15243032098450912,-0.0006281963937421423,1.5708170213553112,1.5707949138402117,0.6599888223042956,-0.7762359799311251,0.16155267286129804,1.5707963267948966,1.5707963267948966,0.8890133333333332,-0.8890133333333332,-0.12463081211345006,-0.0021320199378554016,-0.03642027015250478,1.5699324467649143,1.4470293947114286,1.4470293947114286,22,1694.8032785957093,929.0303769977651,-0.12510930552094646,-0.002304751880450173,-0.006561393341412833,1.4923485326413912,1.5241348154274554,1.5241348154274554,22,2252.2720645107947,2010.7184042549075,-0.12450072284289249,-0.002496196800879646,-0.011043951299231441,1.5697146648230096,1.4473772659238913,1.4473772659238913,18,1531.6933773745152,474.08506773557946,-0.12914850548738777,0.00014948570879571568,-0.0032772446866443303,1.4726860487589462,1.5397580993434592,1.5397580993434592,18,1490.155791801654,1997.7582747661136,8.0
