case,phase,link,contact_z_relative_base_m,radius_m,collision_type,contact_data_valid,contact_count,normal_force_N,tangential_force_N,note
stationary,stationary,wheel_front_drive_link,-0.244993,0.0675,cylinder,False,0,0,0,ContactsState topics published but no non-empty states received
stationary,stationary,wheel_rear_drive_link,-0.244993,0.0675,cylinder,False,0,0,0,ContactsState topics published but no non-empty states received
stationary,stationary,wheel_front_left_link,-0.24499,0.04,cylinder,False,0,0,0,ContactsState topics published but no non-empty states received
stationary,stationary,wheel_front_right_link,-0.24499,0.04,cylinder,False,0,0,0,ContactsState topics published but no non-empty states received
stationary,stationary,wheel_rear_left_link,-0.24499,0.04,cylinder,False,0,0,0,ContactsState topics published but no non-empty states received
stationary,stationary,wheel_rear_right_link,-0.24499,0.04,cylinder,False,0,0,0,ContactsState topics published but no non-empty states received
stationary,stationary,base_link,-0.23,0.0,box,False,0,0,0,ContactsState topics published but no non-empty states received
stationary,stationary,steer_front_link,-0.221043,0.0,box,False,0,0,0,ContactsState topics published but no non-empty states received
stationary,stationary,steer_rear_link,-0.227593,0.0,box,False,0,0,0,ContactsState topics published but no non-empty states received
stationary,motion,wheel_front_drive_link,-0.244993,0.0675,cylinder,False,0,0,0,ContactsState topics published but no non-empty states received
stationary,motion,wheel_rear_drive_link,-0.244993,0.0675,cylinder,False,0,0,0,ContactsState topics published but no non-empty states received
stationary,motion,wheel_front_left_link,-0.24499,0.04,cylinder,False,0,0,0,ContactsState topics published but no non-empty states received
stationary,motion,wheel_front_right_link,-0.24499,0.04,cylinder,False,0,0,0,ContactsState topics published but no non-empty states received
stationary,motion,wheel_rear_left_link,-0.24499,0.04,cylinder,False,0,0,0,ContactsState topics published but no non-empty states received
stationary,motion,wheel_rear_right_link,-0.24499,0.04,cylinder,False,0,0,0,ContactsState topics published but no non-empty states received
stationary,motion,base_link,-0.23,0.0,box,False,0,0,0,ContactsState topics published but no non-empty states received
stationary,motion,steer_front_link,-0.221043,0.0,box,False,0,0,0,ContactsState topics published but no non-empty states received
stationary,motion,steer_rear_link,-0.227593,0.0,box,False,0,0,0,ContactsState topics published but no non-empty states received
X+,stationary,wheel_front_drive_link,-0.244993,0.0675,cylinder,False,0,0,0,ContactsState topics published but no non-empty states received
X+,stationary,wheel_rear_drive_link,-0.244993,0.0675,cylinder,False,0,0,0,ContactsState topics published but no non-empty states received
X+,stationary,wheel_front_left_link,-0.24499,0.04,cylinder,False,0,0,0,ContactsState topics published but no non-empty states received
X+,stationary,wheel_front_right_link,-0.24499,0.04,cylinder,False,0,0,0,ContactsState topics published but no non-empty states received
X+,stationary,wheel_rear_left_link,-0.24499,0.04,cylinder,False,0,0,0,ContactsState topics published but no non-empty states received
X+,stationary,wheel_rear_right_link,-0.24499,0.04,cylinder,False,0,0,0,ContactsState topics published but no non-empty states received
X+,stationary,base_link,-0.23,0.0,box,False,0,0,0,ContactsState topics published but no non-empty states received
X+,stationary,steer_front_link,-0.221043,0.0,box,False,0,0,0,ContactsState topics published but no non-empty states received
X+,stationary,steer_rear_link,-0.227593,0.0,box,False,0,0,0,ContactsState topics published but no non-empty states received
X+,motion,wheel_front_drive_link,-0.244993,0.0675,cylinder,False,0,0,0,ContactsState topics published but no non-empty states received
X+,motion,wheel_rear_drive_link,-0.244993,0.0675,cylinder,False,0,0,0,ContactsState topics published but no non-empty states received
X+,motion,wheel_front_left_link,-0.24499,0.04,cylinder,False,0,0,0,ContactsState topics published but no non-empty states received
X+,motion,wheel_front_right_link,-0.24499,0.04,cylinder,False,0,0,0,ContactsState topics published but no non-empty states received
X+,motion,wheel_rear_left_link,-0.24499,0.04,cylinder,False,0,0,0,ContactsState topics published but no non-empty states received
X+,motion,wheel_rear_right_link,-0.24499,0.04,cylinder,False,0,0,0,ContactsState topics published but no non-empty states received
X+,motion,base_link,-0.23,0.0,box,False,0,0,0,ContactsState topics published but no non-empty states received
X+,motion,steer_front_link,-0.221043,0.0,box,False,0,0,0,ContactsState topics published but no non-empty states received
X+,motion,steer_rear_link,-0.227593,0.0,box,False,0,0,0,ContactsState topics published but no non-empty states received
Y+,stationary,wheel_front_drive_link,-0.244993,0.0675,cylinder,False,0,0,0,ContactsState topics published but no non-empty states received
Y+,stationary,wheel_rear_drive_link,-0.244993,0.0675,cylinder,False,0,0,0,ContactsState topics published but no non-empty states received
Y+,stationary,wheel_front_left_link,-0.24499,0.04,cylinder,False,0,0,0,ContactsState topics published but no non-empty states received
Y+,stationary,wheel_front_right_link,-0.24499,0.04,cylinder,False,0,0,0,ContactsState topics published but no non-empty states received
Y+,stationary,wheel_rear_left_link,-0.24499,0.04,cylinder,False,0,0,0,ContactsState topics published but no non-empty states received
Y+,stationary,wheel_rear_right_link,-0.24499,0.04,cylinder,False,0,0,0,ContactsState topics published but no non-empty states received
Y+,stationary,base_link,-0.23,0.0,box,False,0,0,0,ContactsState topics published but no non-empty states received
Y+,stationary,steer_front_link,-0.221043,0.0,box,False,0,0,0,ContactsState topics published but no non-empty states received
Y+,stationary,steer_rear_link,-0.227593,0.0,box,False,0,0,0,ContactsState topics published but no non-empty states received
Y+,motion,wheel_front_drive_link,-0.244993,0.0675,cylinder,False,0,0,0,ContactsState topics published but no non-empty states received
Y+,motion,wheel_rear_drive_link,-0.244993,0.0675,cylinder,False,0,0,0,ContactsState topics published but no non-empty states received
Y+,motion,wheel_front_left_link,-0.24499,0.04,cylinder,False,0,0,0,ContactsState topics published but no non-empty states received
Y+,motion,wheel_front_right_link,-0.24499,0.04,cylinder,False,0,0,0,ContactsState topics published but no non-empty states received
Y+,motion,wheel_rear_left_link,-0.24499,0.04,cylinder,False,0,0,0,ContactsState topics published but no non-empty states received
Y+,motion,wheel_rear_right_link,-0.24499,0.04,cylinder,False,0,0,0,ContactsState topics published but no non-empty states received
Y+,motion,base_link,-0.23,0.0,box,False,0,0,0,ContactsState topics published but no non-empty states received
Y+,motion,steer_front_link,-0.221043,0.0,box,False,0,0,0,ContactsState topics published but no non-empty states received
Y+,motion,steer_rear_link,-0.227593,0.0,box,False,0,0,0,ContactsState topics published but no non-empty states received
yaw+,stationary,wheel_front_drive_link,-0.244993,0.0675,cylinder,False,0,0,0,ContactsState topics published but no non-empty states received
yaw+,stationary,wheel_rear_drive_link,-0.244993,0.0675,cylinder,False,0,0,0,ContactsState topics published but no non-empty states received
yaw+,stationary,wheel_front_left_link,-0.24499,0.04,cylinder,False,0,0,0,ContactsState topics published but no non-empty states received
yaw+,stationary,wheel_front_right_link,-0.24499,0.04,cylinder,False,0,0,0,ContactsState topics published but no non-empty states received
yaw+,stationary,wheel_rear_left_link,-0.24499,0.04,cylinder,False,0,0,0,ContactsState topics published but no non-empty states received
yaw+,stationary,wheel_rear_right_link,-0.24499,0.04,cylinder,False,0,0,0,ContactsState topics published but no non-empty states received
yaw+,stationary,base_link,-0.23,0.0,box,False,0,0,0,ContactsState topics published but no non-empty states received
yaw+,stationary,steer_front_link,-0.221043,0.0,box,False,0,0,0,ContactsState topics published but no non-empty states received
yaw+,stationary,steer_rear_link,-0.227593,0.0,box,False,0,0,0,ContactsState topics published but no non-empty states received
yaw+,motion,wheel_front_drive_link,-0.244993,0.0675,cylinder,False,0,0,0,ContactsState topics published but no non-empty states received
yaw+,motion,wheel_rear_drive_link,-0.244993,0.0675,cylinder,False,0,0,0,ContactsState topics published but no non-empty states received
yaw+,motion,wheel_front_left_link,-0.24499,0.04,cylinder,False,0,0,0,ContactsState topics published but no non-empty states received
yaw+,motion,wheel_front_right_link,-0.24499,0.04,cylinder,False,0,0,0,ContactsState topics published but no non-empty states received
yaw+,motion,wheel_rear_left_link,-0.24499,0.04,cylinder,False,0,0,0,ContactsState topics published but no non-empty states received
yaw+,motion,wheel_rear_right_link,-0.24499,0.04,cylinder,False,0,0,0,ContactsState topics published but no non-empty states received
yaw+,motion,base_link,-0.23,0.0,box,False,0,0,0,ContactsState topics published but no non-empty states received
yaw+,motion,steer_front_link,-0.221043,0.0,box,False,0,0,0,ContactsState topics published but no non-empty states received
yaw+,motion,steer_rear_link,-0.227593,0.0,box,False,0,0,0,ContactsState topics published but no non-empty states received
