sim_time,gt_x,gt_y,gt_z,gt_roll,gt_pitch,gt_yaw,gt_vx,gt_vy,gt_wz,wheel_front_drive_link_contact_count,wheel_front_drive_link_normal_metric,wheel_front_drive_link_tangential_metric,wheel_rear_drive_link_contact_count,wheel_rear_drive_link_normal_metric,wheel_rear_drive_link_tangential_metric,wheel_front_left_link_contact_count,wheel_front_left_link_normal_metric,wheel_front_left_link_tangential_metric,wheel_front_right_link_contact_count,wheel_front_right_link_normal_metric,wheel_front_right_link_tangential_metric,wheel_rear_left_link_contact_count,wheel_rear_left_link_normal_metric,wheel_rear_left_link_tangential_metric,wheel_rear_right_link_contact_count,wheel_rear_right_link_normal_metric,wheel_rear_right_link_tangential_metric,steer_front_joint_position,steer_front_joint_velocity,steer_rear_joint_position,steer_rear_joint_velocity,wheel_front_drive_joint_position,wheel_front_drive_joint_velocity,wheel_rear_drive_joint_position,wheel_rear_drive_joint_velocity,wheel_front_left_swivel_joint_position,wheel_front_left_swivel_joint_velocity,wheel_front_left_roll_joint_position,wheel_front_left_roll_joint_velocity,wheel_front_right_swivel_joint_position,wheel_front_right_swivel_joint_velocity,wheel_front_right_roll_joint_position,wheel_front_right_roll_joint_velocity,wheel_rear_left_swivel_joint_position,wheel_rear_left_swivel_joint_velocity,wheel_rear_left_roll_joint_position,wheel_rear_left_roll_joint_velocity,wheel_rear_right_swivel_joint_position,wheel_rear_right_swivel_joint_velocity,wheel_rear_right_roll_joint_position,wheel_rear_right_roll_joint_velocity
2.8000000000000003,0.0011893042816490118,-9.254727049486794e-07,-0.0012419119300030312,0.00025010104216376366,0.00016928783278668535,0.00024091537491410835,-0.0008516567998016985,0.00039531296440653693,-0.020119351896791465,20,3745.9351457712028,93.05098674808413,20,3584.021519093816,73.109199048846,20,2456.735199991142,85.0692938197429,20,2541.2121087901746,72.90996349817624,20,2195.3728448701627,76.48020434872232,20,2279.8532594463145,63.013834791326964,-2.0078270669188214e-05,0.003266441048987226,1.565006310588757e-05,0.006282761225372765,0.010088151663071088,0.0052345937280780155,-0.0007574697099581584,-0.01146423798827698,,,,,,,,,,,,,,,,
2.9000000000000004,0.001214982167259234,-9.008293167418746e-07,-0.001241919658661217,0.00025000482344866945,0.00016929293582139472,0.00024162242298066914,-0.0008584858929181794,0.00039536465937075834,-0.020082307313786678,17,3183.9662658363245,79.66222575567065,17,3046.331934032778,62.4049274601451,17,2088.2127180415764,73.85469278241351,21,2668.2356364054754,78.53474485211103,22,2414.8808133522316,85.64681882226289,22,2507.791627791391,70.84911139581227,-1.998737187314248e-05,0.003232701954249833,-1.403821662648852e-05,0.006240204880131436,0.010261219230608631,0.005242680119961018,-0.0008408731260480806,-0.011917008762011239,,,,,,,,,,,,,,,,
2.9000000000000004,0.0012180226276451052,-8.978972893250101e-07,-0.001241920578371386,0.00024999333908551076,0.00016929321932939925,0.0002417079111618293,-0.0008592144811380453,0.00039536977746181977,-0.02007797967034783,17,3183.9662658363245,79.66222575567065,17,3046.331934032778,62.4049274601451,17,2088.2127180415764,73.85469278241351,21,2668.2356364054754,78.53474485211103,22,2414.874515190668,85.97021497930423,22,2507.7815782537264,71.17543843384703,-1.9979550592630346e-05,0.003229196977288157,1.5668867704654588e-05,0.00623633290520202,0.010276569927905932,0.0052439519425945685,-0.0008507257776297905,-0.011956671284198021,,,,,,,,,,,,,,,,
3.0,0.001241298018969307,-8.752843278928349e-07,-0.0012419277308527155,0.0002499047001632821,0.00016929762558948067,0.00024236388179237097,-0.000865081589773475,0.0003954153003670139,-0.02004370968476983,19,3558.4920819313634,89.44973907295267,20,3583.8519457027733,73.63644413124261,20,2456.711225500605,88.08039852483473,20,2541.1541951894937,75.9821227042689,20,2195.319900824029,79.19793175763758,20,2279.7687043385795,65.75291303739867,-1.990848699939818e-05,0.003201915897285079,1.5679188027917235e-05,0.006203477356193294,0.010412019047133292,0.005250658685887135,-0.0009539843921952951,-0.012323262640901838,,,,,,,,,,,,,,,,
3.0,0.0012425355007644329,-8.740760776117587e-07,-0.0012419281194660792,0.00024989991818500984,0.00016929760389516866,0.00024239869187342631,-0.0008653812220382176,0.0003954165901162963,-0.020041795236926112,20,3745.750483645146,94.37479745660761,20,3583.818779301248,73.74934590420602,20,2456.706456960742,88.6576157125669,20,2541.1427363472903,76.5726204847371,20,2195.3148603507316,79.4609749301443,20,2279.7603090244575,66.02554163658783,-1.9901298853319815e-05,0.003198674837302049,-2.0445639149713202e-05,0.006199751254206534,0.010426770854579992,0.00525171476716382,-0.0009669359297088675,-0.012364600312129798,,,,,,,,,,,,,,,,
3.1,0.0012645601178571178,-8.524913484766333e-07,-0.001241934975552944,0.00024981487713921744,0.00016930300544460566,0.00024303588133520448,-0.0008708190757529374,0.0003954544374070359,-0.020008741742601872,11,2060.139188733699,52.071877751182946,11,1971.074415173783,40.65225209588529,11,1351.1847291060933,49.2078765597211,12,1524.6757857618115,46.44346633589795,12,1317.1771767400387,48.269877183208045,12,1367.8372133693929,40.21630534694368,-1.9840263624004706e-05,0.0031746136332766427,1.5685815325738872e-05,0.006172395599350764,0.010542636007740747,0.005257324787002367,-0.0010797116073586466,-0.012687446626993896,,,,,,,,,,,,,,,,
3.1,0.0012648022219486285,-8.522483703329517e-07,-0.0012419350490879832,0.0002498139380178741,0.00016930311471382832,0.0002430426752498018,-0.0008708675000689379,0.0003954539558748138,-0.020008320169267436,22,4120.265127251565,104.2374608652024,22,3942.134224644491,81.36075641343469,22,2702.367309176243,98.6726476179447,21,2668.1776433861037,81.5279597492741,21,2305.0553504827103,84.6984569039957,21,2393.707952140221,70.59774380937351,-1.983313152020827e-05,0.0031718194856037996,-2.0404150404829124e-05,0.006168605513534774,0.010556852560032581,0.005258326054114545,-0.0010948593522215333,-0.012729233392186467,,,,,,,,,,,,,,,,
3.1,0.001270358878222043,-8.46774672598298e-07,-0.0012419368215546844,0.00024979220526708944,0.0001693030407364648,0.0002432041703941295,-0.0008722130761086327,0.00039546168372795744,-0.019999732685382812,18,3371.1120073671386,85.37860036635351,21,3762.9273521550463,77.72649318984183,21,2579.5298456240453,94.50442431762932,21,2668.171386325485,81.84642880542324,21,2305.049736762224,84.9779101911688,21,2393.698519170724,70.89040998422968,-1.981146502227915e-05,0.0031623128957642896,-2.039104060003183e-05,0.006158816691252501,0.010599190087377863,0.005260654022577365,-0.0011415389186559821,-0.0128492018452538,,,,,,,,,,,,,,,,
3.2,0.0012870891052501783,-8.302678140038877e-07,-0.0012419420721549168,0.00024972667537235795,0.00016930816856708215,0.0002437030975598822,-0.0008763513199462591,0.0003954934532311052,-0.019974272037617757,18,3371.0709741899354,85.65892062823951,18,3225.322352027654,66.78175234234558,18,2211.0195757621022,81.73976636859845,18,2286.98922583552,70.90943223806737,18,1975.7432896002138,73.50264396936444,18,2051.719865667581,61.43118743204458,-1.9767613636645365e-05,0.0031446863036529785,-2.036702683305691e-05,0.006139342436212595,0.010682327009705617,0.00526491529096995,-0.0012401347324395573,-0.01309094399631372,,,,,,,,,,,,,,,,
3.2,0.0012880376196247462,-8.29313863464666e-07,-0.0012419423728741996,0.0002497229179102771,0.00016930828728649666,0.0002437304402769446,-0.0008765163344333753,0.0003954925440834379,-0.019972713521554775,18,3371.0709741899354,85.65892062823951,18,3225.322352027654,66.78175234234558,18,2211.0195757621022,81.73976636859845,18,2286.98922583552,70.90943223806737,18,1975.7432896002138,73.50264396936444,18,2051.719865667581,61.43118743204458,-1.9767613636645365e-05,0.0031446863036529785,-2.036702683305691e-05,0.006139342436212595,0.010682327009705617,0.00526491529096995,-0.0012401347324395573,-0.01309094399631372,,,,,,,,,,,,,,,,
3.3000000000000003,0.0013114755518510747,-8.05994677703474e-07,-0.001241949913596413,0.00024962991594382,0.00016931387124676577,0.0002444388356144757,-0.0008820286010608224,0.0003955243178372721,-0.019935706655603205,19,3558.266922368055,90.99639561061238,19,3404.4124514718396,70.8544905337066,21,2579.5076798710875,97.10291356820015,21,2668.117881211935,84.51123259394083,12,1317.143166795043,49.93059923713751,12,1367.7825492449704,41.89435869361634,-1.969137717683367e-05,0.003112528393545564,1.5689995353618258e-05,0.006105441180301645,0.010829718498833962,0.005272261269734912,-0.001436349129864567,-0.013532076067453493,,,,,,,,,,,,,,,,
3.3000000000000003,0.0013151786713890556,-8.022623936582846e-07,-0.001241951100663441,0.00024961511101109465,0.00016931502466296998,0.0002445499304854638,-0.0008829672914419437,0.0003955267677968001,-0.01992987300304089,19,3558.266922368055,90.99639561061238,19,3404.4124514718396,70.8544905337066,21,2579.5076798710875,97.10291356820015,21,2668.117881211935,84.51123259394083,12,1317.143166795043,49.93059923713751,12,1367.7825492449704,41.89435869361634,-1.96844242097427e-05,0.0031094495698165865,-2.0325976315405114e-05,0.006102409941946205,0.010842810104797707,0.005273341290144104,-0.0014550494528151603,-0.013572510812958474,,,,,,,,,,,,,,,,
3.3000000000000003,0.001315640741516643,-8.018176948345127e-07,-0.001241951252443585,0.0002496132954723499,0.00016931488466911642,0.00024456549329445354,-0.0008829287193005299,0.00039552779893721555,-0.019929112576820774,19,3558.266922368055,90.99639561061238,19,3404.4124514718396,70.8544905337066,21,2579.5076798710875,97.10291356820015,21,2668.117881211935,84.51123259394083,12,1317.143166795043,49.93059923713751,12,1367.7825492449704,41.89435869361634,-1.96844242097427e-05,0.0031094495698165865,-2.0325976315405114e-05,0.006102409941946205,0.010842810104797707,0.005273341290144104,-0.0014550494528151603,-0.013572510812958474,,,,,,,,,,,,,,,,
3.4000000000000004,0.001332820833757898,-7.845583161955605e-07,-0.0012419569297448252,0.00024954401929521797,0.00016931927308806987,0.00024509429742904174,-0.0008869545142832194,0.0003955474812395517,-0.019901612504698532,21,3932.7583116304213,101.00228120818225,21,3762.703075851713,78.60242079341977,21,2579.4973921220494,98.220386852317,22,2795.1458504333864,89.74359968684227,20,2195.218071950967,84.24761115973746,19,2165.6231648834555,67.32957101907935,-1.9630576148621515e-05,0.0030879898838202732,1.569017840008513e-05,0.006082405149939593,0.010945617058441215,0.005277283690005805,-0.0016094033311482292,-0.013880914895825847,,,,,,,,,,,,,,,,
3.4000000000000004,0.0013346353253910204,-7.827588871089225e-07,-0.00124195754864026,0.00024953672135534125,0.00016932042574314965,0.00024515333266196966,-0.0008874663227887802,0.0003955491627956676,-0.019898625101007202,21,3932.7583116304213,101.00228120818225,21,3762.703075851713,78.60242079341977,21,2579.4973921220494,98.220386852317,22,2795.1458504333864,89.74359968684227,20,2195.218071950967,84.24761115973746,19,2165.6231648834555,67.32957101907935,-1.9630576148621515e-05,0.0030879898838202732,1.569017840008513e-05,0.006082405149939593,0.010945617058441215,0.005277283690005805,-0.0016094033311482292,-0.013880914895825847,,,,,,,,,,,,,,,,
3.5,0.001356385477818807,-7.60877729986606e-07,-0.0012419651636493556,0.0002494483323781198,0.00016932348280574135,0.0002458383914943936,-0.0008925628837206296,0.00039557558141531846,-0.019863055256336276,21,3932.6757642193597,101.46295521346873,21,3762.6164916976286,78.98259900392735,21,2579.4821801999683,99.65106490130024,21,2668.061008464766,87.12327688772334,24,2634.2378620756203,102.45123916055951,24,2735.4828285991784,86.41219880644347,-1.956265935110224e-05,0.003064904019230888,-2.023931183092742e-05,0.006068766276301813,0.011069262965224702,0.005280194102560316,-0.001812527122950769,-0.014203566161489097,,,,,,,,,,,,,,,,
3.5,0.0013568290750593202,-7.60438594995215e-07,-0.001241965315971455,0.0002494465302369223,0.00016932359335756738,0.00024585305203183867,-0.0008927093591383634,0.00039557393243199596,-0.019862190166682017,21,3932.6757642193597,101.46295521346873,21,3762.6164916976286,78.98259900392735,21,2579.4821801999683,99.65106490130024,21,2668.061008464766,87.12327688772334,24,2634.2378620756203,102.45123916055951,24,2735.4828285991784,86.41219880644347,-1.956265935110224e-05,0.003064904019230888,-2.023931183092742e-05,0.006068766276301813,0.011069262965224702,0.005280194102560316,-0.001812527122950769,-0.014203566161489097,,,,,,,,,,,,,,,,
3.5,0.0013583789361268604,-7.588746107952543e-07,-0.0012419658523631638,0.0002494403026735026,0.00016932475745168841,0.0002459038607397905,-0.0008930696004121933,0.00039557876096755866,-0.01985973831086224,17,3183.581719034343,82.20223331574486,24,4300.110340969363,90.35905918973545,24,2947.976011357362,114.23675776585051,24,3049.2044073332972,99.9346623808473,20,2195.1936209609653,85.63389474945706,20,2279.5610373751024,72.27506044883395,-1.9556801676756663e-05,0.00306234367361646,-1.396424334121349e-05,0.0060676349554897955,0.011081354611449434,0.005280007674330451,-0.0018333329811035526,-0.014236265647722905,,,,,,,,,,,,,,,,
3.6,0.0013835028816120247,-7.334147801912536e-07,-0.001241974769038312,0.0002493365490720022,0.00016933216644270292,0.00024672023148774084,-0.0008988361957522897,0.0003956026400001116,-0.019817640352158425,22,4119.826056988202,106.93748081163066,22,3941.6619988031985,83.32304203185201,22,2702.2925346699285,106.41124194649362,22,2795.063375054183,93.3516035586717,22,2414.6868910828484,95.69794343784645,22,2507.471118012012,81.01652382066851,-1.9491431605622722e-05,0.003041005526488661,1.572464054167e-05,0.006054082666995787,0.011199216187804062,0.005281683658645311,-0.002046245971355276,-0.014557953207026249,,,,,,,,,,,,,,,,
3.6,0.0013897421767074883,-7.270768732706157e-07,-0.0012419770214592285,0.00024931030233272736,0.000169332162384329,0.0002469239445199664,-0.0009002786624955034,0.0003956050139575114,-0.01980678749186596,21,3932.54391829605,102.1653250098422,21,3762.477086283519,79.61800733553835,21,2579.458261407313,101.85957362241933,21,2668.0084730538283,89.40183221197441,21,2304.9234382644945,91.60318364304187,21,2393.4865168295332,77.59445026966236,-1.9478790910909538e-05,0.0030366857122708577,-1.3948902338967173e-05,0.006051227108562882,0.011222185590227696,0.00528200631039941,-0.0020897598052780353,-0.014623032374504168,,,,,,,,,,,,,,,,
3.7,0.001399555024369923,-7.170627436079574e-07,-0.0012419805677748863,0.00024926908351066533,0.0001693352360381057,0.0002472515226516857,-0.0009024655431849962,0.0003956138012222877,-0.01978981958223716,20,3745.249429719696,97.46474898687805,20,3583.2793158288937,75.98817861141501,20,2456.621270461413,97.51846532097771,20,2540.948136409558,85.66848593609626,20,2195.1570700762236,87.70009290611458,20,2279.4962286786517,74.37275387425278,-1.943669163662065e-05,0.003020427136330911,1.5739121741020767e-05,0.006041750030486759,0.01130107666343072,0.0052837123973309055,-0.0022441881543127096,-0.014849271251146424,,,,,,,,,,,,,,,,
3.7,0.0014001931946847658,-7.16388705839649e-07,-0.0012419808175151426,0.00024926629661314837,0.00016933419507768875,0.0002472705931957093,-0.0009025990053470804,0.0003956120499740458,-0.019789079156692,20,3745.249429719696,97.46474898687805,20,3583.2793158288937,75.98817861141501,20,2456.621270461413,97.51846532097771,20,2540.948136409558,85.66848593609626,20,2195.1570700762236,87.70009290611458,20,2279.4962286786517,74.37275387425278,-1.943669163662065e-05,0.003020427136330911,1.5739121741020767e-05,0.006041750030486759,0.01130107666343072,0.0052837123973309055,-0.0022441881543127096,-0.014849271251146424,,,,,,,,,,,,,,,,
3.7,0.0014004040738709242,-7.161868936320787e-07,-0.0012419808640933283,0.0002492654653885388,0.00016933542204192973,0.00024727897968271394,-0.0009027119713737007,0.0003956108913027842,-0.019788682617001997,20,3745.249429719696,97.46474898687805,20,3583.2793158288937,75.98817861141501,20,2456.621270461413,97.51846532097771,20,2540.948136409558,85.66848593609626,20,2195.1570700762236,87.70009290611458,20,2279.4962286786517,74.37275387425278,-1.943669163662065e-05,0.003020427136330911,1.5739121741020767e-05,0.006041750030486759,0.01130107666343072,0.0052837123973309055,-0.0022441881543127096,-0.014849271251146424,,,,,,,,,,,,,,,,
3.8000000000000003,0.0014226283361434451,-6.934388566059643e-07,-0.00124198895551636,0.0002491708579609121,0.00016934351177579952,0.0002480329960602398,-0.0009073873638852603,0.00039561821400660533,-0.019749974141533063,19,3557.9144652480195,92.94832545837835,19,3404.038193278598,72.5772174879291,19,2333.7767707845373,93.83749406521896,20,2540.916938700264,86.97061755210666,20,2195.1367102062272,88.84237045639739,20,2279.459932675373,75.5269877296904,-1.936894660570232e-05,0.0029996471791122713,-1.3925933604497231e-05,0.006026670737162836,0.011420238956188378,0.005408313520383288,-0.0024932779667103944,-0.015207228645306294,,,,,,,,,,,,,,,,
3.8000000000000003,0.00142325068897442,-6.927865679193582e-07,-0.001241989212310779,0.0002491681133240243,0.00016934305159180946,0.0002480526925431812,-0.0009074591037414942,0.0003956181209196954,-0.019748857926647587,21,3932.4154988336854,102.7953181010424,21,3762.3409685489423,80.2973124189725,21,2579.434369078476,103.97371485376962,20,2540.9104633299025,87.22369357853685,20,2195.133214403246,89.061397923511,20,2279.4535082931357,75.73998080384526,-1.936894660570232e-05,0.0029996471791122713,-1.3925933604497231e-05,0.006026670737162836,0.011420238956188378,0.005408313520383288,-0.0024932779667103944,-0.015207228645306294,,,,,,,,,,,,,,,,
3.9000000000000004,0.0014423335594538102,-6.731707291761022e-07,-0.0012419963552419144,0.0002490855553649049,0.00016934897357887173,0.00024871389829404615,-0.0009115222081243548,0.0003956227193725728,-0.01971486751444262,20,3745.097503529175,98.16124229946621,20,3583.116376769069,76.81111956640711,20,2456.593976481381,99.99818009012776,20,2540.8869821036697,88.2234749115692,20,2195.117102569116,89.93269594003846,20,2279.4242941376324,76.63517219778802,-1.9311724702930633e-05,0.0029804278448411423,1.57783072607387e-05,0.0060128184419373076,0.011523742938064352,0.005646866809703097,-0.0027256000672117864,-0.015532264683912382,,,,,,,,,,,,,,,,
3.9000000000000004,0.0014429429700326506,-6.725406246658669e-07,-0.0012419965858786464,0.00024908288359606266,0.0001693493089010438,0.00024873472721076873,-0.000911647746352068,0.00039562078464824065,-0.019713681505694712,20,3745.097503529175,98.16124229946621,20,3583.116376769069,76.81111956640711,20,2456.593976481381,99.99818009012776,20,2540.8869821036697,88.2234749115692,20,2195.117102569116,89.93269594003846,20,2279.4242941376324,76.63517219778802,-1.9311724702930633e-05,0.0029804278448411423,1.57783072607387e-05,0.0060128184419373076,0.011523742938064352,0.005646866809703097,-0.0027256000672117864,-0.015532264683912382,,,,,,,,,,,,,,,,
3.9000000000000004,0.0014433491209050915,-6.721165376998017e-07,-0.0012419967380427888,0.00024908110503366396,0.00016934933688176379,0.0002487485598670104,-0.0009117347060992665,0.0003956222266326976,-0.01971303924831506,20,3745.097503529175,98.16124229946621,20,3583.116376769069,76.81111956640711,20,2456.593976481381,99.99818009012776,20,2540.8869821036697,88.2234749115692,20,2195.117102569116,89.93269594003846,20,2279.4242941376324,76.63517219778802,-1.9311724702930633e-05,0.0029804278448411423,1.57783072607387e-05,0.0060128184419373076,0.011523742938064352,0.005646866809703097,-0.0027256000672117864,-0.015532264683912382,,,,,,,,,,,,,,,,
4.0,0.0014622398900894402,-6.526970629016152e-07,-0.0012420032598302322,0.0002489989098253224,0.0001693516891187824,0.0002494170192505271,-0.0009163505081102504,0.00039562449611693683,-0.019678428578160902,8,1497.995876349939,39.423964864049665,8,1433.2039580757057,30.963582404586898,8,982.6263812817172,40.64292601234001,8,1016.3347141493806,35.95591058300214,17,1865.832657225615,77.71437048244236,15,1709.5369190903716,58.62702983547105,-1.925372429489869e-05,0.002958217196926273,-1.3899809676587438e-05,0.005997798450619266,0.011632190775807238,0.005732713593294515,-0.002987067042914404,-0.015906885429731947,,,,,,,,,,,,,,,,
4.0,0.001471305553140942,-6.433250325753315e-07,-0.001242006385752198,0.00024895952172363027,0.00016935209402985077,0.0002497422036793312,-0.0009192524329254232,0.00039563009110159383,-0.019661753085825278,22,4119.475272651088,108.45767737972433,22,3941.2975390620263,85.22211097341818,22,2702.2191238152745,111.95956052302552,22,2794.9144276411735,99.07773581968665,23,2524.3585579799806,105.38261028255748,23,2621.283998817985,90.1181041074906,-1.9244911120708252e-05,0.0029529751562274754,-1.9919907236598533e-05,0.005994853794661921,0.011651018988174222,0.005753517713597016,-0.00303545485959944,-0.01597889660366213,,,,,,,,,,,,,,,,
4.1000000000000005,0.001480629038337889,-6.336411243236528e-07,-0.0012420096969622263,0.0002489185620017872,0.00016935276222952697,0.00025008296306109327,-0.0009222391939432302,0.0003956295184020166,-0.01964369296022653,22,4119.440072886403,108.57327978511925,22,3941.2631909231136,85.42369412104657,19,2333.7263798787703,97.14616238701716,19,2413.7752344763967,86.03633613661003,19,2085.335772651031,87.36926965574833,22,2507.304637641823,86.59554281198804,-1.921871347043691e-05,0.0029386008665348816,-1.9883471104265027e-05,0.005986833068299641,0.011705666971753459,0.005793506024381742,-0.0031823314600831765,-0.01619559944828639,,,,,,,,,,,,,,,,
4.1000000000000005,0.0014817839107120583,-6.324521302563876e-07,-0.0012420100815031532,0.00024891352195831974,0.00016935388780204473,0.0002501272058182706,-0.0009225443097642043,0.00039563009885748264,-0.019641877409727015,20,3744.9288488387756,98.75850227414313,20,3582.9502786072403,77.75682907536185,20,2456.5499508434136,102.48128852081008,20,2540.808862839903,90.79394649113257,20,2195.087869498212,92.16772498288815,17,1937.4583615429433,67.0805091544662,-1.9214348033536055e-05,0.0029366425486032424,-1.3888797764316507e-05,0.005985776306650268,0.011714516489615079,0.005792678666850421,-0.0032070492232101344,-0.016232014366397013,,,,,,,,,,,,,,,,
4.1000000000000005,0.0014854321640523811,-6.286392691965195e-07,-0.0012420114115533898,0.0002488972613789628,0.00016935298823373275,0.0002502608181314821,-0.0009235954791206459,0.0003956290362853328,-0.019634954613409278,20,3744.9288488387756,98.75850227414313,20,3582.9502786072403,77.75682907536185,20,2456.5499508434136,102.48128852081008,20,2540.808862839903,90.79394649113257,20,2195.087869498212,92.16772498288815,17,1937.4583615429433,67.0805091544662,-1.9209809286380164e-05,0.0029339466590872706,1.5819868892208433e-05,0.005984408885763189,0.011723293522842404,0.005806490615421841,-0.0032318331182761284,-0.016266880302861275,,,,,,,,,,,,,,,,
4.2,0.0015005740116009227,-6.127469615981387e-07,-0.0012420169201741715,0.0002488293628827156,0.00016935412284689146,0.0002508288628964092,-0.0009278641892742536,0.0003956263399845473,-0.01960569214871804,22,4119.350259173922,108.85745820257142,22,3941.175505870296,85.9543911748632,23,2825.0129822504355,118.90659004930524,23,2921.8959847485535,105.50124739748223,23,2524.3399904404882,106.93838073513676,21,2393.307837600196,83.7452589951401,-1.9175460534093247e-05,0.0029148475628444394,-1.3877866402722816e-05,0.005973564699753818,0.011791086263382766,0.005864665075552661,-0.0034322761986889105,-0.01655468787323917,,,,,,,,,,,,,,,,
4.2,0.0015018841616849452,-6.113589367997413e-07,-0.0012420174217533109,0.000248823311772252,0.00016935311898440752,0.00025087642217872864,-0.0009282467948922009,0.00039562475038962784,-0.019603058823071163,23,4306.573066214479,113.86776118111946,25,4478.585438463622,97.81606926582921,24,2947.8340663277777,124.38870693401866,24,3048.9248658813663,110.41133841335993,24,2634.090334982598,111.86816277251144,24,2735.201591444109,95.97698751568994,-1.917104056925467e-05,0.0029122915935136003,1.5838511512988873e-05,0.005972200585681495,0.01179925186799391,0.005876690785655838,-0.0034576055835948694,-0.016589193378082043,,,,,,,,,,,,,,,,
4.300000000000001,0.0015192502395171663,-5.930139944610932e-07,-0.0012420235618270103,0.0002487446777083354,0.00016935440787245917,0.00025154541295087737,-0.0009325564722095574,0.00039562013830786186,-0.01956871006953366,19,3557.5409564310235,94.25263746578914,19,3403.6635617118873,74.7171032276175,19,2333.6858374317835,99.3082914425789,19,2413.704168240871,88.27402613849794,20,2195.0658636723783,94.01890028306994,20,2279.3130630405108,80.79579549228066,-1.9129088186353727e-05,0.002887453266641145,-1.975656183361707e-05,0.005958147676819516,0.011878023210570632,0.005984308257001896,-0.003713315937849515,-0.016941157249355965,,,,,,,,,,,,,,,,
4.300000000000001,0.0015203454152272061,-5.918477699387581e-07,-0.0012420239453308501,0.0002487396307899856,0.0001693540677595023,0.0002515871070002088,-0.0009328521826920964,0.0003956186126205948,-0.01956650809594196,19,3557.5409564310235,94.25263746578914,19,3403.6635617118873,74.7171032276175,19,2333.6858374317835,99.3082914425789,19,2413.704168240871,88.27402613849794,20,2195.0658636723783,94.01890028306994,20,2279.3130630405108,80.79579549228066,-1.9129088186353727e-05,0.002887453266641145,-1.975656183361707e-05,0.005958147676819516,0.011878023210570632,0.005984308257001896,-0.003713315937849515,-0.016941157249355965,,,,,,,,,,,,,,,,
4.300000000000001,0.0015210729396087017,-5.911063014349752e-07,-0.0012420241591271919,0.0002487364019772437,0.00016935576246865123,0.0002516178227628341,-0.0009331241617711591,0.00039561834593545534,-0.019565024966184015,19,3557.5270120843898,94.29991495116323,19,3403.6497696789347,74.81166533433877,20,2456.507203587828,104.7468063669973,20,2540.734078003449,93.1383220467165,19,2085.3102750295566,89.50092800904594,19,2165.3425682099905,76.93717305571856,-1.9125371169437244e-05,0.0028853695120363565,-1.3863518272927422e-05,0.005957102654883542,0.011885577333013764,0.005985439192700861,-0.003739157088288536,-0.016976889947641814,,,,,,,,,,,,,,,,
4.4,0.0015371209666879063,-5.740437147147212e-07,-0.001242029961226715,0.0002486624661909142,0.00016935586497159182,0.00025224827990956737,-0.0009368129683057233,0.0003956034879413846,-0.019532371397806978,13,2434.0459407098597,64.66291979630667,14,2507.8963513045055,55.47289467511332,11,1351.0678523639863,58.199852632169666,11,1397.384001020116,51.835955149221476,11,1207.2784786333066,52.34321272494684,11,1253.6043832449943,45.087218078645854,-1.9088622290830415e-05,0.002864102755234837,-1.3852854329421405e-05,0.005944600797915723,0.011951452302890964,0.006067196013983244,-0.0039733846328733335,-0.017291735890083967,,,,,,,,,,,,,,,,
4.4,0.0015413949130075842,-5.694980428636379e-07,-0.0012420315903981516,0.00024864265172426075,0.00016935777015018936,0.0002524221177339375,-0.0009376482688060099,0.00039560345290565006,-0.019523684006539335,20,3744.6733471091134,99.52401338463898,19,3403.5611836762337,75.37071990078492,19,2333.660097236287,100.67627019332514,21,2667.727402551364,99.14322940811643,21,2304.8026266666798,100.08489032955653,21,2393.241398450461,86.21413210602789,-1.908037011943975e-05,0.002858884271499336,-1.968309059385831e-05,0.005941447848095544,0.011965603648886436,0.006099099437171698,-0.004025805337930066,-0.017359469079213243,,,,,,,,,,,,,,,,
4.5,0.0015553290454762767,-5.546067225054019e-07,-0.0012420369831203648,0.0002485766276882693,0.0001693570866467481,0.0002529793136896403,-0.0009403946716733982,0.00039557905512751373,-0.01949461760439268,20,3744.6238297410446,99.66418590262731,20,3582.6446036749076,79.6660699372125,20,2456.4730646653593,106.63775358964588,20,2540.6715411994865,95.09863764864392,20,2195.0423228062036,95.90914855817996,20,2279.2596634149363,82.71539895649666,-1.9047603140087688e-05,0.002839728607413553,1.5903203092193507e-05,0.0059304786101139016,0.012020604697399406,0.00619502647259558,-0.004236627781628144,-0.01763141551492143,,,,,,,,,,,,,,,,
4.5,0.001555853851180098,-5.540673525174927e-07,-0.0012420371730324509,0.00024857417795520563,0.000169357637900867,0.0002530020602875546,-0.0009403802482613264,0.0003955785449502574,-0.01949342646502414,19,3557.3782514678005,94.72528765193827,20,3582.6446036749076,79.6660699372125,20,2456.4730646653593,106.63775358964588,20,2540.6715411994865,95.09863764864392,20,2195.0423228062036,95.90914855817996,20,2279.2596634149363,82.71539895649666,-1.9047603140087688e-05,0.002839728607413553,1.5903203092193507e-05,0.0059304786101139016,0.012020604697399406,0.00619502647259558,-0.004236627781628144,-0.01763141551492143,,,,,,,,,,,,,,,,
4.5,0.0015565532779492908,-5.533218101700169e-07,-0.0012420374458471661,0.0002485708818983112,0.0001693577846598201,0.0002530312904774616,-0.0009406171084291895,0.00039558197906458125,-0.019492126330411367,19,3557.3782514678005,94.72528765193827,19,3403.4975383349556,75.784024860713,20,2456.469243314199,106.84636491850623,20,2540.664636422067,95.31369121583626,20,2195.040455629185,96.09322994362849,20,2279.2550919331743,82.89610730796957,-1.9044006815072123e-05,0.0028373464815660485,-1.9628751676492584e-05,0.005928758387680562,0.012027303536516598,0.006204359560524245,-0.004263102065419133,-0.017666240321549797,,,,,,,,,,,,,,,,
4.6000000000000005,0.0015742402365289294,-5.344672989937224e-07,-0.0012420442683115096,0.0002484862608780348,0.00016935967645620496,0.0002537565367112856,-0.0009435282015380804,0.0003955483388674271,-0.019454603116283758,19,3557.317359508994,94.89531096963739,19,3403.433645822905,76.20668956537835,19,2333.631860667242,102.3083743783949,20,2540.6364139895445,96.19859567330955,21,2304.782304164053,101.70995788956971,21,2393.193991987716,87.86813500928406,-1.9004190130011978e-05,0.002814268598920054,-1.3828312812158572e-05,0.0059147394935051365,0.012092697572940736,0.006314935273401845,-0.004528768051255128,-0.01800109039396072,,,,,,,,,,,,,,,,
4.6000000000000005,0.00157458527384648,-5.340796042077253e-07,-0.0012420444289405475,0.0002484845611877334,0.00016935886509088888,0.0002537691855220858,-0.0009434533321562594,0.00039554771143544875,-0.019453867250434673,23,4306.207264352434,114.92145514108277,23,4119.92629004148,92.37721567076106,23,2824.918267069293,124.09332018945182,22,2794.69186842736,106.06292766229376,24,2634.0341002359646,116.4853850502748,24,2735.0714685259104,100.67789725303537,-1.9000301205274184e-05,0.002811899241649596,1.593013967315926e-05,0.005913196979108297,0.012099112420107083,0.00632937323078921,-0.004555391087194494,-0.018032742689526874,,,,,,,,,,,,,,,,
4.7,0.0015918380983461385,-5.157289099024659e-07,-0.0012420511652959376,0.0002484012585633243,0.00016936122666294425,0.0002544879470306533,-0.0009456465572146523,0.0003955162090598346,-0.019417044588948294,18,3370.0053268826646,90.12355015770679,18,3224.2165219401677,72.78818767818606,18,2210.7894044817635,98.02897309210715,20,2540.5943850980775,97.48123196115242,20,2195.0175717248685,97.97222004267653,20,2279.200216066223,84.80797678333239,-1.8969881995012372e-05,0.002794071769077002,-1.3818132431175911e-05,0.005901724517497183,0.012149267022217636,0.006410372051104561,-0.0047690395979014255,-0.01829658067054666,,,,,,,,,,,,,,,,
4.7,0.0015945487931907296,-5.128448786854978e-07,-0.0012420521365860693,0.00024838813313545366,0.00016936366773733828,0.0002546040681133247,-0.0009460420175136678,0.0003955098404819974,-0.01941169376103308,20,3744.4373172523556,100.18896584567018,20,3582.4489723161687,80.99436427461904,20,2456.4288980015103,109.1170426936819,18,2286.5290215316736,87.91139605759268,18,1975.513725661871,88.33028912669617,19,2165.2346753772595,80.74607864730497,-1.8961974216580302e-05,0.002789406206266623,-1.9502809332827553e-05,0.0058983887897975755,0.01216163871292597,0.006439897388138098,-0.004822485909496521,-0.018359342868033174,,,,,,,,,,,,,,,,
4.7,0.0015975949139316777,-5.096182270443103e-07,-0.00124205333624533,0.00024837326282820053,0.00016936356775986263,0.00025473113818293836,-0.0009463446446622842,0.0003955037482198892,-0.01940504856057904,20,3744.4373172523556,100.18896584567018,20,3582.4489723161687,80.99436427461904,20,2456.4288980015103,109.1170426936819,18,2286.5290215316736,87.91139605759268,18,1975.513725661871,88.33028912669617,19,2165.2346753772595,80.74607864730497,-1.8953889558304127e-05,0.0027851571035137877,1.5957997235638288e-05,0.0058957977163007855,0.012173892761931704,0.006460016198348012,-0.004875992175955801,-0.018422844703634547,,,,,,,,,,,,,,,,
4.800000000000001,0.0016058657703732875,-5.008958129069929e-07,-0.0012420566409100942,0.0002483327725787069,0.0001693629174187373,0.00025507861024210376,-0.0009469655339420375,0.00039547928103182695,-0.019386764169620867,11,2059.416643258984,55.16033320123243,11,1970.321581068597,44.71077723843734,11,1351.0304288835132,60.31897825490381,11,1397.3129268160933,54.035012333554896,20,2195.008984969489,98.67507213607054,19,2165.2198055318195,81.25953500013097,-1.8934541741622013e-05,0.002774377891235677,-1.3807913171071107e-05,0.005888452130464801,0.012204356052516019,0.006510119132936122,-0.005009689121083127,-0.01858188768084175,,,,,,,,,,,,,,,,
4.800000000000001,0.0016060340625944462,-5.007077298231633e-07,-0.0012420567116027403,0.0002483319620810855,0.00016936323119914122,0.00025508528918599384,-0.0009468841451022233,0.0003954801521891863,-0.01938635027039274,11,2059.416643258984,55.16033320123243,11,1970.321581068597,44.71077723843734,11,1351.0304288835132,60.31897825490381,11,1397.3129268160933,54.035012333554896,20,2195.008984969489,98.67507213607054,19,2165.2198055318195,81.25953500013097,-1.8934541741622013e-05,0.002774377891235677,-1.3807913171071107e-05,0.005888452130464801,0.012204356052516019,0.006510119132936122,-0.005009689121083127,-0.01858188768084175,,,,,,,,,,,,,,,,
4.9,0.0016255485438974038,-4.802557333179538e-07,-0.0012420644084397414,0.0002482359474293827,0.00016936602505952786,0.00025591140928826387,-0.0009471302328619549,0.00039543443171951177,-0.0193443207646167,12,2246.572425117341,60.348945303716846,12,2149.3732142347194,49.2490004076985,12,1473.8362128137564,66.64167122878413,12,1524.312074434681,59.819657678595206,20,2194.995766247377,99.75648997122615,20,2279.145929460608,86.63651137973766,-1.8893228942218343e-05,0.0027511484618494148,-1.9406087457873866e-05,0.005871420315706213,0.012271343916335553,0.0066373002533817605,-0.005302633831549386,-0.018910600101218315,,,,,,,,,,,,,,,,
4.9,0.0016284102556802134,-4.773128722919059e-07,-0.0012420655517065282,0.0002482218709993911,0.0001693665960370388,0.00025603436214907433,-0.0009469673450773586,0.0003954303348423693,-0.019338059240351063,12,2246.572425117341,60.348945303716846,12,2149.3732142347194,49.2490004076985,12,1473.8362128137564,66.64167122878413,12,1524.312074434681,59.819657678595206,21,2304.743120495776,104.93882535506646,23,2621.011297534324,99.85313732481131,-1.8881519221025655e-05,0.0027451297086503283,-1.3793301216757925e-05,0.005866733565177784,0.012289852980550187,0.006674011200378633,-0.005381997313939735,-0.01899381583929269,,,,,,,,,,,,,,,,
4.9,0.0016311055383697835,-4.745291690413586e-07,-0.0012420666107284817,0.00024820844011891785,0.0001693663878273486,0.0002561470992976845,-0.0009468810269917216,0.0003954213101384557,-0.019332267266792037,19,3557.0623517016666,95.58792167593388,19,3403.162941618305,78.06545078930985,19,2333.571337502816,105.66211367191566,19,2413.4889567254972,94.86708069204502,9,987.746314915487,45.034577785551065,7,797.6974949983403,30.43988303352603,-1.887365808350694e-05,0.002741290779683641,-2.3872436641703132e-05,0.00586383472810883,0.012302283539622039,0.006696285804780169,-0.0054347441548721065,-0.019050421579919256,,,,,,,,,,,,,,,,
5.0,0.0016385319852020089,-4.668784917352675e-07,-0.0012420695940103532,0.0002481716729916306,0.00016936663024804324,0.0002564589381367873,-0.0009461373408945263,0.00039540139652786055,-0.019316209810012086,20,3744.2435843904063,100.70414704970347,20,3582.2418196662584,82.4081398352203,20,2456.3832793316624,111.64718884471078,20,2540.499784460391,100.30100486070374,19,2085.23806143445,95.39764832131128,19,2165.16930359969,82.9421855865504,-1.885842955129391e-05,0.002733461972588617,-2.3842984337996143e-05,0.005857254080992972,0.012327504611507223,0.006743807359690792,-0.005539716028756914,-0.019157046153472065,,,,,,,,,,,,,,,,
5.0,0.0016386999285500567,-4.6671651529606173e-07,-0.0012420696362487882,0.00024817088574283116,0.000169367777293532,0.0002564671311442353,-0.0009461896697656308,0.00039540116615543737,-0.01931581961083564,20,3744.2435843904063,100.70414704970347,20,3582.2418196662584,82.4081398352203,20,2456.3832793316624,111.64718884471078,20,2540.499784460391,100.30100486070374,19,2085.23806143445,95.39764832131128,19,2165.16930359969,82.9421855865504,-1.885842955129391e-05,0.002733461972588617,-2.3842984337996143e-05,0.005857254080992972,0.012327504611507223,0.006743807359690792,-0.005539716028756914,-0.019157046153472065,,,,,,,,,,,,,,,,
5.1000000000000005,0.0016555772689972673,-4.496855554210477e-07,-0.0012420764757695435,0.00024808725957458684,0.00016936689404882806,0.0002571687924929027,-0.0009432449225606905,0.00039536256955427507,-0.019279644791252704,20,3744.1672549171403,100.92791892404011,20,3582.1608790082896,82.9704383556284,20,2456.3645122511175,112.66418823569839,20,2540.463285330738,101.3586176185791,20,2194.975686832267,101.32849785988643,20,2279.0966669383397,88.23620359610315,-1.8820818494802438e-05,0.0027147487724464535,-1.3774639404218192e-05,0.0058411768135690975,0.012393673531918559,0.006870750142930128,-0.005798093285605432,-0.019398217235812507,,,,,,,,,,,,,,,,
5.1000000000000005,0.0016562669043765112,-4.489995520488843e-07,-0.0012420767698737845,0.000248083878010161,0.00016936681119488506,0.000257196583365669,-0.000942997565918537,0.00039535831081069094,-0.019277986395776516,20,3744.1672549171403,100.92791892404011,20,3582.1608790082896,82.9704383556284,20,2456.3645122511175,112.66418823569839,20,2540.463285330738,101.3586176185791,20,2194.975686832267,101.32849785988643,20,2279.0966669383397,88.23620359610315,-1.8820818494802438e-05,0.0027147487724464535,-1.3774639404218192e-05,0.0058411768135690975,0.012393673531918559,0.006870750142930128,-0.005798093285605432,-0.019398217235812507,,,,,,,,,,,,,,,,
5.1000000000000005,0.0016566116374612597,-4.48669088426272e-07,-0.0012420769141295585,0.0002480822128343885,0.00016936694549908485,0.0002572116652618568,-0.0009429485972180599,0.0003953602345222924,-0.019277296033029506,20,3744.1672549171403,100.92791892404011,20,3582.1608790082896,82.9704383556284,20,2456.3645122511175,112.66418823569839,20,2540.463285330738,101.3586176185791,20,2194.975686832267,101.32849785988643,20,2279.0966669383397,88.23620359610315,-1.8820818494802438e-05,0.0027147487724464535,-1.3774639404218192e-05,0.0058411768135690975,0.012393673531918559,0.006870750142930128,-0.005798093285605432,-0.019398217235812507,,,,,,,,,,,,,,,,
5.2,0.0016747833155946433,-4.3096932987769787e-07,-0.0012420842039881919,0.0002479938869196041,0.0001693710994446535,0.00025795373547107277,-0.0009377414163327257,0.0003953261490142956,-0.019239785020405326,20,3744.086852847371,101.16885874880222,19,3402.972713066336,79.34882379188075,19,2333.5276211401306,108.04027348629458,19,2413.404143408672,97.3437730351774,19,2085.214936565968,97.16678846122,19,2165.113196497495,84.7510887204061,-1.8778944445685397e-05,0.002694061867728633,1.541056873932689e-05,0.0058222380746852515,0.012474458836472913,0.007035925497775222,-0.0060728478566698385,-0.019620927374858096,,,,,,,,,,,,,,,,
5.2,0.0016751375191361023,-4.306487340153403e-07,-0.0012420843219069777,0.0002479922047657646,0.00016937194405061012,0.0002579690417921832,-0.0009377051311970113,0.00039532344039339357,-0.019238982790513816,20,3744.086852847371,101.16885874880222,19,3402.972713066336,79.34882379188075,19,2333.5276211401306,108.04027348629458,19,2413.404143408672,97.3437730351774,19,2085.214936565968,97.16678846122,19,2165.113196497495,84.7510887204061,-1.8778944445685397e-05,0.002694061867728633,1.541056873932689e-05,0.0058222380746852515,0.012474458836472913,0.007035925497775222,-0.0060728478566698385,-0.019620927374858096,,,,,,,,,,,,,,,,
5.300000000000001,0.00169225362978314,-4.146566604072699e-07,-0.0012420911037345495,0.00024791136053195343,0.00016937621870469422,0.00025864613415723476,-0.0009320677118695125,0.0003953039783084968,-0.019204715013989022,20,3744.009808936621,101.43569283596354,20,3581.996957278007,84.04844615083952,20,2456.325004708968,114.78214696957771,20,2540.3881139796235,103.5660926992454,20,2194.947805835586,103.23033572477166,20,2279.034912376838,90.17188391603024,-1.874558729220155e-05,0.0026706918346392876,-1.9247021144863652e-05,0.00580517021619292,0.012557193240014364,0.007220860265654844,-0.006311947569964005,-0.019799878772307253,,,,,,,,,,,,,,,,
5.300000000000001,0.0016942703649037438,-4.12809531406301e-07,-0.0012420919184541745,0.0002479020878777062,0.00016937541567586586,0.0002587228960419681,-0.0009314537902752921,0.000395301530899797,-0.01920069567375478,21,3931.1943618748105,106.57376427685048,21,3761.079711481315,88.3668607721843,21,2579.1371026485285,120.7542624174272,21,2667.399867319153,108.98700810746853,21,2304.6909787620725,108.60154341957329,21,2392.97856769232,94.9067229978821,-1.8745544221765442e-05,0.002666117934008623,-2.361623299496074e-05,0.00580351430873405,0.012565918040722934,0.007246499382756989,-0.006335273150574139,-0.019818235989217465,,,,,,,,,,,,,,,,
5.300000000000001,0.0016975796497414042,-4.098460508437929e-07,-0.001242093155410573,0.0002478874471755883,0.00016937753161876313,0.0002588530928246357,-0.0009306871174187755,0.00039530258827831207,-0.019194151408788298,19,3556.7801746829796,96.47806638476084,19,3402.865791915887,80.0481000889724,20,2456.316808375123,115.22800288807267,20,2540.3735761094545,104.02927635112619,20,2194.9396253290615,103.62785901373589,20,2279.020535952488,90.58142751134189,-1.8743709899737837e-05,0.002658360021366213,1.3747683794029797e-05,0.005800200042533919,0.012583580526279725,0.007287250878246138,-0.006381654815104554,-0.019856026785217317,,,,,,,,,,,,,,,,
5.4,0.0017107426924877107,-3.981488750828127e-07,-0.0012420979997747328,0.0002478303237660238,0.00016938074236638975,0.0002593599311593505,-0.0009284697462750793,0.00039531156518352083,-0.019168491612475944,11,2059.165504396668,55.94174964150177,11,1970.0561505170274,46.49803421027392,11,1350.967380162185,63.69711576209682,11,1397.1944356056563,57.551826825166195,21,2304.673805424275,109.41446328934182,21,2392.950102935587,95.74149300487873,-1.8735293974003753e-05,0.0026359643664645854,-1.3793747971391213e-05,0.005790577341307087,0.012637849092173248,0.007399167318736438,-0.006519019383009805,-0.019979951010139455,,,,,,,,,,,,,,,,
5.4,0.0017111158004933479,-3.9780872077965074e-07,-0.0012420981449217383,0.00024782869881879803,0.00016938064679724983,0.0002593736763508674,-0.0009284425316865401,0.0003953144176376431,-0.019167867247128368,11,2059.165504396668,55.94174964150177,11,1970.0561505170274,46.49803421027392,11,1350.967380162185,63.69711576209682,11,1397.1944356056563,57.551826825166195,21,2304.673805424275,109.41446328934182,21,2392.950102935587,95.74149300487873,-1.8733272709070548e-05,0.0026325565944072746,-1.379235210574592e-05,0.005788920192792108,0.012647060340913896,0.007416897757960433,-0.006541674928977059,-0.020000024897900363,,,,,,,,,,,,,,,,
5.5,0.0017287471633174317,-3.82363656352587e-07,-0.0012421045839617895,0.0002477518205937153,0.00016938564636374452,0.0002600472201455266,-0.0009262850005416601,0.00039533430437349386,-0.019134217931920515,13,2433.506467654747,66.31657196530405,13,2328.1937876636352,55.30726504124081,13,1596.5811078319086,76.03894430836905,12,1524.1874197436123,63.514669534615635,12,1316.944104482361,63.1265949641085,12,1367.3794743803412,55.32190381423677,-1.871558769384052e-05,0.002602344427550047,-1.3779983115469463e-05,0.005774749282912684,0.012731650626529145,0.007565533278043525,-0.006743024827619237,-0.020191215097183267,,,,,,,,,,,,,,,,
5.5,0.001730256375791113,-3.810413552402317e-07,-0.001242105149594358,0.00024774517273640136,0.00016938538939201554,0.0002601033896316664,-0.0009261305312407916,0.00039533746570376825,-0.019131459052366514,13,2433.506467654747,66.31657196530405,13,2328.1937876636352,55.30726504124081,13,1596.5811078319086,76.03894430836905,12,1524.1874197436123,63.514669534615635,12,1316.944104482361,63.1265949641085,12,1367.3794743803412,55.32190381423677,-1.8713537371262134e-05,0.0025990229026321386,-1.3778633688232844e-05,0.0057729761554284435,0.012741216934731625,0.007581610113089927,-0.006765134564155062,-0.020212547041043513,,,,,,,,,,,,,,,,
5.5,0.0017306330168795937,-3.807254999434531e-07,-0.0012421052682060618,0.00024774358091312417,0.00016938628754438985,0.0002601188197421034,-0.0009261914180472958,0.00039533699459802095,-0.019130662538189878,21,3931.0348050255398,107.17746130089766,21,3760.9138511286337,89.43152049291838,21,2579.0882367572485,123.03189881414308,21,2667.3212870797524,111.35162370227056,21,2304.6484122805896,110.64495183151922,22,2506.855768349287,101.61174306874956,-1.8713537371262134e-05,0.0025990229026321386,-1.3778633688232844e-05,0.0057729761554284435,0.012741216934731625,0.007581610113089927,-0.006765134564155062,-0.020212547041043513,,,,,,,,,,,,,,,,
5.6000000000000005,0.0017473198016750395,-3.6634888316011693e-07,-0.0012421113288081376,0.00024767068093116455,0.00016939005209847435,0.0002607494646380653,-0.0009243655056144469,0.0003953616502273289,-0.019099160452142036,20,3743.779036663533,102.32112091910942,21,3760.845037809083,89.87151060672525,21,2579.066279122995,124.00074492194638,22,2794.2999405352016,117.71359098434311,22,2414.3745404014453,116.83044306362781,22,2506.8238662911617,102.54499545693902,-1.8695207649521706e-05,0.0025697618723480448,-1.376641799666345e-05,0.005758925966550896,0.012828860318946589,0.007725871103061043,-0.006961704655788381,-0.020403008209073415,,,,,,,,,,,,,,,,
5.6000000000000005,0.0017494165863955746,-3.6453260821456973e-07,-0.001242112120226735,0.0002476614388231298,0.00016938905590922353,0.0002608261280885373,-0.0009240906666632442,0.00039536530890966104,-0.019095233898534892,20,3743.779036663533,102.32112091910942,21,3760.845037809083,89.87151060672525,21,2579.066279122995,124.00074492194638,22,2794.2999405352016,117.71359098434311,22,2414.3745404014453,116.83044306362781,22,2506.8238662911617,102.54499545693902,-1.8692851130985844e-05,0.002566765918927738,-1.3765015874689368e-05,0.005757626235827679,0.01283874906200122,0.007740257209755547,-0.006983301887999005,-0.020425160804981003,,,,,,,,,,,,,,,,
5.7,0.001767032978670719,-3.4957813967867457e-07,-0.0012421184300493437,0.0002475846410013252,0.00016939378779466787,0.0002614856680411804,-0.0009224588455849763,0.0003953982962648483,-0.019062363037909966,23,4305.253129783515,118.03920268067161,22,3939.8415531257388,94.7319508118722,23,2824.6592927855604,137.1823081872465,23,2921.2631506613266,124.4851157382612,23,2524.0926400360618,123.36985202300102,19,2164.9473635964273,89.62309489890485,-1.8671476254006336e-05,0.0025349930335425916,-1.375169466921733e-05,0.005741992660196319,0.012939421416920283,0.00790094887629158,-0.007196428246686537,-0.020632040620621364,,,,,,,,,,,,,,,,
5.7,0.0017704947475715854,-3.4667998440908454e-07,-0.0012421196470098483,0.0002475695797054407,0.00016939474256683957,0.00026161618263179564,-0.0009221565056851651,0.0003954071458481712,-0.019056003212729277,13,2433.3861468618124,66.78817659273405,13,2328.0707813242416,56.085639624581894,13,1596.5407315915297,77.78354670816063,13,1651.1396718139417,70.61571979351618,19,2085.115456200781,102.11928874640166,19,2164.9405883293657,89.81289159918776,-1.866988444287898e-05,0.0025318341440585847,-1.3750327471306889e-05,0.0057403413567464045,0.012949637757698085,0.007916986720722,-0.007217491997375092,-0.020652897878014054,,,,,,,,,,,,,,,,
5.7,0.001774154419234602,-3.4360325418605897e-07,-0.0012421209520478704,0.00024755362742497685,0.0001693958214516118,0.00026175222580578837,-0.0009218779733190338,0.0003954140643657631,-0.019049161887283544,13,2433.3861468618124,66.78817659273405,13,2328.0707813242416,56.085639624581894,13,1596.5407315915297,77.78354670816063,13,1651.1396718139417,70.61571979351618,20,2194.8541336469316,107.69475630024884,20,2278.8781695152657,94.73597164458066,-1.8664977612381506e-05,0.0025256867239654285,-1.3747661168572733e-05,0.0057373680229408,0.012970158323636127,0.007948204370398296,-0.007259474758567919,-0.020694068369656496,,,,,,,,,,,,,,,,
5.800000000000001,0.0017871073393158458,-3.3277516656594203e-07,-0.0012421255483188731,0.00024749717520043213,0.0001693985213066986,0.00026223223203846634,-0.000920800997469048,0.0003954465643689754,-0.019025399371708784,20,3743.611272270832,102.99597307482489,16,2865.2680860968608,69.34221475896997,21,2579.009602100354,126.3734648257695,21,2667.1982226575474,114.82429314799761,21,2304.5843095554283,113.64874848942502,21,2392.8013764062835,100.05778509686097,-1.8651398841385003e-05,0.0025071604595053865,-1.373938214754844e-05,0.005728254209433025,0.013032391446876623,0.00804339726571135,-0.007384309315257909,-0.020817053946012583,,,,,,,,,,,,,,,,
5.800000000000001,0.0017900185670831244,-3.303727582580629e-07,-0.0012421265766761336,0.00024748443845994215,0.00016939813612562222,0.00026233986560823136,-0.0009204799005818347,0.0003954518773132212,-0.019019934939639556,25,4679.4918857803395,128.83364614207125,25,4476.960648668525,108.47072284922099,25,3070.2359480077403,151.0042922606725,20,2540.170778622032,109.8545422938078,20,2194.832451030511,108.66634418623292,20,2278.842215399909,95.74202855961622,-1.864760196657045e-05,0.0025009329184998534,-1.3736768961436496e-05,0.0057252570724644295,0.013053366663486443,0.008075056554519672,-0.007425537872585153,-0.0208584707062496,,,,,,,,,,,,,,,,
5.9,0.0018057912130936271,-3.173456063600491e-07,-0.001242132100721216,0.0002474157358431747,0.0001694016197035919,0.00026292134462683916,-0.0009192993947415171,0.0003954993642804837,-0.018991325531600652,15,2807.647913389924,77.50129804452759,14,2507.0529505751647,61.026733367554385,13,1596.507035236678,79.14926338488137,13,1651.0877780198941,72.03661497651895,13,1426.6286118965402,71.17801438199763,13,1481.2272698811094,62.78900421439323,-1.863149082570459e-05,0.0024766091999313157,-1.3726594621843446e-05,0.00571267070906108,0.013138328203661231,0.008202082403626137,-0.007588669740805187,-0.0210184830717301,,,,,,,,,,,,,,,,
5.9,0.0018104806541733194,-3.135052600907601e-07,-0.0012421337169167268,0.00024739538978224416,0.00016940407000633507,0.00026309470357029,-0.0009189599053567486,0.00039550817526176705,-0.018982553666353572,15,2807.647913389924,77.50129804452759,14,2507.0529505751647,61.026733367554385,13,1596.507035236678,79.14926338488137,13,1651.0877780198941,72.03661497651895,13,1426.6286118965402,71.17801438199763,13,1481.2272698811094,62.78900421439323,-1.8624881803042115e-05,0.0024706337800895137,-1.372355136464165e-05,0.005709883145767584,0.01315982041199959,0.00823327908985129,-0.007629022580136535,-0.021059366882804548,,,,,,,,,,,,,,,,
5.9,0.0018112639002270774,-3.1284704172379607e-07,-0.0012421340147485138,0.0002473918985681933,0.0001694034236636658,0.0002631217324387605,-0.0009188057620679756,0.00039550910337068684,-0.01898114856640664,23,4305.042564970745,118.90542619083391,23,4118.712857664923,100.36041380890002,22,2701.775498341921,134.16914024012243,23,2921.1459481265592,127.70053623528685,23,2524.0304413181893,126.14654723895305,23,2620.625138136027,111.30575755069529,-1.862306791711177e-05,0.0024674971854981055,-1.3722284581518807e-05,0.005708119537779787,0.013170602163341094,0.008249949389782343,-0.007649135634752113,-0.021078737542280714,,,,,,,,,,,,,,,,
6.0,0.0018279481917201149,-2.992662655005793e-07,-0.0012421397791680389,0.0002473192290279317,0.00016940702122063975,0.0002637327611922862,-0.000917610041430706,0.00039556588971324954,-0.018951176458980902,20,3743.449342689122,103.6811523264837,20,3581.4229327263565,87.68395533858123,20,2456.134196816397,122.95391137693781,20,2540.0887813153713,112.05901859717531,20,2194.788650881207,110.56908586954454,20,2278.771897546822,97.6792723762148,-1.860335480508013e-05,0.0024403829374581854,-1.3710469580985318e-05,0.005694483398488524,0.01326880328809743,0.008393470091835198,-0.00782816444273493,-0.021256997175030597,,,,,,,,,,,,,,,,
6.0,0.001831296944890471,-2.965367502296562e-07,-0.001242140942228881,0.00024730462592697963,0.00016940754224099706,0.00026385342103136384,-0.0009173338959794487,0.00039557320001845056,-0.01894499099339042,20,3743.449342689122,103.6811523264837,20,3581.4229327263565,87.68395533858123,20,2456.134196816397,122.95391137693781,20,2540.0887813153713,112.05901859717531,20,2194.788650881207,110.56908586954454,20,2278.771897546822,97.6792723762148,-1.8602003786227783e-05,0.0024374756674219074,-1.3709306705855795e-05,0.005693213578185894,0.0132798392935225,0.008408516778394388,-0.007847840040945187,-0.02127755069038921,,,,,,,,,,,,,,,,
6.1000000000000005,0.0018457185643499761,-2.8493332422923484e-07,-0.0012421458836083255,0.00024724182605751166,0.00016941125045654944,0.00026437947365848507,-0.0009163477419605125,0.0003956231642953216,-0.018919161544708938,18,3369.0517471558614,93.53710042563617,18,3223.22769043991,79.23431766411557,18,2210.5004135336676,111.44138192515847,18,2286.049156741919,101.66717136241382,9,987.646119255101,50.12767095535184,9,1025.4333447944355,44.3352455690086,-1.8586304995515945e-05,0.0024166556195806994,-1.3700396431559625e-05,0.005682503306243475,0.013357746346307486,0.00852058796010136,-0.007984428370830798,-0.021413377949388003,,,,,,,,,,,,,,,,
6.1000000000000005,0.0018467089620803172,-2.8414445733988825e-07,-0.0012421462347173284,0.00024723747514474595,0.00016941086302346795,0.00026441540584405714,-0.0009162590440520054,0.00039562443500793247,-0.01891733952920003,24,4492.049724458128,124.80712711681508,24,4297.617486159771,105.77133610824937,18,2210.5004135336676,111.44138192515847,18,2286.049156741919,101.66717136241382,9,987.646119255101,50.12767095535184,9,1025.4333447944355,44.3352455690086,-1.8583231285340673e-05,0.0024136153268200997,-1.3698962674446591e-05,0.005680681700277024,0.013368959893783838,0.008536902667765075,-0.00800379033966081,-0.02143201467723716,,,,,,,,,,,,,,,,
6.1000000000000005,0.0018480957241003813,-2.830146058514782e-07,-0.0012421467108023887,0.0002472314282915697,0.0001694113003892403,0.0002644647682479832,-0.0009162294538487288,0.00039563387166131956,-0.01891498368258434,24,4492.049724458128,124.80712711681508,24,4297.617486159771,105.77133610824937,24,2947.32606870857,148.88643016917686,25,3175.0556281035024,141.53568924445855,25,2743.4555801718934,139.470911813185,25,2848.4161455268536,123.40132301678916,-1.8581133434558694e-05,0.0024108547074444646,-1.3697540207857628e-05,0.005679569459244275,0.013380201943501646,0.008551754457440249,-0.008023102110351843,-0.021452803157763316,,,,,,,,,,,,,,,,
6.2,0.001865976862182664,-2.6875131033544247e-07,-0.0012421527768951557,0.0002471535080885745,0.00016941631455448771,0.0002651123183558581,-0.0009151055943430461,0.0003956986102231885,-0.01888306226056324,22,4117.638969044885,114.7313922140757,22,3939.4092725052014,97.4039268378063,22,2701.6859450858947,137.5857664472254,21,2667.0043296124427,119.98871480155947,21,2304.479399498783,118.10520957627087,21,2392.6331432664683,104.62135959322325,-1.8562189458393163e-05,0.0023871329797873,-1.3687283725083432e-05,0.0056671460360438585,0.013470952902223665,0.00868053561764485,-0.00817615625419954,-0.021605202757347772,,,,,,,,,,,,,,,,
6.2,0.0018663756041172284,-2.68453579504134e-07,-0.0012421529107093932,0.0002471517629419365,0.00016941605818924341,0.0002651276795736121,-0.0009150072898844606,0.0003956955417189251,-0.01888215330073006,22,4117.638969044885,114.7313922140757,22,3939.4092725052014,97.4039268378063,22,2701.6859450858947,137.5857664472254,21,2667.0043296124427,119.98871480155947,21,2304.479399498783,118.10520957627087,21,2392.6331432664683,104.62135959322325,-1.8559749064728237e-05,0.002384461507396969,-1.3685848497146935e-05,0.005666014463010386,0.013482389940525863,0.008694908991945399,-0.008195117712640254,-0.02162578452519663,,,,,,,,,,,,,,,,
6.300000000000001,0.0018851438629800196,-2.5360349784932235e-07,-0.001242159280256866,0.0002470697952390887,0.00016942077466379753,0.00026580300871897834,-0.0009140079713068288,0.00039577370132999937,-0.018848920625507675,17,3181.7446796054005,88.95777687586953,17,3044.021750434697,75.67130529919032,19,2333.2430372923873,119.97143874313791,19,2412.9575591871844,109.75108463299091,19,2084.979496126169,107.88177510750162,19,2164.7231224411935,95.70470788613875,-1.85392853699895e-05,0.00235819002625565,-1.3674427427723401e-05,0.005652322365638195,0.013586243721346314,0.00883871166098579,-0.008364061757150765,-0.02179626574658258,,,,,,,,,,,,,,,,
6.300000000000001,0.001885544437626261,-2.533000572502858e-07,-0.0012421594193533503,0.00024706806157422817,0.00016942056429342393,0.00026581842222132563,0.0002001286003259474,1.7364804346926792e-07,6.515571165059244e-06,17,3181.7446796054005,88.95777687586953,17,3044.021750434697,75.67130529919032,19,2333.2430372923873,119.97143874313791,19,2412.9575591871844,109.75108463299091,19,2084.979496126169,107.88177510750162,19,2164.7231224411935,95.70470788613875,-1.85392853699895e-05,0.00235819002625565,-1.3674427427723401e-05,0.005652322365638195,0.013586243721346314,0.00883871166098579,-0.008364061757150765,-0.02179626574658258,,,,,,,,,,,,,,,,
6.300000000000001,0.0018865448856608576,-2.5249810385857135e-07,-0.0012421597512344285,0.0002470637117697653,0.00016942125913113105,0.0002658540876663765,-0.0009139242351195194,0.000395781926306183,-0.018846638504602064,17,3181.7446796054005,88.95777687586953,17,3044.021750434697,75.67130529919032,19,2333.2430372923873,119.97143874313791,19,2412.9575591871844,109.75108463299091,19,2084.979496126169,107.88177510750162,19,2164.7231224411935,95.70470788613875,-1.8537949627805972e-05,0.002355398739636673,-1.3673380140133418e-05,0.005650854623848749,0.013597886776362422,0.008854861805440564,-0.008382642837666765,-0.02181492898185715,,,,,,,,,,,,,,,,
6.4,0.001905006641730305,-2.3803757373368206e-07,-0.001242165947705709,0.00024698290905997966,0.00016942443220378865,0.0002665157564949715,-0.00091283720102187,0.0003958611804554179,-0.018814160955807756,21,3930.312766546149,110.24439009553093,24,4297.352850272233,107.36891477679882,25,3070.017165055735,159.279008619208,25,3174.8856808888568,145.88837365650133,25,2743.3613442394912,143.22571878543937,26,2962.1985224505115,132.3476704814116,-1.8516071154550673e-05,0.002329742871221639,-1.3661742025661283e-05,0.005637469648761981,0.013703508072129722,0.008997792660086455,-0.008548290984496276,-0.021983436521912987,,,,,,,,,,,,,,,,
6.4,0.0019064135767354815,-2.369369132889515e-07,-0.0012421663990525855,0.00024697677861729774,0.0001694257407018959,0.0002665661781002378,-0.0009127738792063087,0.00039586690669280626,-0.018811613608718743,20,3743.1391441050464,105.0697728925895,17,3043.9446426059035,76.13364996764523,16,1964.8053893224865,102.13590357188976,16,2031.918592712465,93.57393354982837,16,1755.7466598694145,91.84049839340696,15,1708.9543329919632,76.51712341618335,-1.851138944441999e-05,0.002323981236994104,-1.3659379305863695e-05,0.0056343828822787885,0.01372719310836068,0.009028850606520223,-0.008584699942359109,-0.022021118416800593,,,,,,,,,,,,,,,,
6.5,0.0019269769236398386,-2.209723023232843e-07,-0.0012421732418196885,0.0002468867050765478,0.00016943085352282602,0.00026730112745352913,-0.0009117349682170783,0.0003959654880602299,-0.0187757126941661,23,4304.517940635218,121.25722763109529,23,4118.188232309228,103.53716406098818,24,2947.166952227993,154.64806466841364,24,3047.8173239202183,141.86502812486015,22,2414.1202102792276,127.48070976258593,22,2506.417651679193,113.45358956441915,-1.848964703476952e-05,0.0022985100355856908,-1.3648112849651284e-05,0.00562095252707614,0.013834661325714315,0.009171725067212401,-0.008746830964676988,-0.02218725875966928,,,,,,,,,,,,,,,,
6.5,0.0019322364397808649,-2.169317623191419e-07,-0.0012421750082156069,0.00024686352700583686,0.00016943000605248583,0.0002674882945208472,-0.0009115460160552126,0.00039599319583549027,-0.018766612774592486,20,3743.042165521941,105.52136834376842,20,3581.0166149638194,90.13181648983273,19,2333.1666813875395,122.67672194240966,19,2412.8449046575633,112.56680148622378,19,2084.9162598988796,110.30814699242221,19,2164.6243695765656,98.20450120354008,-1.848454353492457e-05,0.002292746581537771,-1.3645529921113564e-05,0.0056177212714140085,0.0138587456189887,0.00920511977189318,-0.008782473332942686,-0.022222244607739028,,,,,,,,,,,,,,,,
6.5,0.0019356748725568827,-2.142707321468873e-07,-0.0012421761168906753,0.00024684851761332555,0.0001694323730863689,0.0002676117289610367,-0.0009113760505292202,0.0003960072693917362,-0.018760607926426077,19,3555.8753619925624,100.31406476367704,19,3401.951307793349,85.71019462139424,19,2333.160315837081,122.89510272580749,19,2412.8356346722744,112.793946337702,19,2084.9111071958605,110.50351399137004,19,2164.6163969764416,98.40515008323445,-1.848028590956119e-05,0.0022872246244083107,-1.3643078702330058e-05,0.005614960462896324,0.013882914755409814,0.00923658892702665,-0.008817958115772129,-0.022259133298106453,,,,,,,,,,,,,,,,
6.6000000000000005,0.001947022376244098,-2.055683232370792e-07,-0.0012421798609246193,0.0002467986335116082,0.00016943449250564466,0.00026801654888818614,-0.0009109344592410152,0.00039606845367157173,-0.018741093952947294,23,4304.442839288464,121.61224310212349,24,4297.162031652611,108.4984788431557,26,3192.725772417391,168.8565889568723,26,3301.7458283446426,155.0625591709198,26,2853.019462580963,151.83180271862392,26,2962.080327140576,135.30517806942152,-1.8466206075373748e-05,0.0022705377673590474,-1.3635655554899984e-05,0.005606069152879159,0.013955776421505917,0.009331553092052722,-0.00892367845866282,-0.022368277591670142,,,,,,,,,,,,,,,,
6.6000000000000005,0.0019478337023346413,-2.0493924642560335e-07,-0.0012421801225272477,0.00024679508763075325,0.00016943492763719597,0.00026804528963527433,-0.0009108578068817754,0.00039607448392622196,-0.018739677427932106,21,3930.1253405789103,111.12575074039056,20,3580.9513900944103,90.51756362537095,18,2210.341647742339,117.14084404207496,18,2285.813836606131,107.6010086618102,18,1975.161468874499,105.32923396500242,17,1936.7367680017028,88.66878551594863,-1.8466206075373748e-05,0.0022705377673590474,-1.3635655554899984e-05,0.005606069152879159,0.013955776421505917,0.009331553092052722,-0.00892367845866282,-0.022368277591670142,,,,,,,,,,,,,,,,
6.7,0.001965309106543616,-1.9158802765876365e-07,-0.0012421858286722487,0.0002467181407216879,0.00016943888662646013,0.0002686657442669446,-0.0009101967145274734,0.00039616959969961075,-0.018709621233872157,21,3930.0474958842196,111.49717093535003,21,3759.922714156423,95.48723316722183,21,2578.696901523811,137.84386662553237,21,2666.7317633107,126.76353166693484,20,2194.5959915062535,118.0465086472595,20,2278.4717325327747,105.34511841066409,-1.844326089273096e-05,0.002242722869130999,-1.3623498847259441e-05,0.005591103401507161,0.01407855185459006,0.009490515388988832,-0.009097222236942315,-0.022547935938991945,,,,,,,,,,,,,,,,
6.7,0.0019769178829752536,-1.827199224424536e-07,-0.0012421896441851266,0.0002466668597232742,0.0001694416156239586,0.000269074479627299,-0.0009096739296904041,0.0003962334235555452,-0.01868957434412101,27,5052.870354165073,143.5866690538076,30,5371.264339246908,136.7257058611788,30,3683.8270377092435,197.7703847504058,30,3809.579564300659,181.97647244049944,30,3291.8731298265943,177.82370984134357,30,3417.675148587249,158.80228158366387,-1.843692756153814e-05,0.0022372891493725004,-1.3620928455360115e-05,0.005588278468418672,0.014103281551989255,0.009521685162707563,-0.009131565718725199,-0.022583868746310118,,,,,,,,,,,,,,,,
6.7,0.0019799761979847584,-1.8041229575549433e-07,-0.0012421906486464462,0.00024665336143109295,0.00016944200789432797,0.00026918383563467814,-0.0009096442970916847,0.000396252292127986,-0.018684428404633496,13,2432.8531664318275,69.18411174406027,10,1790.413786820971,45.62081433731429,10,1227.9386746743364,66.04538221324846,10,1269.854529651502,60.78567633182112,10,1097.2879814365094,59.38423130242662,10,1139.22054276881,53.04334910310192,-1.8431190498269245e-05,0.0022317296837759543,-1.3618317968422389e-05,0.005585334321964071,0.01412807984306319,0.009553009943695276,-0.009165773911258057,-0.022619819613563782,,,,,,,,,,,,,,,,
6.800000000000001,0.001987117562666972,-1.750053022159595e-07,-0.0012421929675272003,0.0002466217790853172,0.00016944346372373362,0.0002694364952434324,-0.0009093757585752276,0.000396295619668637,-0.018672247730942775,22,4117.121083837609,117.15472302781906,22,3938.89667233656,100.44350988178859,23,2824.251859903221,152.1359166471856,23,2920.6551318132147,140.04856779681597,23,2523.7565395630572,136.7912834212471,23,2620.1980964122736,122.2182209306687,-1.8421108824995258e-05,0.0022179273830534446,-1.3612480524116677e-05,0.005577797073391826,0.01419033063061459,0.009633576640045261,-0.009250753370592335,-0.022707795031629487,,,,,,,,,,,,,,,,
6.800000000000001,0.001987320884223775,-1.748583129904807e-07,-0.0012421930170072315,0.0002466209107846952,0.00016944418838877695,0.00026944444039548937,-0.0009094384145248899,0.00039629621870816137,-0.018671879461162187,22,4117.121083837609,117.15472302781906,22,3938.89667233656,100.44350988178859,23,2824.251859903221,152.1359166471856,23,2920.6551318132147,140.04856779681597,23,2523.7565395630572,136.7912834212471,23,2620.1980964122736,122.2182209306687,-1.8417482193555657e-05,0.0022153317263554732,-1.3611203594443566e-05,0.005576505775689014,0.014202822474159937,0.009647864509348065,-0.009267661586001452,-0.02272645203836754,,,,,,,,,,,,,,,,
6.9,0.002007766849278579,-1.5944521013395996e-07,-0.0012421996497797572,0.00024653033956411306,0.0001694487138049485,0.00027016687914093476,-0.0009086741693160882,0.0003964234596417044,-0.01863665148696865,12,2245.645942765783,64.17941805934962,12,2148.434115109852,55.105143596482336,12,1473.495968624588,80.24534669844796,8,1015.8538385988962,49.326644175907035,21,2304.264705379441,126.11734367452492,21,2392.301680583799,112.8509383042312,-1.8392270279221634e-05,0.002188022927307444,-1.3598972889994343e-05,0.005561726240939813,0.014328569986567175,0.009807696553578656,-0.009435014360210658,-0.02290073116726614,,,,,,,,,,,,,,,,
6.9,0.002010223952791816,-1.576025227770922e-07,-0.0012422004411824783,0.00024651944161068726,0.00016944917090295654,0.00027025396775328954,-0.0009085380291068442,0.00039643653597296654,-0.018632831161556816,12,2245.645942765783,64.17941805934962,12,2148.434115109852,55.105143596482336,12,1473.495968624588,80.24534669844796,8,1015.8538385988962,49.326644175907035,19,2084.8049120935657,114.31593316777966,19,2164.4545458706425,102.31441860014573,-1.8389589809153506e-05,0.00218514501749233,-1.3597847630109072e-05,0.0055599549384155265,0.014341222550605437,0.00982420033297329,-0.009451584151928927,-0.022917522270256903,,,,,,,,,,,,,,,,
6.9,0.002011453311040745,-1.566777646502468e-07,-0.0012422008376628546,0.00024651398749958613,0.00016944922889401058,0.0002702971382033543,-0.0009085317984972352,0.00039644624410231427,-0.01863077194538966,12,2245.645942765783,64.17941805934962,12,2148.434115109852,55.105143596482336,12,1473.495968624588,80.24534669844796,8,1015.8538385988962,49.326644175907035,19,2084.8049120935657,114.31593316777966,19,2164.4545458706425,102.31441860014573,-1.8389589809153506e-05,0.00218514501749233,-1.3597847630109072e-05,0.0055599549384155265,0.014341222550605437,0.00982420033297329,-0.009451584151928927,-0.022917522270256903,,,,,,,,,,,,,,,,
7.0,0.0020266207743784397,-1.4531567329393452e-07,-0.0012422057232871209,0.0002464465382129593,0.00016945297943714562,0.0002708322159686976,-0.0009081257926123506,0.00039654153411362554,-0.018604983660550387,21,3929.8111628600177,112.65729921845903,21,3759.692110482586,96.81996076086361,21,2578.5845052559594,141.50424570283104,21,2666.5693055719535,130.57634040935022,22,2413.957570659541,133.29154244217233,22,2506.1694527387126,119.42508591970525,-1.8370829087288598e-05,0.0021663219229174427,-1.3589335408070724e-05,0.00554985240058623,0.014430130407639297,0.009932964563974134,-0.009566801225506794,-0.023040203663292215,,,,,,,,,,,,,,,,
7.0,0.0020286727478072523,-1.4377887175200804e-07,-0.0012422063808891493,0.0002464374122915685,0.00016945339181606952,0.0002709045150781195,-0.0009080341883951488,0.0003965592481067373,-0.018601618950775695,21,3929.8111628600177,112.65729921845903,21,3759.692110482586,96.81996076086361,21,2578.5845052559594,141.50424570283104,21,2666.5693055719535,130.57634040935022,22,2413.957570659541,133.29154244217233,22,2506.1694527387126,119.42508591970525,-1.8366361270949483e-05,0.0021608534755379986,-1.3586967237522174e-05,0.005546837223077113,0.014455653426595383,0.009966048013578213,-0.009599456036770704,-0.023074322561157667,,,,,,,,,,,,,,,,
7.1000000000000005,0.0020473594394987103,-1.2983432044234855e-07,-0.0012422123761991477,0.00024635401966255853,0.0001694578840102495,0.0002715615926541539,-0.0009075933710409557,0.0003966823979215244,-0.018569929726766216,13,2432.6879713424914,70.00373663796182,10,1790.2898864047945,46.331080582482066,10,1227.8771888588192,68.01965439294844,10,1269.7658906556853,62.842966468769866,11,1206.9602761829058,67.27328857183394,11,1253.0571260429551,60.351826893835984,-1.834226826069596e-05,0.0021367052966305387,-1.3576113659929945e-05,0.00553355533893134,0.014571060312056794,0.010106905454868392,-0.009745102176518472,-0.023228800145090656,,,,,,,,,,,,,,,,
7.1000000000000005,0.0020477701706523126,-1.295305958734158e-07,-0.0012422125028939413,0.0002463521685888157,0.00016945821588634316,0.0002715759699704361,-0.0009075186935436021,0.00039668122551876487,-0.018569070134981634,13,2432.6879713424914,70.00373663796182,10,1790.2898864047945,46.331080582482066,10,1227.8771888588192,68.01965439294844,10,1269.7658906556853,62.842966468769866,11,1206.9602761829058,67.27328857183394,11,1253.0571260429551,60.351826893835984,-1.834226826069596e-05,0.0021367052966305387,-1.3576113659929945e-05,0.00553355533893134,0.014571060312056794,0.010106905454868392,-0.009745102176518472,-0.023228800145090656,,,,,,,,,,,,,,,,
7.1000000000000005,0.0020485928805265598,-1.2891142065971084e-07,-0.0012422127805958028,0.0002463484647681129,0.00016945789054679256,0.00027160411159737863,-0.0009075881335442351,0.000396690921580193,-0.01856786174695729,13,2432.6879713424914,70.00373663796182,10,1790.2898864047945,46.331080582482066,10,1227.8771888588192,68.01965439294844,10,1269.7658906556853,62.842966468769866,11,1206.9602761829058,67.27328857183394,11,1253.0571260429551,60.351826893835984,-1.834226826069596e-05,0.0021367052966305387,-1.3576113659929945e-05,0.00553355533893134,0.014571060312056794,0.010106905454868392,-0.009745102176518472,-0.023228800145090656,,,,,,,,,,,,,,,,
7.2,0.002067723002658825,-1.1473276892784434e-07,-0.001242218867135103,0.00024626283098370586,0.00016946259174267244,0.00027227811935783556,-0.0009070731634933357,0.00039682641851071705,-0.01853563534091215,10,1871.2602335027293,54.04145483522698,10,1790.2535169012801,46.536141793618356,10,1227.858298865799,68.60505181357458,11,1396.7125836242858,69.8020233565048,19,2084.7183879377258,117.2395181996191,20,2278.235858298074,110.86649228579327,-1.831625406634174e-05,0.0021101327463193785,-1.3564296208912197e-05,0.005519136776259833,0.01470039600191253,0.010263119976076058,-0.009904363240075043,-0.023399609866934932,,,,,,,,,,,,,,,,
7.2,0.0020683406883237505,-1.1427331479338387e-07,-0.0012422190636054153,0.00024626003606638305,0.00016946276034460948,0.0002722993760998843,-0.0009071413775162494,0.00039682832645902117,-0.01853450413952091,10,1871.2602335027293,54.04145483522698,10,1790.2535169012801,46.536141793618356,10,1227.858298865799,68.60505181357458,11,1396.7125836242858,69.8020233565048,19,2084.7183879377258,117.2395181996191,20,2278.235858298074,110.86649228579327,-1.831625406634174e-05,0.0021101327463193785,-1.3564296208912197e-05,0.005519136776259833,0.01470039600191253,0.010263119976076058,-0.009904363240075043,-0.023399609866934932,,,,,,,,,,,,,,,,
7.300000000000001,0.002088325238174725,-9.952871612376596e-08,-0.001242225405870212,0.0002461701886937052,0.00016946703775781453,0.0002730020585759638,-0.0009067534854874687,0.0003969795587116116,-0.01850112757172951,21,3929.567984974135,113.88891690472147,21,3759.4568963154425,98.15176526835839,21,2578.4621294785074,145.29601311065574,21,2666.3942230311372,134.52807885196566,18,1974.9685627721244,111.9810684825753,18,2050.3711125401596,100.70795714730447,-1.8289828211059955e-05,0.0020835979940791102,-1.3552566120011988e-05,0.005504464845977334,0.01483083964878329,0.010421249021667455,-0.010060994550864066,-0.023566643476022796,,,,,,,,,,,,,,,,
7.300000000000001,0.002089356173873066,-9.876890598534832e-08,-0.0012422257337915965,0.00024616553018866897,0.00016946727073208968,0.00027303807863176036,-0.0009067024263000928,0.00039698674990998003,-0.018499367751071926,21,3929.567984974135,113.88891690472147,21,3759.4568963154425,98.15176526835839,21,2578.4621294785074,145.29601311065574,21,2666.3942230311372,134.52807885196566,18,1974.9685627721244,111.9810684825753,18,2050.3711125401596,100.70795714730447,-1.8289828211059955e-05,0.0020835979940791102,-1.3552566120011988e-05,0.005504464845977334,0.01483083964878329,0.010421249021667455,-0.010060994550864066,-0.023566643476022796,,,,,,,,,,,,,,,,
7.300000000000001,0.0020897690795390438,-9.845282176578624e-08,-0.0012422258796223051,0.00024616363558290513,0.00016946691024350536,0.0002730514303844664,-0.0009066234181297597,0.00039698871491548784,-0.018498611580233828,21,3929.550593798984,113.97866881200693,21,3759.4401272349733,98.24575428248883,21,2578.4531576940053,145.5687540143485,21,2666.3814199689937,134.8124663839919,21,2304.1229100365613,130.87132961231768,21,2392.089365877174,117.72061141582465,-1.828732852171555e-05,0.002080844814060321,-1.3551434517644623e-05,0.00550277061658091,0.014843942248384145,0.01043753420389615,-0.010076516900374699,-0.023582888394103142,,,,,,,,,,,,,,,,
7.4,0.002112876395707307,-8.149781868978245e-08,-0.0012422331588320124,0.0002460592879693064,0.00016947241593564182,0.00027386401951966764,-0.0009063128791102272,0.0003971678861551496,-0.018459996914167356,23,4303.685183790995,125.39406726519816,20,3580.3276935416197,94.07749042885838,20,2455.619735543722,140.1280850819958,20,2539.339948484244,129.94693607497848,22,2413.7968560942204,138.58748781130944,24,2733.740503990371,136.21858239880925,-1.8260727291163903e-05,0.0020546331242553735,-1.3539825440389563e-05,0.005488430573865596,0.014975518732189386,0.010593317900690673,-0.01023036342590089,-0.023749758649819944,,,,,,,,,,,,,,,,
7.4,0.002121341931437065,-7.529121851153342e-08,-0.0012422358225115948,0.00024602091357165724,0.00016947439221587463,0.0002741606307134102,-0.0009061644517740193,0.0003972366465505911,-0.01844596940303447,19,3555.1850800580605,103.75871352819966,19,3401.280717404857,89.54308159608426,19,2332.82179056774,133.62213907546257,20,2539.314319028724,130.5022625152335,21,2304.06316464789,132.78384071426385,21,2392.0005588616846,119.68255902180061,-1.825534545307761e-05,0.002049246973361625,-1.3537535644481125e-05,0.005485252732209055,0.015001950689812915,0.010625939817193676,-0.010260838155479846,-0.023781605539170088,,,,,,,,,,,,,,,,
7.500000000000001,0.0021302238697659646,-6.87985437100927e-08,-0.0012422386155962195,0.0002459805536273725,0.0001694763525937588,0.0002744717835205188,-0.0009060880276918755,0.00039730603500277904,-0.01843105726021436,20,3742.284641929616,109.30048100456169,20,3580.2807350497733,94.33768648252374,20,2455.5936637777813,140.89635725766794,21,2666.2672512894483,137.3053222822555,20,2194.338561249974,126.68848192081464,20,2278.084422781074,114.22706275310745,-1.8236514892855382e-05,0.0020310683178096957,-1.3529475173967853e-05,0.005475308919552963,0.015094753722623366,0.010734484524637062,-0.010366742536414009,-0.023897349162449004,,,,,,,,,,,,,,,,
7.500000000000001,0.0021304307097647704,-6.865937774575004e-08,-0.0012422386817078357,0.00024597963503429296,0.0001694760684828802,0.0002744799538139597,-0.0009061010885609411,0.00039730931883242475,-0.01843077543465102,20,3742.284641929616,109.30048100456169,20,3580.2807350497733,94.33768648252374,20,2455.5936637777813,140.89635725766794,21,2666.2672512894483,137.3053222822555,20,2194.338561249974,126.68848192081464,20,2278.084422781074,114.22706275310745,-1.8236514892855382e-05,0.0020310683178096957,-1.3529475173967853e-05,0.005475308919552963,0.015094753722623366,0.010734484524637062,-0.010366742536414009,-0.023897349162449004,,,,,,,,,,,,,,,,
7.500000000000001,0.002130637153068153,-6.850357374844213e-08,-0.0012422387472171004,0.0002459786831360214,0.00016947630537254572,0.00027448679907472013,-0.0009059759617210891,0.00039731096327221514,-0.018430430295764237,20,3742.284641929616,109.30048100456169,20,3580.2807350497733,94.33768648252374,20,2455.5936637777813,140.89635725766794,21,2666.2672512894483,137.3053222822555,20,2194.338561249974,126.68848192081464,20,2278.084422781074,114.22706275310745,-1.8236514892855382e-05,0.0020310683178096957,-1.3529475173967853e-05,0.005475308919552963,0.015094753722623366,0.010734484524637062,-0.010366742536414009,-0.023897349162449004,,,,,,,,,,,,,,,,
7.6000000000000005,0.002149649855550436,-5.462558823332575e-08,-0.0012422447184756158,0.0002458920190342504,0.0001694800562905457,0.00027515209416731275,-0.0009058126013367861,0.0003974702389986368,-0.018398878417586747,26,4864.86193660338,142.6579101120766,26,4654.261795062567,123.20707224173393,26,3192.2136345038857,184.85859319475665,26,3301.011665336799,171.7370978725485,25,2742.8770990042085,159.79946439465078,25,2847.537372223534,144.2585332159511,-1.820922296680294e-05,0.0020050411079968987,-1.351806223137686e-05,0.005460745567825038,0.015228080100526675,0.010891595767296685,-0.010516041303738177,-0.024059222242089028,,,,,,,,,,,,,,,,
7.6000000000000005,0.002149649855550436,-5.462558823332575e-08,-0.0012422447184756158,0.0002458920190342504,0.0001694800562905457,0.00027515209416731275,-0.0009058126013367861,0.0003974702389986368,-0.018398878417586747,26,4864.86193660338,142.6579101120766,26,4654.261795062567,123.20707224173393,26,3192.2136345038857,184.85859319475665,26,3301.011665336799,171.7370978725485,25,2742.8770990042085,159.79946439465078,25,2847.537372223534,144.2585332159511,-1.820922296680294e-05,0.0020050411079968987,-1.351806223137686e-05,0.005460745567825038,0.015228080100526675,0.010891595767296685,-0.010516041303738177,-0.024059222242089028,,,,,,,,,,,,,,,,
7.7,0.002170531801654576,-3.946206579737155e-08,-0.0012422512244778805,0.0002457964750476197,0.0001694850766257452,0.00027588522778449045,-0.000905592780122718,0.0003976476444494607,-0.01836412707140118,26,4864.76405055986,143.17575461389868,26,4654.168784478262,123.7166769043851,26,3192.160163744869,186.3917160883183,26,3300.936216001989,173.3354919428603,26,2852.547772326079,167.55803827143285,25,2847.473857451922,145.61580312864766,-1.8182129522870127e-05,0.0019790598625714743,-1.3506783636429986e-05,0.005446006870968521,0.01536223575500717,0.011048485010346089,-0.010663063202015266,-0.0242196002969312,,,,,,,,,,,,,,,,
7.7,0.002171772851309421,-3.857190388877746e-08,-0.0012422516139916073,0.0002457907876991977,0.00016948504642522657,0.00027592937745501105,-0.0009055732890650481,0.00039765938086405153,-0.01836210731157036,26,4864.76405055986,143.17575461389868,26,4654.168784478262,123.7166769043851,26,3192.160163744869,186.3917160883183,26,3300.936216001989,173.3354919428603,26,2852.547772326079,167.55803827143285,25,2847.473857451922,145.61580312864766,-1.8182129522870127e-05,0.0019790598625714743,-1.3506783636429986e-05,0.005446006870968521,0.01536223575500717,0.011048485010346089,-0.010663063202015266,-0.0242196002969312,,,,,,,,,,,,,,,,
7.7,0.0021721865208740587,-3.826396632357343e-08,-0.0012422517446793735,0.0002457888949589456,0.00016948520402360493,0.0002759434331106011,-0.000905608558645835,0.0003976647979438302,-0.018361497455822367,26,4864.76405055986,143.17575461389868,26,4654.168784478262,123.7166769043851,26,3192.160163744869,186.3917160883183,26,3300.936216001989,173.3354919428603,26,2852.547772326079,167.55803827143285,25,2847.473857451922,145.61580312864766,-1.8182129522870127e-05,0.0019790598625714743,-1.3506783636429986e-05,0.005446006870968521,0.01536223575500717,0.011048485010346089,-0.010663063202015266,-0.0242196002969312,,,,,,,,,,,,,,,,
7.800000000000001,0.0021924541922713862,-2.3603907550739933e-08,-0.0012422580477457756,0.00024569565732653303,0.00016948948597551042,0.00027665505953309736,-0.0009055345882537912,0.0003978457313825544,-0.018327993137047627,20,3742.0429022228554,110.57858117778568,20,3580.0509350125167,95.59575949190207,20,2455.4616634096665,144.68251229309226,20,2539.116130087876,134.70769715853913,20,2194.2285392550516,130.07172256038567,20,2277.9217691155764,117.70135331324873,-1.815451105446897e-05,0.001953444399558888,-1.3495563094600982e-05,0.005431780879432545,0.015497152167072592,0.01120319219776735,-0.010807895765536202,-0.024379831229813066,,,,,,,,,,,,,,,,
